id_gestion,gestor_id,gestor,mes,id_deudor,segmento,producto,departamento,tramo_mora,canal,usa_kobra,calidad_gestion,sentimiento_cliente,emocion_dominante,tecnicas_usadas,resultado,monto_gestionado,recupero
GE-0000001,G01,Gestor 01,2025-08,KB-108549,Pyme,Microcrédito,Colonia,91-180,WhatsApp,False,64.3,-0.66,enojo,4,No contacto,316920.0,0.0
GE-0000002,G01,Gestor 01,2025-08,KB-102598,Pyme,Préstamo personal,Salto,91-180,WhatsApp,False,61.9,-0.347,frustracion,4,No contacto,133470.0,0.0
GE-0000003,G01,Gestor 01,2025-08,KB-107461,Retail,Préstamo personal,Montevideo,31-60,WhatsApp,False,61.5,-0.04,neutro,4,Pago,24860.0,21914.0
GE-0000004,G01,Gestor 01,2025-08,KB-103843,Pyme,Financiación retail,Montevideo,91-180,Llamada,False,58.0,-0.232,dificultad_economica,4,No contacto,47600.0,0.0
GE-0000005,G01,Gestor 01,2025-08,KB-104596,Retail,Financiación retail,Montevideo,61-90,WhatsApp,False,69.1,-0.327,frustracion,4,Pago,30460.0,28163.0
GE-0000006,G01,Gestor 01,2025-08,KB-103983,Retail,Préstamo personal,Montevideo,31-60,WhatsApp,False,66.5,0.541,intencion_pago,4,Promesa,24960.0,12170.0
GE-0000007,G01,Gestor 01,2025-08,KB-100674,Corporativo,Crédito automotor,Montevideo,91-180,WhatsApp,False,62.2,-0.466,frustracion,3,Pago,1764800.0,1617671.0
GE-0000008,G01,Gestor 01,2025-08,KB-107459,Pyme,Préstamo personal,Tacuarembó,61-90,WhatsApp,False,72.5,0.072,neutro,4,Promesa,193820.0,71011.0
GE-0000009,G01,Gestor 01,2025-08,KB-106342,Retail,Tarjeta de crédito,Montevideo,1-30,WhatsApp,False,71.1,0.5,intencion_pago,4,Promesa,42940.0,24738.0
GE-0000010,G01,Gestor 01,2025-08,KB-102211,Corporativo,Crédito automotor,Montevideo,31-60,WhatsApp,False,55.7,0.538,intencion_pago,3,Sin acuerdo,100040.0,0.0
GE-0000011,G01,Gestor 01,2025-08,KB-108172,Retail,Tarjeta de crédito,Montevideo,61-90,WhatsApp,False,66.0,-0.307,dificultad_economica,4,Pago,58370.0,52177.0
GE-0000012,G01,Gestor 01,2025-08,KB-105551,Retail,Tarjeta de crédito,Maldonado,31-60,Llamada,False,61.7,-0.033,objecion,3,Promesa,17810.0,7627.0
GE-0000013,G01,Gestor 01,2025-08,KB-100273,Pyme,Préstamo personal,Artigas,91-180,Llamada,False,68.3,-0.37,frustracion,3,No contacto,219830.0,0.0
GE-0000014,G01,Gestor 01,2025-08,KB-103111,Retail,Financiación retail,Rocha,61-90,Llamada,False,53.2,-0.254,objecion,3,Sin acuerdo,18830.0,0.0
GE-0000015,G01,Gestor 01,2025-08,KB-102109,Retail,Préstamo personal,Tacuarembó,1-30,Llamada,False,75.1,-0.036,ansiedad,3,Pago,22460.0,22100.0
GE-0000016,G01,Gestor 01,2025-08,KB-109751,Corporativo,Tarjeta de crédito,Canelones,91-180,Llamada,False,62.0,-0.597,frustracion,4,No contacto,448270.0,0.0
GE-0000017,G01,Gestor 01,2025-08,KB-103077,Retail,Microcrédito,Canelones,31-60,Llamada,False,53.2,-0.298,ansiedad,3,Sin acuerdo,14030.0,0.0
GE-0000018,G01,Gestor 01,2025-08,KB-100833,Corporativo,Microcrédito,San José,61-90,WhatsApp,False,62.8,-0.064,objecion,3,Promesa,347280.0,166748.0
GE-0000019,G01,Gestor 01,2025-08,KB-107938,Corporativo,Préstamo personal,Montevideo,180+,Llamada,False,67.6,-0.705,enojo,3,No contacto,1181220.0,0.0
GE-0000020,G01,Gestor 01,2025-08,KB-103522,Retail,Préstamo personal,Rocha,31-60,WhatsApp,False,53.7,-0.158,objecion,1,Promesa,37110.0,20001.0
GE-0000021,G01,Gestor 01,2025-08,KB-104237,Retail,Tarjeta de crédito,Montevideo,1-30,WhatsApp,False,71.4,0.457,neutro,4,Promesa,35960.0,20493.0
GE-0000022,G01,Gestor 01,2025-08,KB-103764,Pyme,Microcrédito,Montevideo,91-180,Llamada,False,66.9,-0.415,frustracion,3,Pago,53970.0,32901.0
GE-0000023,G01,Gestor 01,2025-08,KB-105759,Retail,Financiación retail,Canelones,1-30,WhatsApp,False,66.0,0.406,intencion_pago,2,Promesa,13960.0,8126.0
GE-0000024,G01,Gestor 01,2025-08,KB-101333,Retail,Financiación retail,Rivera,1-30,Llamada,False,67.0,-0.149,ansiedad,4,Sin acuerdo,22320.0,0.0
GE-0000025,G01,Gestor 01,2025-08,KB-106800,Retail,Tarjeta de crédito,Colonia,91-180,Llamada,False,57.0,0.141,objecion,2,Sin acuerdo,9460.0,0.0
GE-0000026,G01,Gestor 01,2025-08,KB-104894,Corporativo,Préstamo personal,Canelones,91-180,Llamada,False,72.2,-0.358,frustracion,4,No contacto,548510.0,0.0
GE-0000027,G01,Gestor 01,2025-08,KB-105006,Pyme,Préstamo personal,Rocha,1-30,Llamada,False,61.1,-0.098,neutro,3,Sin acuerdo,60320.0,0.0
GE-0000028,G01,Gestor 01,2025-08,KB-104326,Retail,Tarjeta de crédito,Durazno,31-60,WhatsApp,False,63.8,0.226,neutro,3,Sin acuerdo,10640.0,0.0
GE-0000029,G01,Gestor 01,2025-08,KB-106231,Retail,Tarjeta de crédito,Montevideo,91-180,Llamada,False,68.2,-0.537,enojo,2,Promesa,21070.0,6614.0
GE-0000030,G01,Gestor 01,2025-08,KB-101719,Corporativo,Préstamo personal,Canelones,1-30,Llamada,False,78.5,0.547,intencion_pago,5,Sin acuerdo,350880.0,0.0
GE-0000031,G01,Gestor 01,2025-08,KB-105714,Retail,Préstamo personal,Montevideo,1-30,Llamada,False,57.6,-0.259,ansiedad,3,Pago,106210.0,98035.0
GE-0000032,G01,Gestor 01,2025-08,KB-104823,Corporativo,Tarjeta de crédito,Canelones,1-30,Llamada,False,76.0,0.657,intencion_pago,2,Promesa,1572620.0,917821.0
GE-0000033,G01,Gestor 01,2025-08,KB-108451,Retail,Tarjeta de crédito,San José,1-30,WhatsApp,False,55.0,0.435,intencion_pago,4,Promesa,44280.0,23987.0
GE-0000034,G01,Gestor 01,2025-08,KB-100461,Pyme,Tarjeta de crédito,Durazno,31-60,Llamada,False,60.9,0.175,neutro,4,Sin acuerdo,1043920.0,0.0
GE-0000035,G01,Gestor 01,2025-08,KB-107537,Corporativo,Préstamo personal,Canelones,91-180,Llamada,False,59.2,-0.275,dificultad_economica,3,Pago,515220.0,510016.0
GE-0000036,G01,Gestor 01,2025-08,KB-109997,Corporativo,Tarjeta de crédito,Montevideo,1-30,Llamada,False,66.6,-0.142,frustracion,2,Sin acuerdo,788240.0,0.0
GE-0000037,G01,Gestor 01,2025-08,KB-106181,Retail,Tarjeta de crédito,Rivera,31-60,Llamada,False,60.0,0.645,intencion_pago,2,Sin acuerdo,8800.0,0.0
GE-0000038,G01,Gestor 01,2025-08,KB-104177,Retail,Cuenta corriente,Colonia,91-180,Llamada,False,63.4,-0.146,objecion,2,Sin acuerdo,8330.0,0.0
GE-0000039,G01,Gestor 01,2025-08,KB-103993,Retail,Microcrédito,Montevideo,31-60,WhatsApp,False,53.0,0.311,intencion_pago,2,Sin acuerdo,15220.0,0.0
GE-0000040,G01,Gestor 01,2025-08,KB-104134,Retail,Tarjeta de crédito,San José,1-30,Llamada,False,55.4,0.068,neutro,4,Pago,18210.0,16659.0
GE-0000041,G01,Gestor 01,2025-08,KB-111018,Retail,Crédito automotor,Montevideo,61-90,Llamada,False,71.0,-0.09,objecion,3,Pago,12520.0,10121.0
GE-0000042,G01,Gestor 01,2025-08,KB-111295,Corporativo,Tarjeta de crédito,Tacuarembó,61-90,Llamada,False,62.6,-0.154,objecion,4,Sin acuerdo,566590.0,0.0
GE-0000043,G01,Gestor 01,2025-08,KB-102451,Retail,Cuenta corriente,Montevideo,61-90,Llamada,False,67.6,0.088,neutro,3,Pago,9000.0,8292.0
GE-0000044,G01,Gestor 01,2025-08,KB-102028,Retail,Préstamo personal,Montevideo,31-60,Llamada,False,87.3,0.825,intencion_pago,5,Pago,25270.0,16687.0
GE-0000045,G01,Gestor 01,2025-08,KB-102998,Retail,Tarjeta de crédito,Montevideo,31-60,Llamada,False,66.8,0.677,intencion_pago,4,Sin acuerdo,7030.0,0.0
GE-0000046,G01,Gestor 01,2025-08,KB-100082,Retail,Tarjeta de crédito,Canelones,31-60,Llamada,False,72.2,-0.472,frustracion,3,Sin acuerdo,36160.0,0.0
GE-0000047,G01,Gestor 01,2025-08,KB-110557,Retail,Financiación retail,Maldonado,31-60,WhatsApp,False,62.4,0.482,intencion_pago,3,Sin acuerdo,9730.0,0.0
GE-0000048,G02,Gestor 02,2025-08,KB-107267,Pyme,Préstamo personal,San José,1-30,Llamada,False,54.1,0.426,intencion_pago,1,Promesa,30850.0,16206.0
GE-0000049,G02,Gestor 02,2025-08,KB-105649,Pyme,Financiación retail,Montevideo,31-60,Llamada,False,40.4,-0.088,neutro,2,No contacto,95030.0,0.0
GE-0000050,G02,Gestor 02,2025-08,KB-109746,Retail,Tarjeta de crédito,Montevideo,91-180,Llamada,False,63.0,0.023,ansiedad,4,Promesa,24050.0,10798.0
GE-0000051,G02,Gestor 02,2025-08,KB-106085,Retail,Tarjeta de crédito,Montevideo,31-60,WhatsApp,False,56.2,-0.255,ansiedad,3,Pago,27310.0,25570.0
GE-0000052,G02,Gestor 02,2025-08,KB-108656,Pyme,Tarjeta de crédito,Canelones,1-30,WhatsApp,False,43.2,-0.057,neutro,3,Pago,83830.0,75034.0
GE-0000053,G02,Gestor 02,2025-08,KB-105893,Retail,Préstamo personal,Montevideo,1-30,WhatsApp,False,58.5,-0.416,frustracion,2,Sin acuerdo,8330.0,0.0
GE-0000054,G02,Gestor 02,2025-08,KB-105909,Retail,Préstamo personal,San José,31-60,WhatsApp,False,57.7,-0.333,ansiedad,3,Sin acuerdo,46050.0,0.0
GE-0000055,G02,Gestor 02,2025-08,KB-104474,Retail,Microcrédito,Montevideo,1-30,Llamada,False,55.1,0.099,neutro,0,Promesa,17500.0,9182.0
GE-0000056,G02,Gestor 02,2025-08,KB-100342,Pyme,Microcrédito,Paysandú,1-30,WhatsApp,False,56.0,-0.218,neutro,2,Pago,301180.0,262397.0
GE-0000057,G02,Gestor 02,2025-08,KB-106292,Retail,Cuenta corriente,Montevideo,31-60,Llamada,False,64.4,0.024,objecion,3,Promesa,21430.0,12249.0
GE-0000058,G02,Gestor 02,2025-08,KB-110510,Retail,Préstamo personal,Maldonado,91-180,Llamada,False,54.5,-0.595,enojo,2,Promesa,32080.0,14429.0
GE-0000059,G02,Gestor 02,2025-08,KB-105994,Retail,Tarjeta de crédito,Montevideo,91-180,Llamada,False,55.7,-0.348,ansiedad,3,No contacto,17300.0,0.0
GE-0000060,G02,Gestor 02,2025-08,KB-109425,Pyme,Tarjeta de crédito,Montevideo,1-30,WhatsApp,False,46.1,-0.168,ansiedad,2,No contacto,459000.0,0.0
GE-0000061,G02,Gestor 02,2025-08,KB-105048,Retail,Microcrédito,Paysandú,91-180,WhatsApp,False,59.4,-0.024,dificultad_economica,3,Pago,53130.0,47411.0
GE-0000062,G02,Gestor 02,2025-08,KB-109966,Retail,Tarjeta de crédito,Lavalleja,1-30,WhatsApp,False,49.0,0.602,intencion_pago,1,Pago,24410.0,21157.0
GE-0000063,G02,Gestor 02,2025-08,KB-110800,Retail,Préstamo personal,Río Negro,1-30,Llamada,False,46.3,0.494,intencion_pago,3,Pago,29490.0,19391.0
GE-0000064,G02,Gestor 02,2025-08,KB-110546,Retail,Cuenta corriente,Montevideo,31-60,WhatsApp,False,53.1,0.071,neutro,3,No contacto,8300.0,0.0
GE-0000065,G02,Gestor 02,2025-08,KB-111050,Pyme,Microcrédito,Montevideo,1-30,WhatsApp,False,53.7,0.496,intencion_pago,3,Pago,30260.0,27607.0
GE-0000066,G02,Gestor 02,2025-08,KB-106326,Retail,Tarjeta de crédito,Montevideo,91-180,Llamada,False,54.2,-0.376,dificultad_economica,3,Pago,9950.0,8701.0
GE-0000067,G02,Gestor 02,2025-08,KB-109615,Corporativo,Préstamo personal,Florida,180+,Llamada,False,59.3,-0.459,dificultad_economica,1,No contacto,786680.0,0.0
GE-0000068,G02,Gestor 02,2025-08,KB-109659,Retail,Tarjeta de crédito,Salto,31-60,Llamada,False,58.6,-0.383,frustracion,4,No contacto,28240.0,0.0
GE-0000069,G02,Gestor 02,2025-08,KB-105869,Retail,Microcrédito,Montevideo,91-180,Llamada,False,46.5,-0.379,dificultad_economica,4,Sin acuerdo,21490.0,0.0
GE-0000070,G02,Gestor 02,2025-08,KB-109616,Retail,Financiación retail,Montevideo,91-180,WhatsApp,False,47.9,-0.767,enojo,2,No contacto,73510.0,0.0
GE-0000071,G02,Gestor 02,2025-08,KB-111832,Retail,Préstamo personal,Lavalleja,61-90,WhatsApp,False,41.6,-0.317,objecion,3,No contacto,36670.0,0.0
GE-0000072,G02,Gestor 02,2025-08,KB-102747,Retail,Financiación retail,Montevideo,91-180,WhatsApp,False,60.1,-0.364,dificultad_economica,2,Promesa,35650.0,18190.0
GE-0000073,G02,Gestor 02,2025-08,KB-108376,Retail,Préstamo personal,Montevideo,180+,WhatsApp,False,51.1,-0.401,frustracion,4,Promesa,17670.0,7606.0
GE-0000074,G02,Gestor 02,2025-08,KB-106806,Retail,Préstamo personal,Rivera,31-60,WhatsApp,False,61.2,0.04,objecion,3,Promesa,21950.0,8102.0
GE-0000075,G02,Gestor 02,2025-08,KB-105984,Corporativo,Préstamo personal,Montevideo,91-180,Llamada,False,68.2,-0.25,dificultad_economica,4,Pago,1834200.0,1752949.0
GE-0000076,G02,Gestor 02,2025-08,KB-109169,Retail,Préstamo personal,Montevideo,180+,Llamada,False,55.3,-0.286,dificultad_economica,2,Promesa,83320.0,29418.0
GE-0000077,G02,Gestor 02,2025-08,KB-104303,Corporativo,Microcrédito,Maldonado,91-180,WhatsApp,False,43.7,-0.417,dificultad_economica,4,Pago,279860.0,249335.0
GE-0000078,G02,Gestor 02,2025-08,KB-101306,Pyme,Tarjeta de crédito,Colonia,91-180,WhatsApp,False,55.4,-0.657,enojo,3,Promesa,44280.0,23361.0
GE-0000079,G02,Gestor 02,2025-08,KB-104462,Pyme,Microcrédito,Treinta y Tres,31-60,WhatsApp,False,61.2,0.057,neutro,6,Promesa,16470.0,9042.0
GE-0000080,G02,Gestor 02,2025-08,KB-100838,Retail,Préstamo personal,Canelones,180+,WhatsApp,False,53.4,0.01,neutro,2,No contacto,31530.0,0.0
GE-0000081,G02,Gestor 02,2025-08,KB-107169,Pyme,Tarjeta de crédito,Montevideo,91-180,Llamada,False,45.8,-0.397,frustracion,3,No contacto,63120.0,0.0
GE-0000082,G02,Gestor 02,2025-08,KB-101046,Retail,Tarjeta de crédito,Montevideo,91-180,Llamada,False,50.4,-0.485,frustracion,3,No contacto,37940.0,0.0
GE-0000083,G02,Gestor 02,2025-08,KB-105291,Retail,Tarjeta de crédito,Montevideo,31-60,Llamada,False,36.7,-0.153,ansiedad,3,Sin acuerdo,83580.0,0.0
GE-0000084,G02,Gestor 02,2025-08,KB-103912,Retail,Préstamo personal,Artigas,31-60,Llamada,False,28.9,-0.265,frustracion,2,Promesa,26460.0,15225.0
GE-0000085,G02,Gestor 02,2025-08,KB-110037,Retail,Préstamo personal,Maldonado,180+,WhatsApp,False,40.2,-0.487,frustracion,2,Sin acuerdo,21030.0,0.0
GE-0000086,G02,Gestor 02,2025-08,KB-108587,Retail,Financiación retail,Paysandú,31-60,Llamada,False,58.0,0.598,intencion_pago,5,Promesa,40140.0,15458.0
GE-0000087,G02,Gestor 02,2025-08,KB-100439,Retail,Tarjeta de crédito,Salto,1-30,WhatsApp,False,63.3,0.685,intencion_pago,3,Pago,5410.0,3900.0
GE-0000088,G02,Gestor 02,2025-08,KB-107380,Retail,Préstamo personal,Montevideo,91-180,WhatsApp,False,54.7,-0.47,frustracion,2,No contacto,22780.0,0.0
GE-0000089,G02,Gestor 02,2025-08,KB-101797,Pyme,Tarjeta de crédito,Maldonado,31-60,Llamada,False,40.1,-0.114,neutro,3,Promesa,102220.0,55310.0
GE-0000090,G02,Gestor 02,2025-08,KB-107135,Pyme,Préstamo personal,Montevideo,1-30,Llamada,False,39.1,-0.175,objecion,2,Sin acuerdo,93680.0,0.0
GE-0000091,G02,Gestor 02,2025-08,KB-102703,Retail,Tarjeta de crédito,Soriano,1-30,WhatsApp,False,54.3,0.556,intencion_pago,3,Sin acuerdo,7820.0,0.0
GE-0000092,G02,Gestor 02,2025-08,KB-111865,Pyme,Préstamo personal,Canelones,1-30,Llamada,False,55.0,-0.135,objecion,2,Promesa,248940.0,130072.0
GE-0000093,G02,Gestor 02,2025-08,KB-100687,Retail,Financiación retail,Canelones,61-90,WhatsApp,False,42.7,-0.098,neutro,1,Promesa,35230.0,19587.0
GE-0000094,G03,Gestor 03,2025-08,KB-104055,Corporativo,Tarjeta de crédito,Montevideo,31-60,WhatsApp,False,62.6,0.152,neutro,3,No contacto,236880.0,0.0
GE-0000095,G03,Gestor 03,2025-08,KB-109494,Pyme,Crédito automotor,Canelones,31-60,Llamada,False,70.3,-0.057,objecion,4,Promesa,153270.0,71823.0
GE-0000096,G03,Gestor 03,2025-08,KB-101799,Retail,Cuenta corriente,Salto,91-180,WhatsApp,False,57.1,0.035,objecion,3,No contacto,38520.0,0.0
GE-0000097,G03,Gestor 03,2025-08,KB-101316,Pyme,Tarjeta de crédito,Montevideo,61-90,WhatsApp,False,59.5,-0.531,frustracion,4,No contacto,318590.0,0.0
GE-0000098,G03,Gestor 03,2025-08,KB-110051,Retail,Tarjeta de crédito,Lavalleja,61-90,Llamada,False,62.1,-0.096,dificultad_economica,2,Promesa,32840.0,14549.0
GE-0000099,G03,Gestor 03,2025-08,KB-105547,Pyme,Financiación retail,Artigas,1-30,WhatsApp,False,55.5,0.427,intencion_pago,2,Sin acuerdo,150210.0,0.0
GE-0000100,G03,Gestor 03,2025-08,KB-106855,Pyme,Préstamo personal,Montevideo,61-90,Llamada,False,54.6,-0.297,ansiedad,4,Promesa,28050.0,14502.0
GE-0000101,G03,Gestor 03,2025-08,KB-103393,Retail,Tarjeta de crédito,Canelones,1-30,WhatsApp,False,73.1,0.019,objecion,2,Pago,14630.0,14463.0
GE-0000102,G03,Gestor 03,2025-08,KB-107960,Pyme,Cuenta corriente,Maldonado,1-30,Llamada,False,70.6,-0.093,ansiedad,3,Promesa,306600.0,166232.0
GE-0000103,G03,Gestor 03,2025-08,KB-103859,Retail,Financiación retail,Salto,61-90,WhatsApp,False,70.7,0.128,objecion,3,Pago,66380.0,49825.0
GE-0000104,G03,Gestor 03,2025-08,KB-100813,Pyme,Tarjeta de crédito,Canelones,91-180,Llamada,False,63.8,-0.345,dificultad_economica,3,Promesa,175880.0,101859.0
GE-0000105,G03,Gestor 03,2025-08,KB-108764,Corporativo,Tarjeta de crédito,Montevideo,91-180,Llamada,False,49.5,-0.147,frustracion,2,No contacto,1521490.0,0.0
GE-0000106,G03,Gestor 03,2025-08,KB-104863,Pyme,Microcrédito,Salto,1-30,Llamada,False,66.5,-0.201,objecion,4,Promesa,82900.0,28937.0
GE-0000107,G03,Gestor 03,2025-08,KB-106491,Pyme,Cuenta corriente,Artigas,61-90,WhatsApp,False,74.3,-0.508,enojo,3,Pago,156690.0,148596.0
GE-0000108,G03,Gestor 03,2025-08,KB-106048,Retail,Microcrédito,San José,31-60,WhatsApp,False,54.9,-0.022,neutro,5,Pago,39710.0,37912.0
GE-0000109,G03,Gestor 03,2025-08,KB-101019,Pyme,Financiación retail,San José,31-60,Llamada,False,59.9,0.538,intencion_pago,2,Promesa,189190.0,112915.0
GE-0000110,G03,Gestor 03,2025-08,KB-111729,Retail,Préstamo personal,Rivera,91-180,Llamada,False,66.2,0.079,neutro,2,Pago,16090.0,15353.0
GE-0000111,G03,Gestor 03,2025-08,KB-100249,Retail,Tarjeta de crédito,Montevideo,1-30,WhatsApp,False,55.1,0.533,intencion_pago,2,Promesa,83730.0,49081.0
GE-0000112,G03,Gestor 03,2025-08,KB-102262,Pyme,Préstamo personal,Maldonado,31-60,WhatsApp,False,70.9,-0.053,neutro,4,Pago,256640.0,182144.0
GE-0000113,G03,Gestor 03,2025-08,KB-104687,Retail,Tarjeta de crédito,Montevideo,61-90,WhatsApp,False,71.8,0.156,neutro,3,Promesa,37590.0,18773.0
GE-0000114,G03,Gestor 03,2025-08,KB-110530,Retail,Microcrédito,Colonia,1-30,Llamada,False,78.8,0.092,neutro,3,Promesa,55890.0,26523.0
GE-0000115,G03,Gestor 03,2025-08,KB-109283,Retail,Microcrédito,Artigas,1-30,Llamada,False,65.1,-0.337,frustracion,3,Pago,24420.0,23641.0
GE-0000116,G03,Gestor 03,2025-08,KB-108347,Pyme,Financiación retail,Canelones,61-90,WhatsApp,False,62.1,-0.368,objecion,2,Promesa,41520.0,19451.0
GE-0000117,G03,Gestor 03,2025-08,KB-100748,Retail,Cuenta corriente,Salto,180+,Llamada,False,77.7,-0.635,enojo,4,Pago,31410.0,20509.0
GE-0000118,G03,Gestor 03,2025-08,KB-108789,Retail,Préstamo personal,Montevideo,91-180,WhatsApp,False,61.5,-0.419,frustracion,4,Pago,32840.0,23383.0
GE-0000119,G03,Gestor 03,2025-08,KB-105103,Retail,Tarjeta de crédito,Canelones,1-30,Llamada,False,60.5,0.477,intencion_pago,2,Promesa,64130.0,24630.0
GE-0000120,G03,Gestor 03,2025-08,KB-104281,Retail,Financiación retail,Montevideo,1-30,Llamada,False,65.9,-0.082,objecion,4,Pago,9660.0,9343.0
GE-0000121,G03,Gestor 03,2025-08,KB-107172,Retail,Financiación retail,Montevideo,91-180,Llamada,False,61.4,-0.259,dificultad_economica,4,Pago,25980.0,19437.0
GE-0000122,G03,Gestor 03,2025-08,KB-107226,Pyme,Financiación retail,Montevideo,61-90,Llamada,False,72.3,0.028,objecion,3,No contacto,106520.0,0.0
GE-0000123,G03,Gestor 03,2025-08,KB-101414,Pyme,Cuenta corriente,Montevideo,91-180,Llamada,False,75.0,-0.42,dificultad_economica,2,Pago,175690.0,116945.0
GE-0000124,G03,Gestor 03,2025-08,KB-105355,Pyme,Financiación retail,San José,31-60,WhatsApp,False,60.6,-0.185,ansiedad,4,Sin acuerdo,78250.0,0.0
GE-0000125,G03,Gestor 03,2025-08,KB-102425,Pyme,Préstamo personal,Maldonado,91-180,Llamada,False,65.8,-0.17,ansiedad,3,Promesa,463610.0,164620.0
GE-0000126,G03,Gestor 03,2025-08,KB-108663,Corporativo,Préstamo personal,Trinidad,31-60,WhatsApp,False,83.0,0.055,neutro,5,Sin acuerdo,1932200.0,0.0
GE-0000127,G03,Gestor 03,2025-08,KB-101119,Retail,Crédito automotor,Rivera,1-30,WhatsApp,False,78.8,0.233,neutro,5,Pago,46780.0,30223.0
GE-0000128,G03,Gestor 03,2025-08,KB-101110,Retail,Tarjeta de crédito,Salto,180+,Llamada,False,69.4,-0.706,enojo,5,No contacto,14020.0,0.0
GE-0000129,G03,Gestor 03,2025-08,KB-106274,Retail,Préstamo personal,Montevideo,180+,Llamada,False,70.8,-0.245,dificultad_economica,4,Sin acuerdo,58820.0,0.0
GE-0000130,G03,Gestor 03,2025-08,KB-105644,Retail,Tarjeta de crédito,Maldonado,61-90,Llamada,False,69.2,-0.56,enojo,3,No contacto,126660.0,0.0
GE-0000131,G03,Gestor 03,2025-08,KB-102123,Retail,Crédito automotor,Canelones,1-30,WhatsApp,False,68.8,-0.05,objecion,3,Promesa,34770.0,17047.0
GE-0000132,G03,Gestor 03,2025-08,KB-100975,Pyme,Crédito automotor,Canelones,31-60,Llamada,False,62.8,-0.025,objecion,4,Sin acuerdo,54120.0,0.0
GE-0000133,G03,Gestor 03,2025-08,KB-109788,Pyme,Microcrédito,Colonia,1-30,Llamada,False,76.7,0.707,intencion_pago,4,Promesa,121150.0,60947.0
GE-0000134,G03,Gestor 03,2025-08,KB-111348,Pyme,Financiación retail,Montevideo,91-180,WhatsApp,False,71.5,0.112,objecion,5,No contacto,255480.0,0.0
GE-0000135,G03,Gestor 03,2025-08,KB-104521,Retail,Tarjeta de crédito,Salto,61-90,WhatsApp,False,66.2,0.057,neutro,3,Promesa,19730.0,7525.0
GE-0000136,G03,Gestor 03,2025-08,KB-110933,Corporativo,Préstamo personal,Montevideo,31-60,Llamada,False,63.7,-0.43,frustracion,3,Pago,520860.0,352667.0
GE-0000137,G03,Gestor 03,2025-08,KB-100449,Retail,Préstamo personal,Florida,91-180,WhatsApp,False,64.9,-0.415,dificultad_economica,1,No contacto,39940.0,0.0
GE-0000138,G03,Gestor 03,2025-08,KB-104879,Pyme,Microcrédito,Maldonado,180+,WhatsApp,False,69.0,-0.209,frustracion,1,No contacto,38480.0,0.0
GE-0000139,G03,Gestor 03,2025-08,KB-110731,Retail,Tarjeta de crédito,Montevideo,61-90,WhatsApp,False,59.7,-0.492,frustracion,2,Pago,10930.0,7689.0
GE-0000140,G03,Gestor 03,2025-08,KB-108845,Corporativo,Préstamo personal,Artigas,31-60,Llamada,False,83.5,0.846,intencion_pago,4,Promesa,3715880.0,1806824.0
GE-0000141,G03,Gestor 03,2025-08,KB-106340,Retail,Crédito automotor,Durazno,61-90,WhatsApp,False,69.8,0.23,ansiedad,4,Promesa,15360.0,5999.0
GE-0000142,G04,Gestor 04,2025-08,KB-105617,Retail,Préstamo personal,Canelones,31-60,WhatsApp,False,66.5,0.536,intencion_pago,4,Pago,22490.0,14681.0
GE-0000143,G04,Gestor 04,2025-08,KB-110427,Pyme,Préstamo personal,Montevideo,91-180,Llamada,False,73.9,-0.251,frustracion,3,Pago,175470.0,119782.0
GE-0000144,G04,Gestor 04,2025-08,KB-103365,Pyme,Préstamo personal,Montevideo,91-180,WhatsApp,False,71.1,-0.145,dificultad_economica,2,Sin acuerdo,55040.0,0.0
GE-0000145,G04,Gestor 04,2025-08,KB-103084,Retail,Préstamo personal,Maldonado,1-30,Llamada,False,70.1,0.43,intencion_pago,4,Promesa,27090.0,13997.0
GE-0000146,G04,Gestor 04,2025-08,KB-103917,Pyme,Financiación retail,Soriano,180+,Llamada,False,54.8,-0.653,enojo,3,No contacto,149150.0,0.0
GE-0000147,G04,Gestor 04,2025-08,KB-105968,Pyme,Financiación retail,Montevideo,1-30,WhatsApp,False,78.0,-0.65,enojo,3,Pago,198040.0,194672.0
GE-0000148,G04,Gestor 04,2025-08,KB-111072,Retail,Cuenta corriente,Montevideo,1-30,Llamada,False,67.0,0.331,intencion_pago,3,Promesa,41940.0,23007.0
GE-0000149,G04,Gestor 04,2025-08,KB-111217,Retail,Préstamo personal,Canelones,31-60,Llamada,False,70.8,0.68,intencion_pago,3,Promesa,31000.0,13830.0
GE-0000150,G04,Gestor 04,2025-08,KB-109091,Pyme,Financiación retail,Montevideo,61-90,Llamada,False,58.2,-0.197,ansiedad,3,Pago,77810.0,76105.0
GE-0000151,G04,Gestor 04,2025-08,KB-102351,Pyme,Tarjeta de crédito,Paysandú,61-90,WhatsApp,False,86.9,-0.419,frustracion,4,Sin acuerdo,66450.0,0.0
GE-0000152,G04,Gestor 04,2025-08,KB-101052,Retail,Microcrédito,Canelones,61-90,Llamada,False,73.6,-0.206,ansiedad,5,No contacto,22280.0,0.0
GE-0000153,G04,Gestor 04,2025-08,KB-111612,Pyme,Financiación retail,Canelones,61-90,WhatsApp,False,62.8,0.227,neutro,1,Pago,78800.0,73197.0
GE-0000154,G04,Gestor 04,2025-08,KB-104555,Corporativo,Préstamo personal,Soriano,180+,WhatsApp,False,71.4,-0.263,dificultad_economica,5,Sin acuerdo,287670.0,0.0
GE-0000155,G04,Gestor 04,2025-08,KB-107380,Retail,Préstamo personal,Montevideo,91-180,Llamada,False,68.6,-0.256,dificultad_economica,4,Promesa,22780.0,7045.0
GE-0000156,G04,Gestor 04,2025-08,KB-103681,Retail,Préstamo personal,Treinta y Tres,31-60,WhatsApp,False,72.9,-0.173,objecion,4,Pago,29750.0,24104.0
GE-0000157,G04,Gestor 04,2025-08,KB-106690,Pyme,Microcrédito,Montevideo,91-180,Llamada,False,72.2,-0.28,frustracion,5,Promesa,40340.0,13666.0
GE-0000158,G04,Gestor 04,2025-08,KB-104500,Retail,Microcrédito,Montevideo,61-90,Llamada,False,73.2,-0.488,enojo,0,Promesa,48590.0,18415.0
GE-0000159,G04,Gestor 04,2025-08,KB-104762,Retail,Cuenta corriente,Canelones,61-90,Llamada,False,74.3,-0.214,ansiedad,5,Sin acuerdo,58250.0,0.0
GE-0000160,G04,Gestor 04,2025-08,KB-103115,Retail,Financiación retail,Montevideo,31-60,WhatsApp,False,70.4,0.046,ansiedad,4,Promesa,13820.0,5416.0
GE-0000161,G04,Gestor 04,2025-08,KB-111549,Retail,Cuenta corriente,San José,61-90,WhatsApp,False,70.2,-0.58,enojo,3,Promesa,21280.0,11688.0
GE-0000162,G04,Gestor 04,2025-08,KB-100387,Retail,Préstamo personal,Treinta y Tres,91-180,Llamada,False,68.2,-0.032,objecion,4,Promesa,20960.0,6459.0
GE-0000163,G04,Gestor 04,2025-08,KB-103072,Pyme,Crédito automotor,Montevideo,1-30,WhatsApp,False,79.3,-0.024,neutro,4,No contacto,89310.0,0.0
GE-0000164,G04,Gestor 04,2025-08,KB-102020,Pyme,Préstamo personal,Montevideo,31-60,Llamada,False,72.3,0.006,objecion,4,Promesa,24080.0,7638.0
GE-0000165,G04,Gestor 04,2025-08,KB-101104,Retail,Cuenta corriente,Rivera,91-180,WhatsApp,False,68.0,0.045,objecion,5,Promesa,6060.0,1969.0
GE-0000166,G04,Gestor 04,2025-08,KB-103042,Corporativo,Cuenta corriente,Montevideo,31-60,WhatsApp,False,69.6,0.04,objecion,4,Sin acuerdo,107380.0,0.0
GE-0000167,G04,Gestor 04,2025-08,KB-102671,Retail,Préstamo personal,Río Negro,31-60,Llamada,False,70.0,0.05,neutro,4,Pago,72800.0,61861.0
GE-0000168,G04,Gestor 04,2025-08,KB-103663,Retail,Préstamo personal,Maldonado,91-180,Llamada,False,75.8,0.07,objecion,4,Pago,7960.0,6856.0
GE-0000169,G04,Gestor 04,2025-08,KB-108493,Retail,Cuenta corriente,Montevideo,91-180,Llamada,False,66.5,-0.293,ansiedad,2,Pago,10890.0,6787.0
GE-0000170,G04,Gestor 04,2025-08,KB-100368,Retail,Crédito automotor,Montevideo,1-30,Llamada,False,67.8,0.58,intencion_pago,4,Pago,19290.0,18224.0
GE-0000171,G04,Gestor 04,2025-08,KB-109936,Retail,Préstamo personal,Maldonado,180+,Llamada,False,53.6,-0.244,neutro,3,No contacto,30780.0,0.0
GE-0000172,G04,Gestor 04,2025-08,KB-104649,Retail,Crédito automotor,Salto,180+,Llamada,False,80.0,-0.36,frustracion,4,Promesa,16250.0,7712.0
GE-0000173,G04,Gestor 04,2025-08,KB-105245,Retail,Crédito automotor,Canelones,31-60,WhatsApp,False,78.4,0.238,neutro,5,Promesa,119340.0,48394.0
GE-0000174,G04,Gestor 04,2025-08,KB-102826,Retail,Tarjeta de crédito,Montevideo,91-180,Llamada,False,76.1,-0.111,objecion,3,No contacto,5550.0,0.0
GE-0000175,G04,Gestor 04,2025-08,KB-109240,Corporativo,Microcrédito,Montevideo,31-60,WhatsApp,False,62.8,-0.735,enojo,3,Sin acuerdo,472280.0,0.0
GE-0000176,G04,Gestor 04,2025-08,KB-100152,Retail,Préstamo personal,Paysandú,61-90,Llamada,False,59.4,-0.085,objecion,3,Pago,9860.0,9071.0
GE-0000177,G04,Gestor 04,2025-08,KB-109783,Corporativo,Préstamo personal,Montevideo,61-90,WhatsApp,False,69.2,-0.109,objecion,5,Pago,393330.0,377073.0
GE-0000178,G05,Gestor 05,2025-08,KB-111260,Retail,Préstamo personal,Salto,180+,Llamada,False,48.1,-0.169,objecion,2,Pago,22590.0,18843.0
GE-0000179,G05,Gestor 05,2025-08,KB-107393,Pyme,Financiación retail,Montevideo,91-180,Llamada,False,31.7,-0.414,dificultad_economica,3,No contacto,21300.0,0.0
GE-0000180,G05,Gestor 05,2025-08,KB-105775,Retail,Microcrédito,Canelones,61-90,WhatsApp,False,55.9,-0.139,objecion,3,Pago,24000.0,21751.0
GE-0000181,G05,Gestor 05,2025-08,KB-104682,Retail,Tarjeta de crédito,Canelones,61-90,WhatsApp,False,41.2,-0.379,objecion,3,Promesa,26080.0,14260.0
GE-0000182,G05,Gestor 05,2025-08,KB-109717,Pyme,Tarjeta de crédito,Cerro Largo,1-30,WhatsApp,False,44.5,-0.006,neutro,2,No contacto,39830.0,0.0
GE-0000183,G05,Gestor 05,2025-08,KB-109945,Retail,Tarjeta de crédito,Montevideo,91-180,Llamada,False,57.1,-0.498,enojo,4,Sin acuerdo,25740.0,0.0
GE-0000184,G05,Gestor 05,2025-08,KB-104493,Retail,Tarjeta de crédito,Montevideo,1-30,Llamada,False,49.2,-0.136,neutro,3,Sin acuerdo,11690.0,0.0
GE-0000185,G05,Gestor 05,2025-08,KB-103793,Pyme,Crédito automotor,Salto,1-30,WhatsApp,False,54.9,0.653,intencion_pago,2,Promesa,75540.0,43028.0
GE-0000186,G05,Gestor 05,2025-08,KB-106079,Pyme,Tarjeta de crédito,Montevideo,1-30,WhatsApp,False,45.3,-0.038,objecion,2,Promesa,245850.0,123510.0
GE-0000187,G05,Gestor 05,2025-08,KB-110548,Retail,Tarjeta de crédito,Río Negro,1-30,Llamada,False,48.0,0.35,intencion_pago,2,Pago,40720.0,28495.0
GE-0000188,G05,Gestor 05,2025-08,KB-102678,Retail,Tarjeta de crédito,Maldonado,1-30,WhatsApp,False,58.6,0.464,intencion_pago,1,Sin acuerdo,44820.0,0.0
GE-0000189,G05,Gestor 05,2025-08,KB-102551,Corporativo,Microcrédito,Montevideo,180+,Llamada,False,39.0,-0.725,enojo,3,Sin acuerdo,222390.0,0.0
GE-0000190,G05,Gestor 05,2025-08,KB-108460,Retail,Microcrédito,Rivera,180+,WhatsApp,False,43.7,-0.175,dificultad_economica,0,Promesa,30270.0,9099.0
GE-0000191,G05,Gestor 05,2025-08,KB-110874,Retail,Crédito automotor,Montevideo,61-90,Llamada,False,44.6,-0.12,objecion,2,Promesa,75300.0,25090.0
GE-0000192,G05,Gestor 05,2025-08,KB-111463,Retail,Tarjeta de crédito,Salto,1-30,WhatsApp,False,45.9,-0.638,enojo,2,Sin acuerdo,38530.0,0.0
GE-0000193,G05,Gestor 05,2025-08,KB-107738,Pyme,Tarjeta de crédito,Montevideo,31-60,Llamada,False,44.5,-0.972,enojo,1,Promesa,69120.0,29520.0
GE-0000194,G05,Gestor 05,2025-08,KB-109311,Pyme,Préstamo personal,Salto,31-60,WhatsApp,False,42.4,-0.406,ansiedad,1,No contacto,84850.0,0.0
GE-0000195,G05,Gestor 05,2025-08,KB-104429,Retail,Microcrédito,Canelones,31-60,WhatsApp,False,41.1,0.268,intencion_pago,0,Pago,16690.0,15081.0
GE-0000196,G05,Gestor 05,2025-08,KB-106351,Pyme,Financiación retail,San José,31-60,Llamada,False,43.8,-0.373,ansiedad,2,Promesa,305090.0,117465.0
GE-0000197,G05,Gestor 05,2025-08,KB-105643,Pyme,Préstamo personal,Maldonado,61-90,Llamada,False,33.9,-0.177,neutro,2,Pago,239520.0,234215.0
GE-0000198,G05,Gestor 05,2025-08,KB-104785,Retail,Crédito automotor,Canelones,180+,Llamada,False,41.9,-0.317,dificultad_economica,2,Sin acuerdo,16150.0,0.0
GE-0000199,G05,Gestor 05,2025-08,KB-110148,Retail,Crédito automotor,Montevideo,91-180,Llamada,False,42.4,-0.156,dificultad_economica,4,Promesa,13140.0,4556.0
GE-0000200,G05,Gestor 05,2025-08,KB-100193,Pyme,Préstamo personal,Canelones,31-60,WhatsApp,False,56.3,0.323,intencion_pago,2,Pago,53410.0,38483.0
GE-0000201,G05,Gestor 05,2025-08,KB-111213,Retail,Financiación retail,Montevideo,180+,Llamada,False,39.2,-0.589,frustracion,1,Sin acuerdo,22270.0,0.0
GE-0000202,G05,Gestor 05,2025-08,KB-110035,Retail,Financiación retail,Artigas,61-90,Llamada,False,51.5,-0.165,objecion,2,Pago,17030.0,12640.0
GE-0000203,G05,Gestor 05,2025-08,KB-111750,Retail,Préstamo personal,Cerro Largo,31-60,Llamada,False,30.0,-0.394,objecion,3,No contacto,18480.0,0.0
GE-0000204,G05,Gestor 05,2025-08,KB-104830,Retail,Préstamo personal,Montevideo,31-60,WhatsApp,False,47.7,-0.769,enojo,3,Promesa,17920.0,9874.0
GE-0000205,G05,Gestor 05,2025-08,KB-104839,Retail,Préstamo personal,Montevideo,31-60,WhatsApp,False,48.9,-0.321,ansiedad,1,Promesa,20750.0,11573.0
GE-0000206,G05,Gestor 05,2025-08,KB-105984,Corporativo,Préstamo personal,Montevideo,91-180,Llamada,False,26.2,-0.53,frustracion,1,Pago,1834200.0,1752949.0
GE-0000207,G05,Gestor 05,2025-08,KB-108426,Corporativo,Tarjeta de crédito,Montevideo,31-60,Llamada,False,49.4,0.6,intencion_pago,1,Promesa,987200.0,376335.0
GE-0000208,G05,Gestor 05,2025-08,KB-107838,Retail,Préstamo personal,Soriano,61-90,Llamada,False,52.8,-0.385,dificultad_economica,1,Promesa,35520.0,15432.0
GE-0000209,G05,Gestor 05,2025-08,KB-100643,Retail,Préstamo personal,Montevideo,31-60,Llamada,False,52.2,-0.235,objecion,3,Promesa,18920.0,9999.0
GE-0000210,G05,Gestor 05,2025-08,KB-102153,Retail,Préstamo personal,Montevideo,91-180,Llamada,False,50.6,-0.238,frustracion,2,No contacto,25420.0,0.0
GE-0000211,G05,Gestor 05,2025-08,KB-102822,Retail,Cuenta corriente,Montevideo,1-30,Llamada,False,50.8,-0.002,neutro,2,No contacto,28560.0,0.0
GE-0000212,G05,Gestor 05,2025-08,KB-109674,Pyme,Tarjeta de crédito,Montevideo,1-30,WhatsApp,False,49.6,0.183,neutro,4,Promesa,206820.0,119910.0
GE-0000213,G05,Gestor 05,2025-08,KB-109552,Retail,Financiación retail,Cerro Largo,61-90,WhatsApp,False,39.5,-0.275,objecion,4,No contacto,11660.0,0.0
GE-0000214,G05,Gestor 05,2025-08,KB-104362,Retail,Crédito automotor,San José,31-60,Llamada,False,54.0,-0.472,ansiedad,3,Pago,33370.0,27201.0
GE-0000215,G05,Gestor 05,2025-08,KB-104319,Retail,Tarjeta de crédito,Maldonado,61-90,WhatsApp,False,33.8,-0.29,frustracion,3,Promesa,34320.0,20285.0
GE-0000216,G05,Gestor 05,2025-08,KB-104735,Corporativo,Microcrédito,Montevideo,1-30,Llamada,False,41.3,-0.013,neutro,3,No contacto,1214370.0,0.0
GE-0000217,G05,Gestor 05,2025-08,KB-100267,Retail,Cuenta corriente,San José,1-30,WhatsApp,False,35.2,-0.068,neutro,0,No contacto,20090.0,0.0
GE-0000218,G06,Gestor 06,2025-08,KB-104376,Retail,Cuenta corriente,Canelones,61-90,WhatsApp,False,30.4,0.05,neutro,0,Sin acuerdo,51560.0,0.0
GE-0000219,G06,Gestor 06,2025-08,KB-107293,Retail,Tarjeta de crédito,Canelones,91-180,Llamada,False,56.7,-0.168,ansiedad,3,No contacto,40400.0,0.0
GE-0000220,G06,Gestor 06,2025-08,KB-104913,Retail,Tarjeta de crédito,Canelones,1-30,Llamada,False,53.3,0.159,neutro,2,Sin acuerdo,73790.0,0.0
GE-0000221,G06,Gestor 06,2025-08,KB-107121,Retail,Crédito automotor,Montevideo,61-90,Llamada,False,37.8,-0.095,objecion,2,Promesa,16450.0,6264.0
GE-0000222,G06,Gestor 06,2025-08,KB-105645,Retail,Tarjeta de crédito,Montevideo,180+,Llamada,False,56.2,-0.548,frustracion,4,Sin acuerdo,26650.0,0.0
GE-0000223,G06,Gestor 06,2025-08,KB-104693,Pyme,Tarjeta de crédito,Canelones,31-60,WhatsApp,False,65.2,0.605,intencion_pago,6,Sin acuerdo,170400.0,0.0
GE-0000224,G06,Gestor 06,2025-08,KB-109171,Pyme,Financiación retail,Montevideo,31-60,Llamada,False,53.7,0.405,intencion_pago,2,No contacto,65090.0,0.0
GE-0000225,G06,Gestor 06,2025-08,KB-105843,Retail,Cuenta corriente,Salto,91-180,Llamada,False,44.4,-0.491,frustracion,2,No contacto,19200.0,0.0
GE-0000226,G06,Gestor 06,2025-08,KB-108896,Retail,Microcrédito,Montevideo,1-30,WhatsApp,False,53.1,-0.079,objecion,2,No contacto,26350.0,0.0
GE-0000227,G06,Gestor 06,2025-08,KB-104782,Retail,Préstamo personal,Montevideo,61-90,WhatsApp,False,48.2,-0.149,ansiedad,1,Promesa,50050.0,22923.0
GE-0000228,G06,Gestor 06,2025-08,KB-105232,Corporativo,Préstamo personal,Paysandú,1-30,Llamada,False,53.3,-0.274,frustracion,4,No contacto,715130.0,0.0
GE-0000229,G06,Gestor 06,2025-08,KB-103530,Corporativo,Préstamo personal,Canelones,31-60,WhatsApp,False,56.9,-0.408,ansiedad,3,Sin acuerdo,1366510.0,0.0
GE-0000230,G06,Gestor 06,2025-08,KB-106853,Corporativo,Préstamo personal,Canelones,1-30,Llamada,False,51.7,0.035,objecion,4,Promesa,370440.0,181362.0
GE-0000231,G06,Gestor 06,2025-08,KB-106410,Pyme,Crédito automotor,Montevideo,61-90,Llamada,False,49.0,-0.244,ansiedad,4,Pago,135880.0,128181.0
GE-0000232,G06,Gestor 06,2025-08,KB-105941,Retail,Tarjeta de crédito,Soriano,91-180,WhatsApp,False,43.0,-0.108,ansiedad,2,Pago,18110.0,15254.0
GE-0000233,G06,Gestor 06,2025-08,KB-109408,Retail,Microcrédito,Salto,1-30,Llamada,False,65.2,0.504,intencion_pago,4,Sin acuerdo,25910.0,0.0
GE-0000234,G06,Gestor 06,2025-08,KB-109543,Pyme,Préstamo personal,Montevideo,1-30,Llamada,False,47.7,0.379,intencion_pago,2,Promesa,38550.0,17618.0
GE-0000235,G06,Gestor 06,2025-08,KB-103389,Retail,Tarjeta de crédito,Salto,31-60,WhatsApp,False,55.5,-0.061,objecion,2,Sin acuerdo,46050.0,0.0
GE-0000236,G06,Gestor 06,2025-08,KB-103769,Pyme,Financiación retail,Rivera,61-90,WhatsApp,False,60.4,-0.3,ansiedad,5,Sin acuerdo,121670.0,0.0
GE-0000237,G06,Gestor 06,2025-08,KB-109073,Retail,Crédito automotor,Montevideo,31-60,WhatsApp,False,50.5,-0.273,ansiedad,3,Promesa,104350.0,52566.0
GE-0000238,G06,Gestor 06,2025-08,KB-109057,Pyme,Tarjeta de crédito,Montevideo,61-90,WhatsApp,False,43.0,-0.175,ansiedad,3,Promesa,93860.0,28966.0
GE-0000239,G06,Gestor 06,2025-08,KB-106865,Pyme,Microcrédito,Canelones,91-180,WhatsApp,False,42.8,-0.582,dificultad_economica,2,Promesa,106020.0,56750.0
GE-0000240,G06,Gestor 06,2025-08,KB-100276,Retail,Cuenta corriente,Montevideo,1-30,Llamada,False,26.6,0.018,neutro,1,Pago,42800.0,36713.0
GE-0000241,G06,Gestor 06,2025-08,KB-104455,Pyme,Financiación retail,Montevideo,1-30,WhatsApp,False,61.8,0.094,neutro,5,Promesa,68780.0,32027.0
GE-0000242,G06,Gestor 06,2025-08,KB-106402,Retail,Microcrédito,Rocha,31-60,WhatsApp,False,45.5,0.489,intencion_pago,2,Sin acuerdo,7880.0,0.0
GE-0000243,G06,Gestor 06,2025-08,KB-109882,Retail,Tarjeta de crédito,Maldonado,31-60,Llamada,False,49.4,-0.242,ansiedad,4,No contacto,47390.0,0.0
GE-0000244,G06,Gestor 06,2025-08,KB-106451,Retail,Microcrédito,Canelones,91-180,WhatsApp,False,44.5,-0.422,frustracion,3,No contacto,44190.0,0.0
GE-0000245,G06,Gestor 06,2025-08,KB-100380,Retail,Cuenta corriente,Montevideo,91-180,WhatsApp,False,39.4,-0.615,dificultad_economica,2,Promesa,17210.0,5386.0
GE-0000246,G06,Gestor 06,2025-08,KB-104377,Retail,Financiación retail,Salto,1-30,WhatsApp,False,32.2,-0.259,objecion,4,No contacto,47710.0,0.0
GE-0000247,G06,Gestor 06,2025-08,KB-111381,Retail,Crédito automotor,Montevideo,1-30,Llamada,False,63.9,0.587,intencion_pago,3,Promesa,22070.0,12036.0
GE-0000248,G06,Gestor 06,2025-08,KB-104458,Pyme,Tarjeta de crédito,Montevideo,61-90,WhatsApp,False,43.8,-0.446,ansiedad,3,Promesa,49620.0,21892.0
GE-0000249,G06,Gestor 06,2025-08,KB-109938,Retail,Tarjeta de crédito,Soriano,31-60,Llamada,False,50.1,-0.278,objecion,2,Promesa,27410.0,14145.0
GE-0000250,G06,Gestor 06,2025-08,KB-103858,Retail,Microcrédito,Montevideo,61-90,WhatsApp,False,41.1,-0.636,frustracion,1,Sin acuerdo,31720.0,0.0
GE-0000251,G06,Gestor 06,2025-08,KB-101844,Retail,Tarjeta de crédito,Paysandú,31-60,Llamada,False,52.9,0.074,neutro,1,No contacto,35300.0,0.0
GE-0000252,G06,Gestor 06,2025-08,KB-101103,Retail,Préstamo personal,Lavalleja,1-30,Llamada,False,51.3,0.522,intencion_pago,3,Promesa,18730.0,10709.0
GE-0000253,G06,Gestor 06,2025-08,KB-102641,Retail,Préstamo personal,Montevideo,1-30,Llamada,False,52.0,-0.283,frustracion,2,No contacto,32770.0,0.0
GE-0000254,G06,Gestor 06,2025-08,KB-100181,Retail,Préstamo personal,Canelones,31-60,WhatsApp,False,28.3,-0.581,frustracion,1,No contacto,8640.0,0.0
GE-0000255,G06,Gestor 06,2025-08,KB-100675,Retail,Financiación retail,Montevideo,1-30,Llamada,False,48.9,0.069,neutro,3,Promesa,8510.0,4821.0
GE-0000256,G06,Gestor 06,2025-08,KB-102097,Pyme,Préstamo personal,Montevideo,91-180,WhatsApp,False,41.0,-0.51,dificultad_economica,3,No contacto,28780.0,0.0
GE-0000257,G06,Gestor 06,2025-08,KB-103303,Pyme,Microcrédito,Canelones,61-90,WhatsApp,False,62.4,-0.287,frustracion,3,Promesa,144250.0,63841.0
GE-0000258,G06,Gestor 06,2025-08,KB-107237,Corporativo,Préstamo personal,Canelones,1-30,WhatsApp,False,48.4,0.346,intencion_pago,3,Pago,47260.0,29467.0
GE-0000259,G06,Gestor 06,2025-08,KB-108267,Pyme,Tarjeta de crédito,Montevideo,31-60,Llamada,False,44.5,-0.521,frustracion,1,No contacto,126710.0,0.0
GE-0000260,G07,Gestor 07,2025-08,KB-100120,Retail,Tarjeta de crédito,Florida,61-90,Llamada,False,69.6,-0.199,ansiedad,4,Promesa,29500.0,14876.0
GE-0000261,G07,Gestor 07,2025-08,KB-110607,Retail,Cuenta corriente,Soriano,31-60,WhatsApp,False,55.6,0.339,intencion_pago,3,Promesa,27420.0,10168.0
GE-0000262,G07,Gestor 07,2025-08,KB-110600,Corporativo,Préstamo personal,Canelones,91-180,Llamada,False,63.4,-0.542,enojo,3,No contacto,751540.0,0.0
GE-0000263,G07,Gestor 07,2025-08,KB-101745,Pyme,Microcrédito,Salto,31-60,Llamada,False,63.4,-0.349,objecion,4,Pago,22590.0,21448.0
GE-0000264,G07,Gestor 07,2025-08,KB-111089,Corporativo,Préstamo personal,Paysandú,61-90,Llamada,False,67.6,-0.077,objecion,2,Promesa,141600.0,46821.0
GE-0000265,G07,Gestor 07,2025-08,KB-105088,Retail,Préstamo personal,Rocha,61-90,Llamada,False,55.3,-0.39,ansiedad,1,Sin acuerdo,19060.0,0.0
GE-0000266,G07,Gestor 07,2025-08,KB-110925,Retail,Préstamo personal,Paysandú,31-60,WhatsApp,False,66.2,0.119,neutro,4,Pago,25560.0,25285.0
GE-0000267,G07,Gestor 07,2025-08,KB-109128,Retail,Préstamo personal,Soriano,31-60,WhatsApp,False,62.7,0.665,intencion_pago,2,Pago,61940.0,55813.0
GE-0000268,G07,Gestor 07,2025-08,KB-105994,Retail,Tarjeta de crédito,Montevideo,91-180,Llamada,False,67.2,-0.59,enojo,3,Promesa,17300.0,5667.0
GE-0000269,G07,Gestor 07,2025-08,KB-101607,Retail,Tarjeta de crédito,Montevideo,1-30,Llamada,False,62.8,0.433,intencion_pago,4,Pago,25970.0,22766.0
GE-0000270,G07,Gestor 07,2025-08,KB-104134,Retail,Tarjeta de crédito,San José,1-30,WhatsApp,False,65.7,0.598,intencion_pago,3,Promesa,18210.0,9763.0
GE-0000271,G07,Gestor 07,2025-08,KB-104470,Retail,Tarjeta de crédito,Salto,91-180,Llamada,False,64.7,-0.458,ansiedad,5,Pago,39520.0,31081.0
GE-0000272,G07,Gestor 07,2025-08,KB-107741,Retail,Préstamo personal,Canelones,1-30,WhatsApp,False,53.4,0.034,neutro,3,Sin acuerdo,199230.0,0.0
GE-0000273,G07,Gestor 07,2025-08,KB-108319,Pyme,Tarjeta de crédito,Colonia,1-30,WhatsApp,False,49.0,-0.004,neutro,2,No contacto,872380.0,0.0
GE-0000274,G07,Gestor 07,2025-08,KB-111945,Retail,Tarjeta de crédito,San José,31-60,WhatsApp,False,43.8,0.24,intencion_pago,2,Promesa,17620.0,9408.0
GE-0000275,G07,Gestor 07,2025-08,KB-109104,Pyme,Préstamo personal,Montevideo,31-60,WhatsApp,False,61.7,-0.252,ansiedad,4,No contacto,64460.0,0.0
GE-0000276,G07,Gestor 07,2025-08,KB-104607,Pyme,Financiación retail,Tacuarembó,31-60,WhatsApp,False,61.3,0.553,intencion_pago,1,Promesa,128640.0,71173.0
GE-0000277,G07,Gestor 07,2025-08,KB-104225,Retail,Crédito automotor,Montevideo,1-30,WhatsApp,False,82.2,0.599,intencion_pago,6,Sin acuerdo,18040.0,0.0
GE-0000278,G07,Gestor 07,2025-08,KB-100049,Pyme,Financiación retail,Florida,1-30,Llamada,False,64.9,-0.041,objecion,3,Promesa,95110.0,55878.0
GE-0000279,G07,Gestor 07,2025-08,KB-110206,Pyme,Financiación retail,Montevideo,91-180,WhatsApp,False,64.2,-0.406,frustracion,2,Sin acuerdo,86670.0,0.0
GE-0000280,G07,Gestor 07,2025-08,KB-109976,Pyme,Microcrédito,Montevideo,91-180,WhatsApp,False,57.3,-0.493,dificultad_economica,2,Sin acuerdo,50290.0,0.0
GE-0000281,G07,Gestor 07,2025-08,KB-101903,Retail,Microcrédito,Montevideo,1-30,Llamada,False,58.0,0.426,intencion_pago,3,Promesa,36490.0,15698.0
GE-0000282,G07,Gestor 07,2025-08,KB-109751,Corporativo,Tarjeta de crédito,Canelones,91-180,WhatsApp,False,58.9,-0.624,enojo,2,No contacto,448270.0,0.0
GE-0000283,G07,Gestor 07,2025-08,KB-111296,Pyme,Tarjeta de crédito,Montevideo,31-60,WhatsApp,False,53.2,-0.04,neutro,5,Pago,68300.0,64172.0
GE-0000284,G07,Gestor 07,2025-08,KB-111962,Pyme,Tarjeta de crédito,Rivera,1-30,Llamada,False,54.1,-0.212,ansiedad,0,Promesa,129260.0,70016.0
GE-0000285,G07,Gestor 07,2025-08,KB-101425,Pyme,Préstamo personal,Montevideo,31-60,Llamada,False,59.5,0.021,objecion,3,No contacto,6140.0,0.0
GE-0000286,G07,Gestor 07,2025-08,KB-100084,Retail,Crédito automotor,Montevideo,91-180,Llamada,False,68.3,-0.38,dificultad_economica,4,No contacto,13340.0,0.0
GE-0000287,G07,Gestor 07,2025-08,KB-104059,Pyme,Préstamo personal,Canelones,61-90,Llamada,False,68.0,0.066,objecion,2,Pago,565850.0,488793.0
GE-0000288,G07,Gestor 07,2025-08,KB-102806,Retail,Tarjeta de crédito,Durazno,91-180,WhatsApp,False,72.2,-0.352,dificultad_economica,3,Sin acuerdo,41590.0,0.0
GE-0000289,G07,Gestor 07,2025-08,KB-103324,Retail,Tarjeta de crédito,Rocha,31-60,WhatsApp,False,62.4,-0.114,objecion,2,Promesa,53900.0,30625.0
GE-0000290,G07,Gestor 07,2025-08,KB-101526,Retail,Préstamo personal,Salto,1-30,Llamada,False,52.2,0.363,intencion_pago,3,Pago,5670.0,4964.0
GE-0000291,G07,Gestor 07,2025-08,KB-105027,Retail,Préstamo personal,Treinta y Tres,180+,Llamada,False,67.2,-0.283,frustracion,3,Pago,85880.0,53496.0
GE-0000292,G07,Gestor 07,2025-08,KB-102395,Retail,Crédito automotor,Montevideo,61-90,WhatsApp,False,59.2,-0.197,objecion,2,Pago,23540.0,20824.0
GE-0000293,G07,Gestor 07,2025-08,KB-108637,Retail,Préstamo personal,Montevideo,1-30,WhatsApp,False,71.9,0.315,neutro,6,Promesa,38430.0,16022.0
GE-0000294,G07,Gestor 07,2025-08,KB-111560,Corporativo,Financiación retail,Montevideo,31-60,Llamada,False,53.7,-0.207,objecion,2,Promesa,2529760.0,1112802.0
GE-0000295,G07,Gestor 07,2025-08,KB-107370,Retail,Financiación retail,Montevideo,31-60,Llamada,False,53.4,0.357,intencion_pago,5,Pago,12640.0,12301.0
GE-0000296,G07,Gestor 07,2025-08,KB-103507,Retail,Préstamo personal,Montevideo,31-60,WhatsApp,False,59.5,-0.358,ansiedad,5,Promesa,12620.0,6700.0
GE-0000297,G07,Gestor 07,2025-08,KB-107875,Retail,Préstamo personal,Canelones,31-60,WhatsApp,False,52.4,-0.123,neutro,4,Pago,36170.0,28232.0
GE-0000298,G07,Gestor 07,2025-08,KB-100628,Retail,Préstamo personal,Canelones,91-180,Llamada,False,43.7,-0.199,ansiedad,3,No contacto,42720.0,0.0
GE-0000299,G07,Gestor 07,2025-08,KB-110560,Pyme,Tarjeta de crédito,Montevideo,31-60,Llamada,False,65.6,0.329,intencion_pago,3,Promesa,156750.0,77085.0
GE-0000300,G07,Gestor 07,2025-08,KB-109335,Retail,Financiación retail,Paysandú,180+,WhatsApp,False,48.3,-0.698,enojo,2,No contacto,6790.0,0.0
GE-0000301,G07,Gestor 07,2025-08,KB-103683,Pyme,Financiación retail,Colonia,31-60,Llamada,False,62.8,0.028,neutro,3,No contacto,106970.0,0.0
GE-0000302,G07,Gestor 07,2025-08,KB-101229,Retail,Préstamo personal,Montevideo,1-30,Llamada,False,67.0,0.09,neutro,4,No contacto,7980.0,0.0
GE-0000303,G07,Gestor 07,2025-08,KB-104107,Retail,Tarjeta de crédito,San José,31-60,Llamada,False,65.3,0.547,intencion_pago,3,No contacto,70060.0,0.0
GE-0000304,G08,Gestor 08,2025-08,KB-102293,Pyme,Tarjeta de crédito,Maldonado,1-30,Llamada,False,57.1,-0.022,objecion,4,Promesa,148190.0,69045.0
GE-0000305,G08,Gestor 08,2025-08,KB-105216,Retail,Crédito automotor,Montevideo,91-180,WhatsApp,False,64.5,-0.19,frustracion,2,No contacto,70340.0,0.0
GE-0000306,G08,Gestor 08,2025-08,KB-101735,Retail,Crédito automotor,Montevideo,61-90,WhatsApp,False,59.6,-0.152,ansiedad,4,Sin acuerdo,10970.0,0.0
GE-0000307,G08,Gestor 08,2025-08,KB-100965,Pyme,Préstamo personal,Tacuarembó,91-180,WhatsApp,False,57.1,-0.723,enojo,2,Promesa,205180.0,65473.0
GE-0000308,G08,Gestor 08,2025-08,KB-111894,Pyme,Tarjeta de crédito,Florida,31-60,Llamada,False,47.2,-0.259,neutro,2,Promesa,95060.0,55595.0
GE-0000309,G08,Gestor 08,2025-08,KB-103077,Retail,Microcrédito,Canelones,31-60,Llamada,False,64.4,0.55,intencion_pago,3,Pago,14030.0,11985.0
GE-0000310,G08,Gestor 08,2025-08,KB-107084,Pyme,Microcrédito,Montevideo,1-30,Llamada,False,53.6,0.593,intencion_pago,3,Promesa,56520.0,32142.0
GE-0000311,G08,Gestor 08,2025-08,KB-106686,Retail,Préstamo personal,San José,31-60,Llamada,False,50.5,0.575,intencion_pago,3,Pago,28890.0,17944.0
GE-0000312,G08,Gestor 08,2025-08,KB-111026,Retail,Préstamo personal,San José,31-60,Llamada,False,64.6,0.101,neutro,4,Promesa,49400.0,28287.0
GE-0000313,G08,Gestor 08,2025-08,KB-109268,Pyme,Financiación retail,Artigas,31-60,WhatsApp,False,49.6,-0.671,frustracion,3,Sin acuerdo,340360.0,0.0
GE-0000314,G08,Gestor 08,2025-08,KB-111730,Corporativo,Tarjeta de crédito,Montevideo,91-180,Llamada,False,46.1,-0.199,dificultad_economica,2,Pago,949160.0,625337.0
GE-0000315,G08,Gestor 08,2025-08,KB-109614,Pyme,Microcrédito,Montevideo,1-30,Llamada,False,61.3,0.08,neutro,2,Promesa,46510.0,24581.0
GE-0000316,G08,Gestor 08,2025-08,KB-110296,Pyme,Cuenta corriente,Canelones,31-60,Llamada,False,52.9,-0.394,objecion,2,Promesa,65210.0,24691.0
GE-0000317,G08,Gestor 08,2025-08,KB-100248,Retail,Préstamo personal,Colonia,91-180,Llamada,False,62.8,-0.415,dificultad_economica,3,Pago,52850.0,33267.0
GE-0000318,G08,Gestor 08,2025-08,KB-105173,Corporativo,Tarjeta de crédito,Canelones,1-30,WhatsApp,False,58.1,-0.549,frustracion,3,No contacto,134960.0,0.0
GE-0000319,G08,Gestor 08,2025-08,KB-108658,Pyme,Préstamo personal,Rocha,91-180,WhatsApp,False,62.6,0.124,neutro,4,No contacto,98740.0,0.0
GE-0000320,G08,Gestor 08,2025-08,KB-106041,Retail,Cuenta corriente,Rivera,31-60,WhatsApp,False,34.8,0.047,neutro,1,No contacto,51640.0,0.0
GE-0000321,G08,Gestor 08,2025-08,KB-103375,Pyme,Financiación retail,Canelones,180+,Llamada,False,67.4,0.072,objecion,3,Promesa,65840.0,25006.0
GE-0000322,G08,Gestor 08,2025-08,KB-100964,Retail,Tarjeta de crédito,Montevideo,31-60,WhatsApp,False,51.0,0.093,neutro,1,Promesa,23160.0,12476.0
GE-0000323,G08,Gestor 08,2025-08,KB-105189,Retail,Financiación retail,Montevideo,61-90,WhatsApp,False,69.5,0.14,objecion,3,Sin acuerdo,22580.0,0.0
GE-0000324,G08,Gestor 08,2025-08,KB-107832,Retail,Préstamo personal,Trinidad,31-60,Llamada,False,52.7,-0.425,frustracion,1,No contacto,16720.0,0.0
GE-0000325,G08,Gestor 08,2025-08,KB-101069,Retail,Financiación retail,Soriano,1-30,Llamada,False,44.7,-0.135,neutro,1,Promesa,18190.0,9822.0
GE-0000326,G08,Gestor 08,2025-08,KB-106059,Retail,Tarjeta de crédito,Montevideo,61-90,WhatsApp,False,61.1,-0.273,ansiedad,3,No contacto,48140.0,0.0
GE-0000327,G08,Gestor 08,2025-08,KB-102033,Corporativo,Microcrédito,Montevideo,1-30,Llamada,False,49.5,-0.073,neutro,3,Promesa,810400.0,376314.0
GE-0000328,G08,Gestor 08,2025-08,KB-105383,Pyme,Microcrédito,Montevideo,1-30,Llamada,False,57.3,0.095,neutro,3,Pago,82150.0,74953.0
GE-0000329,G08,Gestor 08,2025-08,KB-103041,Retail,Crédito automotor,Canelones,1-30,Llamada,False,65.5,0.041,neutro,3,Sin acuerdo,42430.0,0.0
GE-0000330,G08,Gestor 08,2025-08,KB-106209,Retail,Préstamo personal,Colonia,31-60,Llamada,False,65.3,0.553,intencion_pago,5,Promesa,66930.0,30246.0
GE-0000331,G08,Gestor 08,2025-08,KB-104284,Retail,Financiación retail,Maldonado,1-30,Llamada,False,54.7,0.443,intencion_pago,2,Pago,23650.0,21963.0
GE-0000332,G08,Gestor 08,2025-08,KB-110899,Retail,Tarjeta de crédito,Colonia,31-60,Llamada,False,53.0,-0.148,neutro,3,No contacto,19230.0,0.0
GE-0000333,G08,Gestor 08,2025-08,KB-103725,Retail,Préstamo personal,Montevideo,180+,Llamada,False,66.9,-0.219,dificultad_economica,4,Promesa,24430.0,10978.0
GE-0000334,G08,Gestor 08,2025-08,KB-102733,Retail,Tarjeta de crédito,Montevideo,31-60,WhatsApp,False,76.9,0.504,intencion_pago,4,Pago,11750.0,10862.0
GE-0000335,G08,Gestor 08,2025-08,KB-102422,Corporativo,Crédito automotor,San José,31-60,Llamada,False,68.1,0.407,intencion_pago,5,Pago,139590.0,118478.0
GE-0000336,G08,Gestor 08,2025-08,KB-105577,Retail,Cuenta corriente,Florida,1-30,Llamada,False,73.4,0.116,neutro,5,Pago,24080.0,22336.0
GE-0000337,G08,Gestor 08,2025-08,KB-108205,Retail,Cuenta corriente,Paysandú,31-60,Llamada,False,53.9,0.077,neutro,3,No contacto,9760.0,0.0
GE-0000338,G08,Gestor 08,2025-08,KB-103378,Retail,Préstamo personal,Montevideo,61-90,Llamada,False,58.6,-0.584,frustracion,3,No contacto,67330.0,0.0
GE-0000339,G08,Gestor 08,2025-08,KB-109244,Corporativo,Microcrédito,Montevideo,180+,Llamada,False,55.3,-0.283,ansiedad,3,Pago,296430.0,182733.0
GE-0000340,G09,Gestor 09,2025-08,KB-110371,Retail,Crédito automotor,Montevideo,1-30,Llamada,False,58.1,0.371,intencion_pago,3,Pago,31200.0,30349.0
GE-0000341,G09,Gestor 09,2025-08,KB-111896,Pyme,Cuenta corriente,Montevideo,31-60,Llamada,False,77.2,-0.03,neutro,3,Promesa,10230.0,5335.0
GE-0000342,G09,Gestor 09,2025-08,KB-105925,Corporativo,Financiación retail,Canelones,61-90,Llamada,False,62.7,-0.095,ansiedad,2,Pago,368370.0,279882.0
GE-0000343,G09,Gestor 09,2025-08,KB-104866,Retail,Tarjeta de crédito,San José,1-30,Llamada,False,64.8,-0.235,ansiedad,1,Promesa,163410.0,89706.0
GE-0000344,G09,Gestor 09,2025-08,KB-102598,Pyme,Préstamo personal,Salto,91-180,WhatsApp,False,50.3,-0.416,frustracion,3,No contacto,133470.0,0.0
GE-0000345,G09,Gestor 09,2025-08,KB-102836,Retail,Tarjeta de crédito,Salto,1-30,Llamada,False,69.6,0.612,intencion_pago,3,Pago,20470.0,20148.0
GE-0000346,G09,Gestor 09,2025-08,KB-103355,Retail,Tarjeta de crédito,Rocha,31-60,Llamada,False,46.0,0.437,intencion_pago,1,Promesa,15850.0,9429.0
GE-0000347,G09,Gestor 09,2025-08,KB-106783,Retail,Tarjeta de crédito,Maldonado,180+,Llamada,False,44.6,-0.428,frustracion,3,Sin acuerdo,15800.0,0.0
GE-0000348,G09,Gestor 09,2025-08,KB-108666,Retail,Tarjeta de crédito,Canelones,31-60,WhatsApp,False,70.0,-0.361,frustracion,3,Pago,17660.0,17546.0
GE-0000349,G09,Gestor 09,2025-08,KB-103552,Retail,Tarjeta de crédito,Flores,1-30,WhatsApp,False,63.4,-0.067,objecion,4,Sin acuerdo,20850.0,0.0
GE-0000350,G09,Gestor 09,2025-08,KB-105988,Pyme,Tarjeta de crédito,San José,1-30,WhatsApp,False,68.8,-0.573,frustracion,5,Sin acuerdo,36630.0,0.0
GE-0000351,G09,Gestor 09,2025-08,KB-100012,Corporativo,Cuenta corriente,San José,61-90,Llamada,False,56.1,-0.153,objecion,2,Sin acuerdo,566490.0,0.0
GE-0000352,G09,Gestor 09,2025-08,KB-111078,Pyme,Préstamo personal,San José,61-90,WhatsApp,False,55.5,-0.176,ansiedad,3,Promesa,209060.0,124768.0
GE-0000353,G09,Gestor 09,2025-08,KB-100730,Retail,Préstamo personal,Rocha,91-180,Llamada,False,65.8,-0.364,frustracion,3,No contacto,31250.0,0.0
GE-0000354,G09,Gestor 09,2025-08,KB-110292,Retail,Tarjeta de crédito,Montevideo,31-60,Llamada,False,66.3,-0.016,neutro,3,Promesa,18450.0,10035.0
GE-0000355,G09,Gestor 09,2025-08,KB-108535,Pyme,Financiación retail,San José,180+,Llamada,False,79.5,-0.252,frustracion,5,Pago,47190.0,37258.0
GE-0000356,G09,Gestor 09,2025-08,KB-110522,Pyme,Tarjeta de crédito,Colonia,61-90,WhatsApp,False,58.8,-0.702,enojo,3,No contacto,74060.0,0.0
GE-0000357,G09,Gestor 09,2025-08,KB-104550,Retail,Tarjeta de crédito,Salto,180+,Llamada,False,64.4,-0.289,dificultad_economica,3,Pago,19930.0,14843.0
GE-0000358,G09,Gestor 09,2025-08,KB-106708,Pyme,Crédito automotor,Montevideo,91-180,WhatsApp,False,56.1,-0.433,dificultad_economica,4,Pago,210160.0,157940.0
GE-0000359,G09,Gestor 09,2025-08,KB-103662,Retail,Crédito automotor,Montevideo,91-180,Llamada,False,61.3,-0.195,objecion,2,No contacto,36510.0,0.0
GE-0000360,G09,Gestor 09,2025-08,KB-105695,Retail,Financiación retail,Montevideo,91-180,Llamada,False,64.5,0.004,objecion,2,Pago,13260.0,8260.0
GE-0000361,G09,Gestor 09,2025-08,KB-110099,Retail,Préstamo personal,Río Negro,91-180,Llamada,False,72.3,-0.266,frustracion,5,Pago,16340.0,14028.0
GE-0000362,G09,Gestor 09,2025-08,KB-103752,Retail,Crédito automotor,Montevideo,31-60,WhatsApp,False,55.9,-0.072,neutro,2,Promesa,15290.0,7868.0
GE-0000363,G09,Gestor 09,2025-08,KB-105494,Pyme,Tarjeta de crédito,Cerro Largo,61-90,Llamada,False,64.5,-0.12,ansiedad,4,Pago,86060.0,65643.0
GE-0000364,G09,Gestor 09,2025-08,KB-104008,Retail,Préstamo personal,Canelones,1-30,WhatsApp,False,78.8,-0.079,neutro,3,Promesa,16450.0,9397.0
GE-0000365,G09,Gestor 09,2025-08,KB-108137,Retail,Préstamo personal,Maldonado,180+,WhatsApp,False,60.9,-0.154,frustracion,4,Promesa,25700.0,9787.0
GE-0000366,G09,Gestor 09,2025-08,KB-109815,Retail,Préstamo personal,Colonia,61-90,Llamada,False,53.9,-0.21,ansiedad,1,Pago,33080.0,28966.0
GE-0000367,G09,Gestor 09,2025-08,KB-101758,Retail,Microcrédito,Canelones,1-30,WhatsApp,False,60.1,0.436,intencion_pago,3,Promesa,30560.0,16071.0
GE-0000368,G09,Gestor 09,2025-08,KB-111451,Retail,Tarjeta de crédito,Paysandú,91-180,WhatsApp,False,70.5,-0.102,objecion,4,Pago,42520.0,28555.0
GE-0000369,G09,Gestor 09,2025-08,KB-106534,Corporativo,Cuenta corriente,Montevideo,1-30,Llamada,False,68.2,-0.404,enojo,5,Promesa,593430.0,315358.0
GE-0000370,G09,Gestor 09,2025-08,KB-100686,Retail,Crédito automotor,Paysandú,180+,Llamada,False,61.9,-0.468,frustracion,2,No contacto,36450.0,0.0
GE-0000371,G09,Gestor 09,2025-08,KB-107045,Retail,Préstamo personal,Salto,91-180,WhatsApp,False,62.5,-0.319,ansiedad,3,Sin acuerdo,33600.0,0.0
GE-0000372,G09,Gestor 09,2025-08,KB-111977,Retail,Financiación retail,Montevideo,1-30,Llamada,False,79.3,0.205,neutro,3,Promesa,24930.0,9369.0
GE-0000373,G09,Gestor 09,2025-08,KB-109159,Retail,Microcrédito,Artigas,1-30,WhatsApp,False,54.5,0.468,intencion_pago,3,Pago,33080.0,31012.0
GE-0000374,G09,Gestor 09,2025-08,KB-110294,Retail,Tarjeta de crédito,Canelones,31-60,Llamada,False,71.7,-0.209,objecion,5,Pago,11530.0,10128.0
GE-0000375,G09,Gestor 09,2025-08,KB-102296,Corporativo,Crédito automotor,Montevideo,61-90,Llamada,False,49.2,-0.161,objecion,4,No contacto,1056750.0,0.0
GE-0000376,G09,Gestor 09,2025-08,KB-102319,Pyme,Préstamo personal,Treinta y Tres,91-180,WhatsApp,False,67.2,-0.24,frustracion,2,Sin acuerdo,118840.0,0.0
GE-0000377,G09,Gestor 09,2025-08,KB-102666,Retail,Microcrédito,Montevideo,31-60,Llamada,False,70.5,-0.633,frustracion,3,Promesa,52180.0,24842.0
GE-0000378,G09,Gestor 09,2025-08,KB-107635,Pyme,Tarjeta de crédito,Montevideo,91-180,Llamada,False,65.7,-0.299,frustracion,3,Sin acuerdo,294710.0,0.0
GE-0000379,G09,Gestor 09,2025-08,KB-100254,Retail,Crédito automotor,Canelones,91-180,WhatsApp,False,65.2,-0.198,dificultad_economica,4,Pago,6880.0,5742.0
GE-0000380,G09,Gestor 09,2025-08,KB-100477,Corporativo,Tarjeta de crédito,Lavalleja,180+,WhatsApp,False,51.6,-0.707,enojo,1,No contacto,170510.0,0.0
GE-0000381,G10,Gestor 10,2025-08,KB-101469,Retail,Préstamo personal,Soriano,1-30,WhatsApp,False,56.5,0.076,neutro,4,Promesa,53120.0,17625.0
GE-0000382,G10,Gestor 10,2025-08,KB-102644,Retail,Crédito automotor,Montevideo,91-180,WhatsApp,False,41.7,-0.255,dificultad_economica,3,Promesa,35010.0,19532.0
GE-0000383,G10,Gestor 10,2025-08,KB-105369,Retail,Préstamo personal,Montevideo,91-180,WhatsApp,False,61.7,-0.281,ansiedad,3,Pago,69740.0,52194.0
GE-0000384,G10,Gestor 10,2025-08,KB-105240,Pyme,Tarjeta de crédito,Lavalleja,91-180,Llamada,False,47.2,-0.416,dificultad_economica,3,No contacto,96360.0,0.0
GE-0000385,G10,Gestor 10,2025-08,KB-105084,Retail,Tarjeta de crédito,Rivera,1-30,Llamada,False,54.4,-0.596,enojo,4,Pago,8930.0,5914.0
GE-0000386,G10,Gestor 10,2025-08,KB-101513,Retail,Crédito automotor,Montevideo,91-180,Llamada,False,54.8,-0.082,objecion,2,Promesa,9420.0,3714.0
GE-0000387,G10,Gestor 10,2025-08,KB-101862,Retail,Cuenta corriente,Montevideo,31-60,Llamada,False,52.2,0.162,neutro,4,Promesa,36420.0,11358.0
GE-0000388,G10,Gestor 10,2025-08,KB-103496,Pyme,Cuenta corriente,Maldonado,61-90,Llamada,False,58.5,-0.231,frustracion,3,No contacto,66920.0,0.0
GE-0000389,G10,Gestor 10,2025-08,KB-110664,Retail,Préstamo personal,Montevideo,91-180,WhatsApp,False,41.9,-0.395,dificultad_economica,2,No contacto,25210.0,0.0
GE-0000390,G10,Gestor 10,2025-08,KB-107243,Retail,Tarjeta de crédito,Montevideo,31-60,WhatsApp,False,61.0,-0.094,ansiedad,5,Sin acuerdo,32070.0,0.0
GE-0000391,G10,Gestor 10,2025-08,KB-103175,Retail,Tarjeta de crédito,Montevideo,31-60,Llamada,False,52.8,-0.252,objecion,2,Pago,32820.0,30512.0
GE-0000392,G10,Gestor 10,2025-08,KB-106770,Retail,Préstamo personal,Montevideo,1-30,Llamada,False,60.3,0.126,neutro,3,Sin acuerdo,10850.0,0.0
GE-0000393,G10,Gestor 10,2025-08,KB-106617,Retail,Crédito automotor,Río Negro,91-180,WhatsApp,False,36.8,-0.177,objecion,3,No contacto,15270.0,0.0
GE-0000394,G10,Gestor 10,2025-08,KB-108743,Retail,Crédito automotor,Montevideo,61-90,WhatsApp,False,46.3,-0.211,ansiedad,5,Pago,38110.0,36921.0
GE-0000395,G10,Gestor 10,2025-08,KB-102881,Retail,Crédito automotor,Rivera,31-60,Llamada,False,51.2,0.551,intencion_pago,1,Pago,35150.0,22734.0
GE-0000396,G10,Gestor 10,2025-08,KB-103515,Retail,Préstamo personal,Montevideo,1-30,WhatsApp,False,67.1,-0.357,objecion,4,Promesa,177060.0,87582.0
GE-0000397,G10,Gestor 10,2025-08,KB-107696,Corporativo,Crédito automotor,Soriano,61-90,WhatsApp,False,53.6,-0.337,frustracion,1,Promesa,662790.0,326305.0
GE-0000398,G10,Gestor 10,2025-08,KB-103304,Retail,Microcrédito,Canelones,61-90,WhatsApp,False,49.4,0.077,neutro,4,Sin acuerdo,32830.0,0.0
GE-0000399,G10,Gestor 10,2025-08,KB-105843,Retail,Cuenta corriente,Salto,91-180,WhatsApp,False,60.0,-0.263,dificultad_economica,2,Promesa,19200.0,8618.0
GE-0000400,G10,Gestor 10,2025-08,KB-101310,Retail,Tarjeta de crédito,Trinidad,1-30,Llamada,False,52.9,0.085,neutro,2,Promesa,21410.0,12277.0
GE-0000401,G10,Gestor 10,2025-08,KB-100377,Retail,Financiación retail,Montevideo,91-180,WhatsApp,False,48.7,-0.087,objecion,2,Pago,27280.0,18727.0
GE-0000402,G10,Gestor 10,2025-08,KB-104351,Retail,Financiación retail,Montevideo,1-30,Llamada,False,51.5,-0.207,objecion,2,Sin acuerdo,28680.0,0.0
GE-0000403,G10,Gestor 10,2025-08,KB-111733,Retail,Financiación retail,Río Negro,1-30,Llamada,False,42.8,-0.023,objecion,1,Promesa,44220.0,21514.0
GE-0000404,G10,Gestor 10,2025-08,KB-107913,Pyme,Crédito automotor,Montevideo,1-30,Llamada,False,35.7,-0.355,ansiedad,3,Pago,64190.0,48414.0
GE-0000405,G10,Gestor 10,2025-08,KB-110467,Retail,Microcrédito,Canelones,61-90,Llamada,False,63.4,-0.252,ansiedad,3,Pago,17810.0,13009.0
GE-0000406,G10,Gestor 10,2025-08,KB-111956,Retail,Préstamo personal,Rivera,31-60,Llamada,False,62.5,-0.175,ansiedad,3,Sin acuerdo,18190.0,0.0
GE-0000407,G10,Gestor 10,2025-08,KB-100051,Retail,Financiación retail,Rocha,61-90,Llamada,False,40.9,-0.662,enojo,3,No contacto,16930.0,0.0
GE-0000408,G10,Gestor 10,2025-08,KB-109989,Pyme,Tarjeta de crédito,Canelones,1-30,WhatsApp,False,58.9,0.133,neutro,4,Promesa,267740.0,135131.0
GE-0000409,G10,Gestor 10,2025-08,KB-107079,Retail,Préstamo personal,Soriano,31-60,Llamada,False,50.7,-0.348,frustracion,2,Pago,58270.0,36381.0
GE-0000410,G10,Gestor 10,2025-08,KB-100722,Corporativo,Cuenta corriente,Durazno,31-60,WhatsApp,False,47.7,-0.001,neutro,3,Promesa,2902570.0,1636193.0
GE-0000411,G10,Gestor 10,2025-08,KB-104002,Retail,Cuenta corriente,Lavalleja,1-30,Llamada,False,39.0,0.237,intencion_pago,2,Pago,14900.0,14831.0
GE-0000412,G10,Gestor 10,2025-08,KB-108880,Corporativo,Financiación retail,Montevideo,61-90,Llamada,False,48.1,-0.001,objecion,3,No contacto,734540.0,0.0
GE-0000413,G10,Gestor 10,2025-08,KB-100126,Retail,Tarjeta de crédito,Artigas,31-60,WhatsApp,False,50.9,-0.376,frustracion,2,No contacto,12520.0,0.0
GE-0000414,G10,Gestor 10,2025-08,KB-106184,Pyme,Tarjeta de crédito,Maldonado,31-60,WhatsApp,False,56.0,-0.154,objecion,5,Promesa,24300.0,11287.0
GE-0000415,G10,Gestor 10,2025-08,KB-100994,Retail,Tarjeta de crédito,Rivera,31-60,WhatsApp,False,54.0,0.456,intencion_pago,3,Promesa,38740.0,16253.0
GE-0000416,G10,Gestor 10,2025-08,KB-101037,Retail,Tarjeta de crédito,Durazno,61-90,Llamada,False,54.3,-0.713,enojo,3,Promesa,35520.0,14565.0
GE-0000417,G10,Gestor 10,2025-08,KB-103628,Retail,Financiación retail,Canelones,1-30,Llamada,False,72.0,-0.153,neutro,3,Sin acuerdo,46290.0,0.0
GE-0000418,G10,Gestor 10,2025-08,KB-110090,Retail,Préstamo personal,Maldonado,180+,Llamada,False,56.3,-0.36,frustracion,4,No contacto,13880.0,0.0
GE-0000419,G11,Gestor 11,2025-08,KB-108282,Retail,Préstamo personal,Montevideo,1-30,Llamada,False,77.2,0.514,intencion_pago,6,Promesa,25870.0,13532.0
GE-0000420,G11,Gestor 11,2025-08,KB-111927,Retail,Tarjeta de crédito,Montevideo,1-30,WhatsApp,False,70.9,0.106,neutro,5,Promesa,20020.0,9784.0
GE-0000421,G11,Gestor 11,2025-08,KB-110394,Retail,Tarjeta de crédito,Montevideo,1-30,WhatsApp,False,68.2,-0.085,objecion,2,Pago,15480.0,10492.0
GE-0000422,G11,Gestor 11,2025-08,KB-105759,Retail,Financiación retail,Canelones,1-30,Llamada,False,69.4,0.227,neutro,3,Promesa,13960.0,8126.0
GE-0000423,G11,Gestor 11,2025-08,KB-103620,Retail,Préstamo personal,Trinidad,91-180,Llamada,False,71.9,-0.162,ansiedad,5,No contacto,19120.0,0.0
GE-0000424,G11,Gestor 11,2025-08,KB-105210,Retail,Tarjeta de crédito,Colonia,91-180,Llamada,False,74.8,0.182,neutro,4,Promesa,23000.0,11628.0
GE-0000425,G11,Gestor 11,2025-08,KB-110870,Corporativo,Cuenta corriente,Montevideo,91-180,Llamada,False,69.6,-0.29,dificultad_economica,5,Promesa,564090.0,180757.0
GE-0000426,G11,Gestor 11,2025-08,KB-111065,Retail,Tarjeta de crédito,Canelones,91-180,WhatsApp,False,56.5,-0.27,ansiedad,1,No contacto,30260.0,0.0
GE-0000427,G11,Gestor 11,2025-08,KB-107085,Pyme,Tarjeta de crédito,Montevideo,1-30,Llamada,False,53.1,0.638,intencion_pago,4,No contacto,88130.0,0.0
GE-0000428,G11,Gestor 11,2025-08,KB-111663,Retail,Tarjeta de crédito,Montevideo,61-90,WhatsApp,False,80.5,0.139,objecion,3,Promesa,20120.0,11050.0
GE-0000429,G11,Gestor 11,2025-08,KB-105604,Retail,Préstamo personal,Paysandú,180+,WhatsApp,False,55.4,-0.35,enojo,3,Sin acuerdo,31620.0,0.0
GE-0000430,G11,Gestor 11,2025-08,KB-100064,Pyme,Cuenta corriente,San José,1-30,WhatsApp,False,69.3,-0.001,neutro,3,Pago,75460.0,66065.0
GE-0000431,G11,Gestor 11,2025-08,KB-108220,Retail,Préstamo personal,Canelones,91-180,WhatsApp,False,62.0,-0.601,enojo,3,Sin acuerdo,29020.0,0.0
GE-0000432,G11,Gestor 11,2025-08,KB-104345,Pyme,Préstamo personal,Montevideo,31-60,Llamada,False,70.6,-0.01,objecion,4,Sin acuerdo,50490.0,0.0
GE-0000433,G11,Gestor 11,2025-08,KB-102166,Retail,Microcrédito,Montevideo,1-30,WhatsApp,False,73.7,-0.325,ansiedad,3,No contacto,27930.0,0.0
GE-0000434,G11,Gestor 11,2025-08,KB-105221,Retail,Préstamo personal,Montevideo,1-30,Llamada,False,54.6,0.408,intencion_pago,4,Promesa,25020.0,10712.0
GE-0000435,G11,Gestor 11,2025-08,KB-103639,Retail,Crédito automotor,Maldonado,31-60,Llamada,False,79.3,0.028,neutro,4,Pago,47600.0,37417.0
GE-0000436,G11,Gestor 11,2025-08,KB-101183,Pyme,Préstamo personal,Montevideo,1-30,WhatsApp,False,56.6,-0.04,neutro,2,Promesa,46330.0,22878.0
GE-0000437,G11,Gestor 11,2025-08,KB-108217,Pyme,Tarjeta de crédito,Cerro Largo,31-60,WhatsApp,False,69.9,0.007,neutro,5,Promesa,63910.0,28379.0
GE-0000438,G11,Gestor 11,2025-08,KB-106102,Retail,Préstamo personal,Maldonado,1-30,WhatsApp,False,82.2,0.545,intencion_pago,4,Promesa,8360.0,4718.0
GE-0000439,G11,Gestor 11,2025-08,KB-109071,Retail,Préstamo personal,Durazno,31-60,Llamada,False,63.4,0.528,intencion_pago,2,Pago,46960.0,45220.0
GE-0000440,G11,Gestor 11,2025-08,KB-110619,Retail,Microcrédito,Canelones,31-60,WhatsApp,False,79.0,-0.222,frustracion,5,Pago,34820.0,30900.0
GE-0000441,G11,Gestor 11,2025-08,KB-101538,Pyme,Cuenta corriente,Montevideo,31-60,Llamada,False,75.2,0.047,objecion,4,Sin acuerdo,104640.0,0.0
GE-0000442,G11,Gestor 11,2025-08,KB-101305,Retail,Crédito automotor,Montevideo,91-180,WhatsApp,False,81.5,0.104,ansiedad,4,Sin acuerdo,59780.0,0.0
GE-0000443,G11,Gestor 11,2025-08,KB-109391,Retail,Crédito automotor,San José,180+,WhatsApp,False,61.5,-0.573,enojo,4,Promesa,78670.0,23762.0
GE-0000444,G11,Gestor 11,2025-08,KB-102824,Retail,Préstamo personal,Montevideo,91-180,Llamada,False,65.2,-0.388,dificultad_economica,3,Sin acuerdo,19380.0,0.0
GE-0000445,G11,Gestor 11,2025-08,KB-103295,Corporativo,Crédito automotor,Montevideo,1-30,Llamada,False,64.3,0.35,intencion_pago,3,Pago,216800.0,212698.0
GE-0000446,G11,Gestor 11,2025-08,KB-107335,Retail,Tarjeta de crédito,Montevideo,31-60,Llamada,False,67.7,0.46,intencion_pago,4,Pago,39680.0,36857.0
GE-0000447,G11,Gestor 11,2025-08,KB-105705,Pyme,Préstamo personal,Montevideo,31-60,Llamada,False,73.8,0.613,intencion_pago,5,Promesa,212200.0,119650.0
GE-0000448,G11,Gestor 11,2025-08,KB-102107,Retail,Préstamo personal,Montevideo,91-180,Llamada,False,73.5,-0.259,dificultad_economica,5,Promesa,24420.0,13621.0
GE-0000449,G11,Gestor 11,2025-08,KB-105396,Corporativo,Cuenta corriente,Canelones,31-60,Llamada,False,71.0,0.076,neutro,5,Promesa,283610.0,149054.0
GE-0000450,G11,Gestor 11,2025-08,KB-108311,Retail,Cuenta corriente,Flores,1-30,WhatsApp,False,61.7,-0.136,objecion,4,Promesa,46390.0,27145.0
GE-0000451,G11,Gestor 11,2025-08,KB-102366,Retail,Préstamo personal,Canelones,91-180,WhatsApp,False,71.1,-0.148,objecion,4,Promesa,18420.0,5627.0
GE-0000452,G11,Gestor 11,2025-08,KB-106200,Corporativo,Tarjeta de crédito,Canelones,91-180,Llamada,False,79.4,-0.324,frustracion,4,No contacto,279600.0,0.0
GE-0000453,G11,Gestor 11,2025-08,KB-106566,Retail,Préstamo personal,Rivera,91-180,Llamada,False,69.0,-0.07,ansiedad,3,Promesa,26330.0,11109.0
GE-0000454,G11,Gestor 11,2025-08,KB-102454,Pyme,Crédito automotor,Montevideo,180+,WhatsApp,False,70.5,-0.528,enojo,5,Pago,224800.0,149870.0
GE-0000455,G11,Gestor 11,2025-08,KB-111046,Retail,Préstamo personal,Montevideo,31-60,WhatsApp,False,80.2,0.623,intencion_pago,3,Promesa,6150.0,2404.0
GE-0000456,G12,Gestor 12,2025-08,KB-105540,Retail,Préstamo personal,Montevideo,61-90,Llamada,False,83.7,-0.122,objecion,3,Sin acuerdo,27810.0,0.0
GE-0000457,G12,Gestor 12,2025-08,KB-107144,Retail,Microcrédito,Montevideo,61-90,WhatsApp,False,68.8,-0.269,ansiedad,3,No contacto,178980.0,0.0
GE-0000458,G12,Gestor 12,2025-08,KB-107675,Pyme,Microcrédito,Florida,91-180,Llamada,False,62.2,-0.189,objecion,1,Promesa,42310.0,16208.0
GE-0000459,G12,Gestor 12,2025-08,KB-104603,Retail,Tarjeta de crédito,Canelones,91-180,WhatsApp,False,77.4,-0.233,dificultad_economica,5,Pago,51810.0,43614.0
GE-0000460,G12,Gestor 12,2025-08,KB-100031,Retail,Préstamo personal,Artigas,61-90,Llamada,False,56.0,-0.09,ansiedad,2,No contacto,27750.0,0.0
GE-0000461,G12,Gestor 12,2025-08,KB-102707,Retail,Préstamo personal,Canelones,61-90,Llamada,False,75.0,-0.108,objecion,2,Promesa,16340.0,7743.0
GE-0000462,G12,Gestor 12,2025-08,KB-111974,Retail,Préstamo personal,Montevideo,91-180,Llamada,False,64.7,-0.795,enojo,5,Sin acuerdo,50140.0,0.0
GE-0000463,G12,Gestor 12,2025-08,KB-104761,Pyme,Financiación retail,Florida,1-30,Llamada,False,76.7,0.104,neutro,4,Pago,305030.0,256302.0
GE-0000464,G12,Gestor 12,2025-08,KB-107674,Retail,Financiación retail,Montevideo,180+,Llamada,False,73.4,-0.177,dificultad_economica,3,Pago,37670.0,23823.0
GE-0000465,G12,Gestor 12,2025-08,KB-102382,Retail,Tarjeta de crédito,Canelones,91-180,Llamada,False,73.0,-0.189,dificultad_economica,4,Pago,39910.0,38062.0
GE-0000466,G12,Gestor 12,2025-08,KB-100161,Retail,Financiación retail,Artigas,91-180,Llamada,False,64.4,-0.401,enojo,3,No contacto,33290.0,0.0
GE-0000467,G12,Gestor 12,2025-08,KB-102313,Retail,Préstamo personal,Maldonado,61-90,WhatsApp,False,77.8,-0.28,dificultad_economica,4,Promesa,20070.0,6862.0
GE-0000468,G12,Gestor 12,2025-08,KB-108171,Retail,Tarjeta de crédito,Colonia,31-60,Llamada,False,63.9,0.186,neutro,4,Promesa,22170.0,12398.0
GE-0000469,G12,Gestor 12,2025-08,KB-108594,Retail,Cuenta corriente,Rocha,91-180,WhatsApp,False,69.9,-0.281,objecion,4,Pago,23560.0,18237.0
GE-0000470,G12,Gestor 12,2025-08,KB-106867,Pyme,Préstamo personal,Montevideo,91-180,Llamada,False,63.9,-0.331,dificultad_economica,3,Pago,126320.0,83885.0
GE-0000471,G12,Gestor 12,2025-08,KB-111507,Pyme,Cuenta corriente,Rivera,31-60,Llamada,False,57.3,0.127,neutro,4,Pago,40960.0,37726.0
GE-0000472,G12,Gestor 12,2025-08,KB-109066,Retail,Tarjeta de crédito,Montevideo,31-60,Llamada,False,74.4,0.573,intencion_pago,4,Sin acuerdo,28940.0,0.0
GE-0000473,G12,Gestor 12,2025-08,KB-104936,Pyme,Tarjeta de crédito,Florida,31-60,WhatsApp,False,55.7,-0.731,enojo,4,Pago,156800.0,153073.0
GE-0000474,G12,Gestor 12,2025-08,KB-110383,Pyme,Tarjeta de crédito,Colonia,91-180,WhatsApp,False,72.9,-0.269,frustracion,4,No contacto,123320.0,0.0
GE-0000475,G12,Gestor 12,2025-08,KB-108632,Pyme,Cuenta corriente,Artigas,1-30,Llamada,False,67.7,-0.292,frustracion,4,Sin acuerdo,24260.0,0.0
GE-0000476,G12,Gestor 12,2025-08,KB-110328,Pyme,Tarjeta de crédito,Montevideo,91-180,WhatsApp,False,64.5,0.017,objecion,4,Pago,79720.0,73275.0
GE-0000477,G12,Gestor 12,2025-08,KB-103536,Corporativo,Financiación retail,Rivera,61-90,Llamada,False,79.9,-0.099,objecion,6,Pago,371640.0,271991.0
GE-0000478,G12,Gestor 12,2025-08,KB-103130,Retail,Tarjeta de crédito,Maldonado,180+,Llamada,False,66.3,-0.745,enojo,4,Sin acuerdo,22490.0,0.0
GE-0000479,G12,Gestor 12,2025-08,KB-107182,Retail,Tarjeta de crédito,Montevideo,1-30,Llamada,False,60.3,0.113,neutro,5,No contacto,17170.0,0.0
GE-0000480,G12,Gestor 12,2025-08,KB-111909,Corporativo,Préstamo personal,Montevideo,61-90,WhatsApp,False,54.3,-0.358,ansiedad,1,Pago,686360.0,548650.0
GE-0000481,G12,Gestor 12,2025-08,KB-101281,Corporativo,Préstamo personal,Paysandú,1-30,WhatsApp,False,58.4,-0.308,ansiedad,3,Promesa,651370.0,248472.0
GE-0000482,G12,Gestor 12,2025-08,KB-102152,Retail,Cuenta corriente,Tacuarembó,61-90,Llamada,False,75.0,-0.525,enojo,4,Sin acuerdo,15850.0,0.0
GE-0000483,G12,Gestor 12,2025-08,KB-103588,Pyme,Tarjeta de crédito,Treinta y Tres,31-60,Llamada,False,65.8,-0.019,neutro,4,Pago,56940.0,54399.0
GE-0000484,G12,Gestor 12,2025-08,KB-110203,Retail,Préstamo personal,Canelones,91-180,Llamada,False,63.9,-0.66,enojo,2,Promesa,19990.0,11635.0
GE-0000485,G12,Gestor 12,2025-08,KB-110755,Retail,Financiación retail,Rivera,1-30,Llamada,False,62.1,0.443,intencion_pago,2,Pago,12090.0,11149.0
GE-0000486,G12,Gestor 12,2025-08,KB-107613,Retail,Crédito automotor,Paysandú,1-30,Llamada,False,65.7,0.666,intencion_pago,3,Promesa,30100.0,16950.0
GE-0000487,G12,Gestor 12,2025-08,KB-109507,Retail,Tarjeta de crédito,Canelones,180+,WhatsApp,False,65.1,-0.275,dificultad_economica,1,Promesa,19470.0,5892.0
GE-0000488,G12,Gestor 12,2025-08,KB-108576,Corporativo,Cuenta corriente,Salto,31-60,Llamada,False,81.6,0.486,intencion_pago,5,Promesa,2060570.0,748216.0
GE-0000489,G12,Gestor 12,2025-08,KB-108826,Corporativo,Tarjeta de crédito,Montevideo,31-60,Llamada,False,58.8,-0.287,ansiedad,4,Promesa,427910.0,203770.0
GE-0000490,G12,Gestor 12,2025-08,KB-108696,Retail,Tarjeta de crédito,Florida,1-30,WhatsApp,False,58.2,-0.049,neutro,4,Pago,31460.0,28750.0
GE-0000491,G12,Gestor 12,2025-08,KB-105812,Retail,Tarjeta de crédito,Montevideo,31-60,WhatsApp,False,63.0,0.303,intencion_pago,5,Sin acuerdo,49130.0,0.0
GE-0000492,G12,Gestor 12,2025-08,KB-108528,Retail,Cuenta corriente,Durazno,1-30,WhatsApp,False,82.1,0.614,intencion_pago,4,Sin acuerdo,28160.0,0.0
GE-0000493,G12,Gestor 12,2025-08,KB-100219,Pyme,Cuenta corriente,Paysandú,1-30,WhatsApp,False,81.8,0.696,intencion_pago,5,Pago,371800.0,281730.0
GE-0000494,G12,Gestor 12,2025-08,KB-103796,Retail,Tarjeta de crédito,Montevideo,61-90,Llamada,False,66.6,-0.522,dificultad_economica,2,Promesa,65270.0,26496.0
GE-0000495,G12,Gestor 12,2025-08,KB-105957,Corporativo,Préstamo personal,Montevideo,180+,Llamada,False,70.5,-0.2,objecion,3,No contacto,262290.0,0.0
GE-0000496,G12,Gestor 12,2025-08,KB-100435,Corporativo,Crédito automotor,Canelones,31-60,Llamada,False,69.2,0.715,intencion_pago,3,Promesa,341270.0,184922.0
GE-0000497,G12,Gestor 12,2025-08,KB-111170,Retail,Financiación retail,San José,1-30,Llamada,False,77.2,0.132,neutro,3,Sin acuerdo,74580.0,0.0
GE-0000498,G12,Gestor 12,2025-08,KB-101097,Corporativo,Tarjeta de crédito,Montevideo,31-60,Llamada,False,62.7,-0.16,objecion,5,No contacto,857610.0,0.0
GE-0000499,G01,Gestor 01,2025-09,KB-106619,Pyme,Tarjeta de crédito,Canelones,91-180,WhatsApp,False,66.8,-0.12,objecion,4,Pago,110710.0,74585.0
GE-0000500,G01,Gestor 01,2025-09,KB-102611,Retail,Crédito automotor,Colonia,31-60,Llamada,False,75.8,0.324,neutro,4,Pago,15480.0,14904.0
GE-0000501,G01,Gestor 01,2025-09,KB-108427,Retail,Financiación retail,San José,1-30,Llamada,False,58.6,0.773,intencion_pago,4,Pago,13440.0,8395.0
GE-0000502,G01,Gestor 01,2025-09,KB-111651,Corporativo,Crédito automotor,Rivera,1-30,WhatsApp,False,70.2,-0.335,ansiedad,3,Pago,466810.0,439922.0
GE-0000503,G01,Gestor 01,2025-09,KB-102954,Retail,Microcrédito,Montevideo,180+,WhatsApp,False,73.2,-0.445,enojo,6,Promesa,32950.0,16756.0
GE-0000504,G01,Gestor 01,2025-09,KB-108921,Pyme,Préstamo personal,Montevideo,1-30,WhatsApp,False,65.7,0.46,intencion_pago,3,Promesa,73920.0,36897.0
GE-0000505,G01,Gestor 01,2025-09,KB-106598,Retail,Préstamo personal,Florida,61-90,WhatsApp,False,48.4,-0.478,enojo,3,Pago,6290.0,4941.0
GE-0000506,G01,Gestor 01,2025-09,KB-103360,Retail,Financiación retail,Montevideo,31-60,Llamada,False,64.8,-0.539,frustracion,2,No contacto,11900.0,0.0
GE-0000507,G01,Gestor 01,2025-09,KB-103676,Retail,Tarjeta de crédito,Tacuarembó,31-60,WhatsApp,False,69.3,0.139,neutro,5,Sin acuerdo,9570.0,0.0
GE-0000508,G01,Gestor 01,2025-09,KB-110473,Pyme,Financiación retail,Montevideo,61-90,Llamada,False,64.0,-0.289,dificultad_economica,4,Promesa,73260.0,32658.0
GE-0000509,G01,Gestor 01,2025-09,KB-104782,Retail,Préstamo personal,Montevideo,61-90,Llamada,False,60.8,-0.241,ansiedad,4,Promesa,50050.0,22923.0
GE-0000510,G01,Gestor 01,2025-09,KB-106839,Retail,Financiación retail,Artigas,180+,Llamada,False,76.1,-0.631,enojo,3,Pago,19270.0,12454.0
GE-0000511,G01,Gestor 01,2025-09,KB-104115,Retail,Crédito automotor,Montevideo,31-60,WhatsApp,False,55.6,-0.029,neutro,2,Pago,11990.0,8414.0
GE-0000512,G01,Gestor 01,2025-09,KB-109145,Retail,Préstamo personal,Rocha,31-60,WhatsApp,False,66.3,-0.148,ansiedad,3,Promesa,13630.0,6288.0
GE-0000513,G01,Gestor 01,2025-09,KB-110449,Retail,Cuenta corriente,Canelones,91-180,Llamada,False,68.2,-0.01,neutro,4,Sin acuerdo,17360.0,0.0
GE-0000514,G01,Gestor 01,2025-09,KB-100829,Retail,Crédito automotor,Florida,61-90,WhatsApp,False,70.9,-0.448,frustracion,4,Sin acuerdo,86240.0,0.0
GE-0000515,G01,Gestor 01,2025-09,KB-107244,Pyme,Préstamo personal,Canelones,180+,Llamada,False,73.1,-0.667,enojo,4,Pago,136760.0,86869.0
GE-0000516,G01,Gestor 01,2025-09,KB-105450,Retail,Cuenta corriente,Artigas,91-180,WhatsApp,False,70.7,-0.005,neutro,4,Sin acuerdo,15810.0,0.0
GE-0000517,G01,Gestor 01,2025-09,KB-101753,Retail,Microcrédito,Paysandú,1-30,WhatsApp,False,59.4,0.403,intencion_pago,5,Promesa,16430.0,5912.0
GE-0000518,G01,Gestor 01,2025-09,KB-102382,Retail,Tarjeta de crédito,Canelones,91-180,WhatsApp,False,59.5,-0.532,enojo,2,Pago,39910.0,38062.0
GE-0000519,G01,Gestor 01,2025-09,KB-110205,Retail,Tarjeta de crédito,Canelones,31-60,WhatsApp,False,73.2,0.571,intencion_pago,4,Pago,39200.0,38520.0
GE-0000520,G01,Gestor 01,2025-09,KB-107453,Retail,Financiación retail,Tacuarembó,31-60,Llamada,False,58.2,0.637,intencion_pago,5,Sin acuerdo,73420.0,0.0
GE-0000521,G01,Gestor 01,2025-09,KB-107011,Retail,Cuenta corriente,Soriano,91-180,Llamada,False,70.7,-0.265,dificultad_economica,3,Promesa,45310.0,23008.0
GE-0000522,G01,Gestor 01,2025-09,KB-108999,Pyme,Tarjeta de crédito,Salto,91-180,WhatsApp,False,66.2,-0.003,objecion,4,Sin acuerdo,179140.0,0.0
GE-0000523,G01,Gestor 01,2025-09,KB-102996,Pyme,Crédito automotor,Canelones,31-60,WhatsApp,False,68.0,-0.315,frustracion,4,Promesa,62850.0,33918.0
GE-0000524,G01,Gestor 01,2025-09,KB-101723,Corporativo,Préstamo personal,Montevideo,1-30,Llamada,False,59.8,0.364,intencion_pago,4,Promesa,233230.0,129877.0
GE-0000525,G01,Gestor 01,2025-09,KB-102406,Pyme,Tarjeta de crédito,Maldonado,180+,WhatsApp,False,80.5,-0.134,enojo,4,Promesa,159440.0,58154.0
GE-0000526,G01,Gestor 01,2025-09,KB-103107,Retail,Préstamo personal,Montevideo,1-30,Llamada,False,67.7,-0.175,ansiedad,5,Pago,9590.0,7803.0
GE-0000527,G01,Gestor 01,2025-09,KB-102214,Retail,Préstamo personal,Rivera,1-30,WhatsApp,False,57.5,0.471,intencion_pago,2,Promesa,96060.0,51174.0
GE-0000528,G01,Gestor 01,2025-09,KB-101367,Retail,Préstamo personal,Canelones,91-180,Llamada,False,62.6,-0.371,dificultad_economica,3,No contacto,19520.0,0.0
GE-0000529,G01,Gestor 01,2025-09,KB-111098,Retail,Microcrédito,Montevideo,31-60,Llamada,False,70.2,0.142,neutro,3,Sin acuerdo,8040.0,0.0
GE-0000530,G01,Gestor 01,2025-09,KB-109001,Corporativo,Tarjeta de crédito,Canelones,1-30,Llamada,False,55.2,0.109,neutro,4,Sin acuerdo,487660.0,0.0
GE-0000531,G01,Gestor 01,2025-09,KB-100572,Corporativo,Préstamo personal,San José,31-60,Llamada,False,50.7,-0.125,objecion,3,Pago,698160.0,685532.0
GE-0000532,G01,Gestor 01,2025-09,KB-100585,Corporativo,Préstamo personal,Montevideo,91-180,WhatsApp,False,52.8,-0.368,frustracion,3,Pago,666100.0,463392.0
GE-0000533,G01,Gestor 01,2025-09,KB-103148,Retail,Préstamo personal,Maldonado,31-60,WhatsApp,False,59.0,-0.119,neutro,2,Pago,57280.0,49810.0
GE-0000534,G01,Gestor 01,2025-09,KB-102212,Retail,Tarjeta de crédito,Montevideo,180+,WhatsApp,False,55.3,-0.496,enojo,1,Sin acuerdo,22110.0,0.0
GE-0000535,G01,Gestor 01,2025-09,KB-106812,Pyme,Tarjeta de crédito,Paysandú,31-60,WhatsApp,False,61.4,-0.053,ansiedad,3,Promesa,189280.0,97211.0
GE-0000536,G01,Gestor 01,2025-09,KB-103349,Retail,Microcrédito,Montevideo,1-30,Llamada,False,62.0,0.548,intencion_pago,4,Pago,8150.0,8132.0
GE-0000537,G01,Gestor 01,2025-09,KB-100299,Retail,Préstamo personal,Montevideo,1-30,WhatsApp,False,64.3,-0.052,neutro,4,Pago,9790.0,9545.0
GE-0000538,G01,Gestor 01,2025-09,KB-103596,Retail,Financiación retail,Lavalleja,91-180,WhatsApp,False,74.4,-0.208,frustracion,5,Sin acuerdo,12920.0,0.0
GE-0000539,G01,Gestor 01,2025-09,KB-102425,Pyme,Préstamo personal,Maldonado,91-180,Llamada,False,50.0,-0.421,dificultad_economica,2,Promesa,463610.0,164620.0
GE-0000540,G01,Gestor 01,2025-09,KB-103750,Retail,Microcrédito,Montevideo,1-30,WhatsApp,False,54.4,0.297,intencion_pago,2,Promesa,40460.0,21706.0
GE-0000541,G02,Gestor 02,2025-09,KB-104385,Retail,Financiación retail,Montevideo,180+,WhatsApp,False,48.8,-0.325,frustracion,3,Pago,14040.0,12670.0
GE-0000542,G02,Gestor 02,2025-09,KB-105823,Retail,Tarjeta de crédito,Canelones,1-30,WhatsApp,False,61.5,0.539,intencion_pago,3,Promesa,52370.0,29580.0
GE-0000543,G02,Gestor 02,2025-09,KB-108861,Retail,Tarjeta de crédito,Durazno,91-180,WhatsApp,False,45.9,-0.066,objecion,2,No contacto,31650.0,0.0
GE-0000544,G02,Gestor 02,2025-09,KB-111989,Retail,Préstamo personal,Trinidad,61-90,Llamada,False,41.4,-0.737,enojo,2,Promesa,23040.0,11677.0
GE-0000545,G02,Gestor 02,2025-09,KB-102194,Corporativo,Cuenta corriente,Rivera,31-60,Llamada,False,45.6,-0.009,neutro,1,Promesa,221100.0,122218.0
GE-0000546,G02,Gestor 02,2025-09,KB-106885,Retail,Préstamo personal,Maldonado,1-30,Llamada,False,48.7,0.114,intencion_pago,2,Promesa,34470.0,17479.0
GE-0000547,G02,Gestor 02,2025-09,KB-111138,Pyme,Tarjeta de crédito,Durazno,91-180,WhatsApp,False,61.3,-0.615,enojo,3,Pago,101420.0,75183.0
GE-0000548,G02,Gestor 02,2025-09,KB-100779,Corporativo,Préstamo personal,Montevideo,31-60,Llamada,False,60.3,-0.04,neutro,3,Promesa,165690.0,78046.0
GE-0000549,G02,Gestor 02,2025-09,KB-110491,Retail,Préstamo personal,Colonia,91-180,WhatsApp,False,48.2,-0.548,frustracion,3,No contacto,13850.0,0.0
GE-0000550,G02,Gestor 02,2025-09,KB-108384,Retail,Préstamo personal,Canelones,91-180,Llamada,False,49.4,-0.679,enojo,3,No contacto,72240.0,0.0
GE-0000551,G02,Gestor 02,2025-09,KB-100134,Corporativo,Crédito automotor,Canelones,1-30,WhatsApp,False,48.0,-0.107,objecion,2,Promesa,1504790.0,875300.0
GE-0000552,G02,Gestor 02,2025-09,KB-106350,Retail,Cuenta corriente,Montevideo,91-180,Llamada,False,57.0,-0.302,frustracion,4,No contacto,29650.0,0.0
GE-0000553,G02,Gestor 02,2025-09,KB-104378,Pyme,Microcrédito,San José,31-60,WhatsApp,False,56.5,0.362,intencion_pago,2,Sin acuerdo,190270.0,0.0
GE-0000554,G02,Gestor 02,2025-09,KB-109641,Corporativo,Financiación retail,San José,91-180,Llamada,False,51.2,-0.213,dificultad_economica,3,Pago,622770.0,568541.0
GE-0000555,G02,Gestor 02,2025-09,KB-111107,Retail,Tarjeta de crédito,Río Negro,31-60,WhatsApp,False,61.7,0.316,intencion_pago,3,Promesa,6830.0,3292.0
GE-0000556,G02,Gestor 02,2025-09,KB-109231,Retail,Préstamo personal,Montevideo,1-30,Llamada,False,59.9,0.12,neutro,3,Sin acuerdo,70060.0,0.0
GE-0000557,G02,Gestor 02,2025-09,KB-101895,Retail,Microcrédito,Montevideo,31-60,Llamada,False,52.8,-0.212,neutro,2,Pago,13120.0,12418.0
GE-0000558,G02,Gestor 02,2025-09,KB-105073,Retail,Préstamo personal,Canelones,91-180,Llamada,False,50.7,-0.576,frustracion,1,No contacto,78050.0,0.0
GE-0000559,G02,Gestor 02,2025-09,KB-102531,Retail,Microcrédito,Canelones,1-30,Llamada,False,66.1,-0.245,objecion,3,Promesa,15430.0,6409.0
GE-0000560,G02,Gestor 02,2025-09,KB-104915,Retail,Préstamo personal,Canelones,91-180,Llamada,False,57.0,-0.307,dificultad_economica,3,Sin acuerdo,29230.0,0.0
GE-0000561,G02,Gestor 02,2025-09,KB-100411,Corporativo,Cuenta corriente,Canelones,61-90,WhatsApp,False,49.9,-0.725,enojo,2,Promesa,2117060.0,1109848.0
GE-0000562,G02,Gestor 02,2025-09,KB-109536,Pyme,Crédito automotor,Montevideo,61-90,Llamada,False,52.2,0.037,neutro,2,Pago,200390.0,154618.0
GE-0000563,G02,Gestor 02,2025-09,KB-106675,Retail,Préstamo personal,Paysandú,91-180,Llamada,False,52.9,-0.399,frustracion,3,Sin acuerdo,41560.0,0.0
GE-0000564,G02,Gestor 02,2025-09,KB-110042,Retail,Tarjeta de crédito,Montevideo,31-60,WhatsApp,False,40.8,-0.197,objecion,1,No contacto,16720.0,0.0
GE-0000565,G02,Gestor 02,2025-09,KB-110578,Retail,Préstamo personal,Montevideo,1-30,WhatsApp,False,44.9,-0.148,objecion,3,Promesa,12980.0,7671.0
GE-0000566,G02,Gestor 02,2025-09,KB-110986,Retail,Préstamo personal,San José,1-30,WhatsApp,False,52.1,0.457,intencion_pago,2,Promesa,29730.0,16810.0
GE-0000567,G02,Gestor 02,2025-09,KB-107605,Pyme,Financiación retail,Montevideo,91-180,Llamada,False,44.1,-0.125,neutro,1,Sin acuerdo,189550.0,0.0
GE-0000568,G02,Gestor 02,2025-09,KB-103203,Pyme,Préstamo personal,Montevideo,91-180,Llamada,False,45.4,-0.696,frustracion,2,No contacto,222260.0,0.0
GE-0000569,G02,Gestor 02,2025-09,KB-110179,Retail,Crédito automotor,Montevideo,1-30,WhatsApp,False,46.9,-0.447,ansiedad,1,Sin acuerdo,13840.0,0.0
GE-0000570,G02,Gestor 02,2025-09,KB-106472,Corporativo,Préstamo personal,Maldonado,1-30,WhatsApp,False,49.7,-0.192,ansiedad,2,No contacto,256410.0,0.0
GE-0000571,G02,Gestor 02,2025-09,KB-105267,Retail,Tarjeta de crédito,Soriano,1-30,WhatsApp,False,53.7,-0.364,ansiedad,3,Promesa,22110.0,7464.0
GE-0000572,G02,Gestor 02,2025-09,KB-100247,Pyme,Préstamo personal,Soriano,91-180,WhatsApp,False,53.7,-0.13,objecion,3,No contacto,504570.0,0.0
GE-0000573,G02,Gestor 02,2025-09,KB-100645,Retail,Préstamo personal,Montevideo,61-90,WhatsApp,False,75.2,-0.279,frustracion,4,Sin acuerdo,37900.0,0.0
GE-0000574,G02,Gestor 02,2025-09,KB-100099,Pyme,Financiación retail,Soriano,1-30,WhatsApp,False,39.8,-0.742,enojo,2,No contacto,315690.0,0.0
GE-0000575,G02,Gestor 02,2025-09,KB-111408,Retail,Tarjeta de crédito,Montevideo,1-30,Llamada,False,47.4,-0.297,ansiedad,4,Pago,52560.0,47209.0
GE-0000576,G02,Gestor 02,2025-09,KB-100402,Pyme,Préstamo personal,Canelones,1-30,Llamada,False,53.2,0.148,neutro,2,No contacto,249840.0,0.0
GE-0000577,G02,Gestor 02,2025-09,KB-100262,Retail,Préstamo personal,Maldonado,91-180,Llamada,False,48.3,-0.548,dificultad_economica,3,Sin acuerdo,21080.0,0.0
GE-0000578,G02,Gestor 02,2025-09,KB-100400,Retail,Tarjeta de crédito,Colonia,91-180,WhatsApp,False,64.3,-0.05,objecion,2,No contacto,18860.0,0.0
GE-0000579,G02,Gestor 02,2025-09,KB-107642,Retail,Microcrédito,Maldonado,1-30,Llamada,False,53.5,0.309,intencion_pago,1,Promesa,27840.0,16183.0
GE-0000580,G02,Gestor 02,2025-09,KB-102731,Retail,Tarjeta de crédito,Montevideo,31-60,WhatsApp,False,63.5,-0.012,ansiedad,4,Promesa,34390.0,16922.0
GE-0000581,G03,Gestor 03,2025-09,KB-109689,Corporativo,Tarjeta de crédito,Maldonado,61-90,Llamada,False,73.2,0.189,neutro,2,Promesa,208160.0,80203.0
GE-0000582,G03,Gestor 03,2025-09,KB-111736,Corporativo,Cuenta corriente,Montevideo,91-180,WhatsApp,False,68.9,-0.049,ansiedad,4,Promesa,899780.0,520744.0
GE-0000583,G03,Gestor 03,2025-09,KB-104330,Corporativo,Financiación retail,San José,31-60,WhatsApp,False,77.4,-0.081,ansiedad,4,Pago,459210.0,318271.0
GE-0000584,G03,Gestor 03,2025-09,KB-100623,Retail,Préstamo personal,Canelones,180+,Llamada,False,61.1,-0.365,frustracion,4,Promesa,35700.0,13885.0
GE-0000585,G03,Gestor 03,2025-09,KB-111740,Retail,Préstamo personal,Maldonado,1-30,WhatsApp,False,77.4,-0.042,ansiedad,4,Promesa,53530.0,25188.0
GE-0000586,G03,Gestor 03,2025-09,KB-110250,Retail,Crédito automotor,Montevideo,91-180,WhatsApp,False,59.2,-0.206,frustracion,3,Promesa,24570.0,8244.0
GE-0000587,G03,Gestor 03,2025-09,KB-101570,Retail,Microcrédito,Rivera,61-90,WhatsApp,False,60.5,-0.565,frustracion,2,No contacto,40690.0,0.0
GE-0000588,G03,Gestor 03,2025-09,KB-106703,Retail,Tarjeta de crédito,Montevideo,1-30,WhatsApp,False,67.7,-0.398,frustracion,4,Pago,44030.0,39553.0
GE-0000589,G03,Gestor 03,2025-09,KB-105399,Pyme,Préstamo personal,Lavalleja,61-90,Llamada,False,74.0,-0.525,enojo,3,Promesa,139420.0,47977.0
GE-0000590,G03,Gestor 03,2025-09,KB-102759,Pyme,Microcrédito,Tacuarembó,61-90,Llamada,False,81.3,-0.352,dificultad_economica,3,No contacto,53360.0,0.0
GE-0000591,G03,Gestor 03,2025-09,KB-106124,Retail,Microcrédito,Canelones,31-60,WhatsApp,False,67.3,0.129,neutro,4,No contacto,83640.0,0.0
GE-0000592,G03,Gestor 03,2025-09,KB-108907,Retail,Tarjeta de crédito,Río Negro,31-60,WhatsApp,False,66.1,-0.017,neutro,3,Promesa,9560.0,5432.0
GE-0000593,G03,Gestor 03,2025-09,KB-110944,Retail,Tarjeta de crédito,Canelones,91-180,WhatsApp,False,72.0,-0.118,objecion,5,Sin acuerdo,42090.0,0.0
GE-0000594,G03,Gestor 03,2025-09,KB-103824,Retail,Tarjeta de crédito,Montevideo,1-30,WhatsApp,False,73.3,-0.026,neutro,5,Pago,18590.0,17107.0
GE-0000595,G03,Gestor 03,2025-09,KB-110567,Retail,Microcrédito,Montevideo,31-60,WhatsApp,False,66.7,0.583,intencion_pago,4,Pago,16140.0,9957.0
GE-0000596,G03,Gestor 03,2025-09,KB-108663,Corporativo,Préstamo personal,Trinidad,31-60,Llamada,False,69.7,0.078,neutro,5,Sin acuerdo,1932200.0,0.0
GE-0000597,G03,Gestor 03,2025-09,KB-108443,Corporativo,Microcrédito,Montevideo,1-30,Llamada,False,59.2,0.598,intencion_pago,4,Pago,164140.0,105130.0
GE-0000598,G03,Gestor 03,2025-09,KB-111009,Retail,Préstamo personal,Canelones,91-180,Llamada,False,68.2,-0.487,dificultad_economica,4,Sin acuerdo,26710.0,0.0
GE-0000599,G03,Gestor 03,2025-09,KB-110896,Retail,Préstamo personal,San José,31-60,WhatsApp,False,58.1,0.287,neutro,3,Promesa,18200.0,6554.0
GE-0000600,G03,Gestor 03,2025-09,KB-110052,Retail,Tarjeta de crédito,Salto,31-60,WhatsApp,False,85.0,0.049,objecion,3,Sin acuerdo,25070.0,0.0
GE-0000601,G03,Gestor 03,2025-09,KB-110865,Retail,Tarjeta de crédito,Montevideo,180+,WhatsApp,False,79.5,-0.249,frustracion,4,No contacto,22760.0,0.0
GE-0000602,G03,Gestor 03,2025-09,KB-101123,Pyme,Préstamo personal,Montevideo,180+,Llamada,False,64.2,-0.212,frustracion,4,Sin acuerdo,346890.0,0.0
GE-0000603,G03,Gestor 03,2025-09,KB-103759,Pyme,Crédito automotor,Paysandú,180+,WhatsApp,False,80.4,-0.201,frustracion,2,Pago,22000.0,13833.0
GE-0000604,G03,Gestor 03,2025-09,KB-111679,Pyme,Préstamo personal,Rocha,61-90,Llamada,False,68.4,-0.25,ansiedad,3,Pago,154390.0,97111.0
GE-0000605,G03,Gestor 03,2025-09,KB-101698,Retail,Microcrédito,Montevideo,91-180,Llamada,False,69.8,-0.148,dificultad_economica,5,Pago,19520.0,18602.0
GE-0000606,G03,Gestor 03,2025-09,KB-106996,Pyme,Préstamo personal,Montevideo,91-180,Llamada,False,66.6,-0.142,objecion,2,No contacto,53950.0,0.0
GE-0000607,G03,Gestor 03,2025-09,KB-110960,Retail,Tarjeta de crédito,Montevideo,1-30,WhatsApp,False,84.9,-0.186,ansiedad,5,Promesa,13540.0,6958.0
GE-0000608,G03,Gestor 03,2025-09,KB-103803,Retail,Préstamo personal,Flores,31-60,WhatsApp,False,78.3,0.126,neutro,4,Sin acuerdo,30520.0,0.0
GE-0000609,G03,Gestor 03,2025-09,KB-101318,Retail,Microcrédito,Montevideo,180+,Llamada,False,79.4,-0.364,dificultad_economica,2,Sin acuerdo,51730.0,0.0
GE-0000610,G03,Gestor 03,2025-09,KB-100557,Retail,Préstamo personal,San José,31-60,WhatsApp,False,63.6,-0.559,frustracion,5,Pago,48630.0,47425.0
GE-0000611,G03,Gestor 03,2025-09,KB-100213,Retail,Tarjeta de crédito,Montevideo,91-180,WhatsApp,False,69.2,-0.523,enojo,4,Promesa,42120.0,14870.0
GE-0000612,G03,Gestor 03,2025-09,KB-110944,Retail,Tarjeta de crédito,Canelones,91-180,Llamada,False,71.5,0.188,objecion,3,Pago,42090.0,37693.0
GE-0000613,G03,Gestor 03,2025-09,KB-103620,Retail,Préstamo personal,Trinidad,91-180,WhatsApp,False,72.0,-0.202,dificultad_economica,3,Promesa,19120.0,6655.0
GE-0000614,G03,Gestor 03,2025-09,KB-106515,Pyme,Tarjeta de crédito,Rocha,1-30,WhatsApp,False,59.9,0.516,intencion_pago,3,Sin acuerdo,49140.0,0.0
GE-0000615,G03,Gestor 03,2025-09,KB-102917,Pyme,Préstamo personal,Paysandú,31-60,Llamada,False,53.3,0.253,neutro,2,Pago,47620.0,33518.0
GE-0000616,G03,Gestor 03,2025-09,KB-111826,Retail,Préstamo personal,Tacuarembó,31-60,WhatsApp,False,69.4,0.164,neutro,4,No contacto,29690.0,0.0
GE-0000617,G03,Gestor 03,2025-09,KB-103554,Retail,Microcrédito,Lavalleja,61-90,WhatsApp,False,70.9,-0.294,frustracion,6,No contacto,23270.0,0.0
GE-0000618,G04,Gestor 04,2025-09,KB-105208,Retail,Crédito automotor,Cerro Largo,91-180,WhatsApp,False,55.0,-0.171,dificultad_economica,2,Pago,22250.0,21593.0
GE-0000619,G04,Gestor 04,2025-09,KB-101410,Pyme,Préstamo personal,Canelones,61-90,Llamada,False,62.0,-0.596,enojo,2,Sin acuerdo,203380.0,0.0
GE-0000620,G04,Gestor 04,2025-09,KB-103369,Corporativo,Microcrédito,Montevideo,1-30,Llamada,False,74.6,0.552,intencion_pago,4,Promesa,154550.0,73971.0
GE-0000621,G04,Gestor 04,2025-09,KB-106115,Retail,Microcrédito,Tacuarembó,31-60,WhatsApp,False,74.2,0.103,neutro,4,Pago,41660.0,40501.0
GE-0000622,G04,Gestor 04,2025-09,KB-102680,Retail,Préstamo personal,Montevideo,91-180,Llamada,False,76.6,-0.162,dificultad_economica,4,Promesa,18660.0,10629.0
GE-0000623,G04,Gestor 04,2025-09,KB-110415,Retail,Tarjeta de crédito,Montevideo,1-30,WhatsApp,False,77.9,0.128,neutro,5,Pago,62430.0,61989.0
GE-0000624,G04,Gestor 04,2025-09,KB-110659,Pyme,Préstamo personal,Maldonado,1-30,Llamada,False,72.7,0.025,neutro,4,No contacto,195350.0,0.0
GE-0000625,G04,Gestor 04,2025-09,KB-103567,Retail,Microcrédito,Canelones,1-30,WhatsApp,False,71.0,0.047,neutro,5,Promesa,18130.0,8576.0
GE-0000626,G04,Gestor 04,2025-09,KB-110892,Retail,Tarjeta de crédito,Montevideo,91-180,Llamada,False,57.8,-0.416,ansiedad,4,Promesa,101400.0,55921.0
GE-0000627,G04,Gestor 04,2025-09,KB-109583,Retail,Préstamo personal,Colonia,180+,Llamada,False,57.1,-0.702,enojo,4,Pago,25480.0,15750.0
GE-0000628,G04,Gestor 04,2025-09,KB-100023,Pyme,Financiación retail,Treinta y Tres,91-180,WhatsApp,False,69.0,-0.582,enojo,3,Sin acuerdo,133150.0,0.0
GE-0000629,G04,Gestor 04,2025-09,KB-110608,Retail,Tarjeta de crédito,Rocha,91-180,WhatsApp,False,68.9,-0.508,enojo,2,Promesa,26740.0,9662.0
GE-0000630,G04,Gestor 04,2025-09,KB-100497,Pyme,Préstamo personal,Canelones,1-30,Llamada,False,72.9,0.557,intencion_pago,5,Pago,159290.0,118227.0
GE-0000631,G04,Gestor 04,2025-09,KB-100382,Retail,Tarjeta de crédito,Rivera,91-180,WhatsApp,False,77.9,-0.563,enojo,3,Pago,49500.0,44475.0
GE-0000632,G04,Gestor 04,2025-09,KB-108246,Pyme,Préstamo personal,Montevideo,31-60,WhatsApp,False,79.2,-0.413,frustracion,4,Pago,240780.0,224835.0
GE-0000633,G04,Gestor 04,2025-09,KB-111601,Retail,Préstamo personal,Montevideo,1-30,WhatsApp,False,73.5,0.454,intencion_pago,5,Pago,31180.0,30569.0
GE-0000634,G04,Gestor 04,2025-09,KB-100849,Retail,Tarjeta de crédito,Montevideo,1-30,WhatsApp,False,67.8,0.753,intencion_pago,3,Promesa,25900.0,13196.0
GE-0000635,G04,Gestor 04,2025-09,KB-108985,Retail,Tarjeta de crédito,Montevideo,31-60,WhatsApp,False,67.5,-0.24,objecion,3,No contacto,45400.0,0.0
GE-0000636,G04,Gestor 04,2025-09,KB-111076,Retail,Tarjeta de crédito,Montevideo,180+,WhatsApp,False,77.2,-0.552,enojo,3,Sin acuerdo,18390.0,0.0
GE-0000637,G04,Gestor 04,2025-09,KB-101672,Retail,Tarjeta de crédito,Montevideo,61-90,Llamada,False,78.3,0.042,neutro,4,Pago,11010.0,9259.0
GE-0000638,G04,Gestor 04,2025-09,KB-101627,Pyme,Cuenta corriente,Colonia,31-60,Llamada,False,72.6,-0.2,ansiedad,3,Promesa,131890.0,66277.0
GE-0000639,G04,Gestor 04,2025-09,KB-105028,Corporativo,Tarjeta de crédito,Montevideo,1-30,WhatsApp,False,64.6,-0.055,objecion,5,Promesa,927090.0,463754.0
GE-0000640,G04,Gestor 04,2025-09,KB-108377,Retail,Préstamo personal,Colonia,31-60,Llamada,False,80.3,0.126,neutro,4,Promesa,24630.0,8755.0
GE-0000641,G04,Gestor 04,2025-09,KB-105702,Pyme,Tarjeta de crédito,San José,1-30,Llamada,False,72.3,-0.023,neutro,3,Pago,59060.0,57615.0
GE-0000642,G04,Gestor 04,2025-09,KB-111536,Retail,Préstamo personal,Treinta y Tres,61-90,WhatsApp,False,64.3,0.105,neutro,4,Pago,95380.0,69504.0
GE-0000643,G04,Gestor 04,2025-09,KB-111849,Retail,Préstamo personal,Montevideo,180+,WhatsApp,False,69.1,-0.265,dificultad_economica,4,Promesa,22250.0,7588.0
GE-0000644,G04,Gestor 04,2025-09,KB-111770,Retail,Préstamo personal,Montevideo,31-60,Llamada,False,51.8,0.188,objecion,3,Pago,59520.0,47965.0
GE-0000645,G04,Gestor 04,2025-09,KB-108660,Pyme,Cuenta corriente,Florida,91-180,Llamada,False,64.5,-0.119,objecion,3,Pago,140790.0,107477.0
GE-0000646,G04,Gestor 04,2025-09,KB-101469,Retail,Préstamo personal,Soriano,1-30,Llamada,False,70.5,0.6,intencion_pago,2,No contacto,53120.0,0.0
GE-0000647,G04,Gestor 04,2025-09,KB-101313,Retail,Tarjeta de crédito,Paysandú,31-60,WhatsApp,False,83.6,-0.113,objecion,5,Pago,74690.0,62530.0
GE-0000648,G04,Gestor 04,2025-09,KB-100660,Pyme,Préstamo personal,Montevideo,61-90,Llamada,False,75.0,-0.148,objecion,3,Pago,245540.0,206695.0
GE-0000649,G04,Gestor 04,2025-09,KB-107636,Retail,Préstamo personal,Lavalleja,61-90,Llamada,False,73.7,-0.093,ansiedad,2,Pago,6200.0,5194.0
GE-0000650,G04,Gestor 04,2025-09,KB-100835,Pyme,Cuenta corriente,Montevideo,1-30,Llamada,False,81.7,0.757,intencion_pago,3,Pago,100570.0,97543.0
GE-0000651,G04,Gestor 04,2025-09,KB-108950,Retail,Financiación retail,Montevideo,1-30,Llamada,False,67.2,0.449,intencion_pago,2,Pago,18010.0,17750.0
GE-0000652,G04,Gestor 04,2025-09,KB-102264,Pyme,Financiación retail,Colonia,31-60,Llamada,False,62.0,0.318,intencion_pago,2,No contacto,40460.0,0.0
GE-0000653,G04,Gestor 04,2025-09,KB-104832,Pyme,Préstamo personal,Montevideo,1-30,WhatsApp,False,73.0,0.645,intencion_pago,2,Pago,90750.0,81411.0
GE-0000654,G04,Gestor 04,2025-09,KB-108788,Retail,Cuenta corriente,Montevideo,180+,Llamada,False,90.0,-0.376,frustracion,3,Promesa,14430.0,4490.0
GE-0000655,G04,Gestor 04,2025-09,KB-110002,Pyme,Tarjeta de crédito,Canelones,31-60,WhatsApp,False,89.8,0.041,neutro,2,Pago,362690.0,314527.0
GE-0000656,G04,Gestor 04,2025-09,KB-108485,Pyme,Préstamo personal,Lavalleja,31-60,Llamada,False,65.3,0.574,intencion_pago,4,Pago,214720.0,208545.0
GE-0000657,G04,Gestor 04,2025-09,KB-110433,Pyme,Préstamo personal,Montevideo,1-30,WhatsApp,False,75.8,0.686,intencion_pago,5,Promesa,84740.0,43970.0
GE-0000658,G04,Gestor 04,2025-09,KB-110299,Pyme,Crédito automotor,Montevideo,61-90,Llamada,False,64.4,-0.087,ansiedad,4,No contacto,158540.0,0.0
GE-0000659,G04,Gestor 04,2025-09,KB-111092,Retail,Préstamo personal,Canelones,91-180,WhatsApp,False,72.1,-0.283,frustracion,4,Promesa,98730.0,30755.0
GE-0000660,G04,Gestor 04,2025-09,KB-100554,Corporativo,Préstamo personal,Soriano,1-30,WhatsApp,False,68.0,0.564,intencion_pago,4,Promesa,495810.0,262218.0
GE-0000661,G04,Gestor 04,2025-09,KB-108829,Retail,Tarjeta de crédito,Flores,31-60,Llamada,False,80.9,0.148,neutro,4,No contacto,35690.0,0.0
GE-0000662,G05,Gestor 05,2025-09,KB-108900,Retail,Microcrédito,Montevideo,1-30,Llamada,False,41.2,0.524,intencion_pago,0,No contacto,45750.0,0.0
GE-0000663,G05,Gestor 05,2025-09,KB-110654,Retail,Financiación retail,Montevideo,91-180,WhatsApp,False,39.4,-0.346,frustracion,3,Sin acuerdo,20340.0,0.0
GE-0000664,G05,Gestor 05,2025-09,KB-108196,Retail,Tarjeta de crédito,Canelones,1-30,WhatsApp,False,42.5,-0.407,ansiedad,1,Pago,31050.0,29346.0
GE-0000665,G05,Gestor 05,2025-09,KB-102776,Retail,Microcrédito,Paysandú,91-180,WhatsApp,False,31.9,-0.712,enojo,3,No contacto,43420.0,0.0
GE-0000666,G05,Gestor 05,2025-09,KB-110500,Corporativo,Préstamo personal,Montevideo,180+,Llamada,False,46.9,-0.276,dificultad_economica,3,Pago,109240.0,102580.0
GE-0000667,G05,Gestor 05,2025-09,KB-106694,Retail,Tarjeta de crédito,Montevideo,61-90,Llamada,False,41.6,-0.139,neutro,1,Promesa,84150.0,36783.0
GE-0000668,G05,Gestor 05,2025-09,KB-110683,Retail,Cuenta corriente,Canelones,1-30,Llamada,False,54.0,0.504,intencion_pago,2,Promesa,13450.0,5238.0
GE-0000669,G05,Gestor 05,2025-09,KB-101406,Pyme,Préstamo personal,Colonia,91-180,WhatsApp,False,49.3,-0.232,dificultad_economica,2,No contacto,334910.0,0.0
GE-0000670,G05,Gestor 05,2025-09,KB-102300,Retail,Tarjeta de crédito,Montevideo,61-90,Llamada,False,46.5,-0.235,ansiedad,5,No contacto,24820.0,0.0
GE-0000671,G05,Gestor 05,2025-09,KB-111779,Corporativo,Préstamo personal,Colonia,91-180,WhatsApp,False,41.9,-0.291,objecion,3,No contacto,1682780.0,0.0
GE-0000672,G05,Gestor 05,2025-09,KB-111370,Retail,Tarjeta de crédito,Cerro Largo,61-90,Llamada,False,49.9,-0.33,dificultad_economica,2,Promesa,26040.0,10880.0
GE-0000673,G05,Gestor 05,2025-09,KB-102934,Retail,Tarjeta de crédito,Montevideo,31-60,WhatsApp,False,41.9,-0.017,neutro,2,Sin acuerdo,11290.0,0.0
GE-0000674,G05,Gestor 05,2025-09,KB-102704,Pyme,Préstamo personal,Colonia,1-30,WhatsApp,False,37.3,-0.141,neutro,3,No contacto,34890.0,0.0
GE-0000675,G05,Gestor 05,2025-09,KB-101278,Retail,Crédito automotor,Maldonado,31-60,Llamada,False,34.6,0.444,intencion_pago,2,No contacto,14050.0,0.0
GE-0000676,G05,Gestor 05,2025-09,KB-111710,Retail,Préstamo personal,Trinidad,91-180,WhatsApp,False,62.0,-0.173,objecion,3,Promesa,45920.0,17449.0
GE-0000677,G05,Gestor 05,2025-09,KB-110960,Retail,Tarjeta de crédito,Montevideo,1-30,Llamada,False,44.2,-0.295,objecion,2,Promesa,13540.0,6958.0
GE-0000678,G05,Gestor 05,2025-09,KB-110393,Pyme,Financiación retail,Salto,31-60,Llamada,False,43.0,0.072,neutro,2,Pago,110040.0,86031.0
GE-0000679,G05,Gestor 05,2025-09,KB-104610,Retail,Préstamo personal,Rivera,1-30,WhatsApp,False,49.0,0.099,neutro,3,Sin acuerdo,101160.0,0.0
GE-0000680,G05,Gestor 05,2025-09,KB-101953,Retail,Crédito automotor,Canelones,1-30,Llamada,False,46.4,0.354,intencion_pago,2,Sin acuerdo,36490.0,0.0
GE-0000681,G05,Gestor 05,2025-09,KB-103248,Retail,Préstamo personal,Montevideo,31-60,Llamada,False,37.8,-0.072,neutro,0,Pago,10650.0,8575.0
GE-0000682,G05,Gestor 05,2025-09,KB-101249,Retail,Cuenta corriente,Cerro Largo,1-30,Llamada,False,43.2,-0.18,neutro,1,No contacto,43710.0,0.0
GE-0000683,G05,Gestor 05,2025-09,KB-108408,Retail,Tarjeta de crédito,Montevideo,31-60,Llamada,False,41.3,-0.061,objecion,3,Sin acuerdo,23670.0,0.0
GE-0000684,G05,Gestor 05,2025-09,KB-108557,Pyme,Tarjeta de crédito,Paysandú,91-180,WhatsApp,False,52.7,-0.435,dificultad_economica,1,No contacto,47830.0,0.0
GE-0000685,G05,Gestor 05,2025-09,KB-110448,Corporativo,Tarjeta de crédito,San José,91-180,WhatsApp,False,62.7,-0.379,dificultad_economica,2,Pago,251400.0,222771.0
GE-0000686,G05,Gestor 05,2025-09,KB-108542,Retail,Tarjeta de crédito,Montevideo,31-60,WhatsApp,False,48.8,-0.203,ansiedad,2,Pago,20390.0,17372.0
GE-0000687,G05,Gestor 05,2025-09,KB-102432,Retail,Microcrédito,Montevideo,31-60,WhatsApp,False,38.2,0.349,intencion_pago,3,Pago,81030.0,75881.0
GE-0000688,G05,Gestor 05,2025-09,KB-107959,Retail,Financiación retail,Rocha,180+,WhatsApp,False,56.2,-0.252,dificultad_economica,3,Promesa,26660.0,10685.0
GE-0000689,G05,Gestor 05,2025-09,KB-111944,Retail,Crédito automotor,Montevideo,1-30,Llamada,False,38.0,0.525,intencion_pago,3,Promesa,109040.0,61209.0
GE-0000690,G05,Gestor 05,2025-09,KB-100295,Pyme,Tarjeta de crédito,Tacuarembó,31-60,Llamada,False,39.3,0.276,intencion_pago,2,Pago,70690.0,50804.0
GE-0000691,G05,Gestor 05,2025-09,KB-105520,Retail,Préstamo personal,Canelones,1-30,Llamada,False,52.5,0.437,intencion_pago,2,Promesa,35390.0,19069.0
GE-0000692,G05,Gestor 05,2025-09,KB-106639,Retail,Crédito automotor,Cerro Largo,1-30,Llamada,False,47.2,0.31,intencion_pago,2,Sin acuerdo,21380.0,0.0
GE-0000693,G05,Gestor 05,2025-09,KB-105584,Retail,Tarjeta de crédito,Canelones,1-30,WhatsApp,False,36.4,0.364,intencion_pago,5,Sin acuerdo,39000.0,0.0
GE-0000694,G05,Gestor 05,2025-09,KB-103056,Pyme,Tarjeta de crédito,Montevideo,1-30,WhatsApp,False,55.8,0.04,neutro,5,Promesa,124550.0,56275.0
GE-0000695,G05,Gestor 05,2025-09,KB-109481,Retail,Préstamo personal,Lavalleja,31-60,WhatsApp,False,41.3,0.451,intencion_pago,1,Pago,55240.0,47331.0
GE-0000696,G05,Gestor 05,2025-09,KB-105969,Corporativo,Microcrédito,Maldonado,180+,Llamada,False,47.3,-0.037,objecion,3,Sin acuerdo,366870.0,0.0
GE-0000697,G05,Gestor 05,2025-09,KB-104754,Retail,Cuenta corriente,Montevideo,1-30,WhatsApp,False,48.7,-0.484,frustracion,3,No contacto,32880.0,0.0
GE-0000698,G05,Gestor 05,2025-09,KB-108663,Corporativo,Préstamo personal,Trinidad,31-60,WhatsApp,False,43.7,0.096,neutro,3,No contacto,1932200.0,0.0
GE-0000699,G05,Gestor 05,2025-09,KB-101951,Retail,Tarjeta de crédito,Canelones,91-180,WhatsApp,False,37.4,-0.842,enojo,1,Pago,102910.0,73701.0
GE-0000700,G05,Gestor 05,2025-09,KB-104060,Pyme,Tarjeta de crédito,Montevideo,31-60,Llamada,False,27.6,0.033,neutro,1,Promesa,47130.0,22669.0
GE-0000701,G05,Gestor 05,2025-09,KB-102811,Corporativo,Tarjeta de crédito,Montevideo,91-180,WhatsApp,False,44.2,-0.231,ansiedad,2,Promesa,301120.0,117977.0
GE-0000702,G05,Gestor 05,2025-09,KB-103803,Retail,Préstamo personal,Flores,31-60,WhatsApp,False,52.5,0.531,intencion_pago,2,Promesa,30520.0,15150.0
GE-0000703,G05,Gestor 05,2025-09,KB-108824,Corporativo,Préstamo personal,Canelones,91-180,WhatsApp,False,46.7,-0.711,frustracion,3,No contacto,319490.0,0.0
GE-0000704,G05,Gestor 05,2025-09,KB-100926,Retail,Tarjeta de crédito,Montevideo,180+,Llamada,False,48.8,-0.089,ansiedad,2,Pago,6750.0,4926.0
GE-0000705,G05,Gestor 05,2025-09,KB-106868,Retail,Préstamo personal,Maldonado,91-180,WhatsApp,False,53.4,-0.229,ansiedad,3,No contacto,16870.0,0.0
GE-0000706,G05,Gestor 05,2025-09,KB-101430,Pyme,Cuenta corriente,Maldonado,91-180,Llamada,False,43.5,-0.037,objecion,3,No contacto,98840.0,0.0
GE-0000707,G06,Gestor 06,2025-09,KB-109964,Pyme,Tarjeta de crédito,Canelones,1-30,WhatsApp,False,54.6,-0.12,neutro,2,Promesa,65070.0,37109.0
GE-0000708,G06,Gestor 06,2025-09,KB-100800,Retail,Préstamo personal,Rivera,91-180,Llamada,False,65.9,-0.062,ansiedad,4,No contacto,59300.0,0.0
GE-0000709,G06,Gestor 06,2025-09,KB-105965,Retail,Tarjeta de crédito,Montevideo,91-180,Llamada,False,61.5,-0.12,ansiedad,3,Pago,16540.0,13305.0
GE-0000710,G06,Gestor 06,2025-09,KB-109195,Pyme,Tarjeta de crédito,Canelones,1-30,Llamada,False,55.4,0.375,intencion_pago,2,Sin acuerdo,126690.0,0.0
GE-0000711,G06,Gestor 06,2025-09,KB-105615,Retail,Microcrédito,Montevideo,1-30,WhatsApp,False,50.1,0.06,neutro,2,Pago,20590.0,13869.0
GE-0000712,G06,Gestor 06,2025-09,KB-102355,Retail,Préstamo personal,Maldonado,91-180,WhatsApp,False,46.8,-0.486,ansiedad,2,Promesa,21160.0,12194.0
GE-0000713,G06,Gestor 06,2025-09,KB-107944,Pyme,Tarjeta de crédito,Rocha,1-30,Llamada,False,59.2,0.452,intencion_pago,3,Sin acuerdo,146680.0,0.0
GE-0000714,G06,Gestor 06,2025-09,KB-103493,Retail,Préstamo personal,Montevideo,91-180,WhatsApp,False,43.1,-0.565,frustracion,2,Sin acuerdo,7930.0,0.0
GE-0000715,G06,Gestor 06,2025-09,KB-102702,Pyme,Préstamo personal,Montevideo,91-180,Llamada,False,59.5,-0.255,objecion,2,Pago,78100.0,48550.0
GE-0000716,G06,Gestor 06,2025-09,KB-100869,Pyme,Cuenta corriente,Montevideo,91-180,WhatsApp,False,53.4,-0.141,ansiedad,2,Promesa,147940.0,71563.0
GE-0000717,G06,Gestor 06,2025-09,KB-104251,Retail,Tarjeta de crédito,Treinta y Tres,91-180,Llamada,False,61.5,-0.097,ansiedad,3,Pago,19910.0,17272.0
GE-0000718,G06,Gestor 06,2025-09,KB-103610,Retail,Tarjeta de crédito,Flores,1-30,WhatsApp,False,44.6,0.407,intencion_pago,3,Promesa,17470.0,8519.0
GE-0000719,G06,Gestor 06,2025-09,KB-101285,Pyme,Cuenta corriente,Montevideo,91-180,Llamada,False,43.4,-0.374,dificultad_economica,3,No contacto,108960.0,0.0
GE-0000720,G06,Gestor 06,2025-09,KB-108453,Pyme,Préstamo personal,Montevideo,1-30,WhatsApp,False,63.7,0.465,intencion_pago,4,Promesa,215140.0,100475.0
GE-0000721,G06,Gestor 06,2025-09,KB-103018,Corporativo,Préstamo personal,Montevideo,61-90,WhatsApp,False,50.4,-0.417,frustracion,5,Pago,1565130.0,1118007.0
GE-0000722,G06,Gestor 06,2025-09,KB-103641,Retail,Préstamo personal,Montevideo,31-60,WhatsApp,False,52.9,0.47,intencion_pago,3,Pago,109450.0,95117.0
GE-0000723,G06,Gestor 06,2025-09,KB-109075,Retail,Préstamo personal,Durazno,1-30,Llamada,False,55.2,0.362,intencion_pago,6,Promesa,25280.0,11705.0
GE-0000724,G06,Gestor 06,2025-09,KB-102676,Pyme,Tarjeta de crédito,Montevideo,180+,Llamada,False,38.3,-0.82,enojo,1,Sin acuerdo,88010.0,0.0
GE-0000725,G06,Gestor 06,2025-09,KB-106309,Retail,Tarjeta de crédito,Durazno,1-30,WhatsApp,False,54.8,0.695,intencion_pago,2,No contacto,66800.0,0.0
GE-0000726,G06,Gestor 06,2025-09,KB-105284,Pyme,Crédito automotor,Maldonado,91-180,Llamada,False,54.9,-0.407,frustracion,2,No contacto,68230.0,0.0
GE-0000727,G06,Gestor 06,2025-09,KB-102228,Retail,Microcrédito,Durazno,91-180,WhatsApp,False,34.0,-0.54,frustracion,1,No contacto,75820.0,0.0
GE-0000728,G06,Gestor 06,2025-09,KB-109216,Retail,Crédito automotor,Montevideo,1-30,Llamada,False,43.1,-0.635,enojo,3,Sin acuerdo,33270.0,0.0
GE-0000729,G06,Gestor 06,2025-09,KB-108770,Retail,Microcrédito,San José,180+,Llamada,False,51.0,-0.468,dificultad_economica,2,Sin acuerdo,22180.0,0.0
GE-0000730,G06,Gestor 06,2025-09,KB-109331,Retail,Cuenta corriente,Rocha,31-60,Llamada,False,46.7,-0.624,enojo,3,Pago,41590.0,36670.0
GE-0000731,G06,Gestor 06,2025-09,KB-109026,Retail,Tarjeta de crédito,Canelones,180+,WhatsApp,False,32.8,-0.682,enojo,1,No contacto,33370.0,0.0
GE-0000732,G06,Gestor 06,2025-09,KB-102367,Retail,Cuenta corriente,Montevideo,91-180,Llamada,False,37.8,-0.347,objecion,4,No contacto,24870.0,0.0
GE-0000733,G06,Gestor 06,2025-09,KB-102799,Retail,Financiación retail,Montevideo,61-90,WhatsApp,False,38.2,-0.466,dificultad_economica,1,No contacto,23960.0,0.0
GE-0000734,G06,Gestor 06,2025-09,KB-102622,Pyme,Préstamo personal,Montevideo,1-30,Llamada,False,54.1,0.557,intencion_pago,2,Promesa,54070.0,30447.0
GE-0000735,G06,Gestor 06,2025-09,KB-107860,Retail,Financiación retail,Lavalleja,31-60,WhatsApp,False,37.2,0.408,intencion_pago,3,Sin acuerdo,45090.0,0.0
GE-0000736,G06,Gestor 06,2025-09,KB-110956,Retail,Crédito automotor,San José,1-30,Llamada,False,41.0,-0.287,ansiedad,2,Sin acuerdo,30520.0,0.0
GE-0000737,G06,Gestor 06,2025-09,KB-105460,Retail,Crédito automotor,Tacuarembó,1-30,Llamada,False,49.9,0.367,intencion_pago,4,Promesa,73610.0,39361.0
GE-0000738,G06,Gestor 06,2025-09,KB-108302,Retail,Préstamo personal,Montevideo,91-180,Llamada,False,46.0,-0.177,objecion,1,Pago,36990.0,31434.0
GE-0000739,G06,Gestor 06,2025-09,KB-103732,Retail,Tarjeta de crédito,San José,61-90,Llamada,False,56.3,-0.239,ansiedad,2,Pago,47610.0,33419.0
GE-0000740,G06,Gestor 06,2025-09,KB-105045,Retail,Préstamo personal,Montevideo,180+,Llamada,False,53.2,0.005,objecion,3,No contacto,30500.0,0.0
GE-0000741,G06,Gestor 06,2025-09,KB-104832,Pyme,Préstamo personal,Montevideo,1-30,WhatsApp,False,42.2,-0.018,neutro,1,Sin acuerdo,90750.0,0.0
GE-0000742,G06,Gestor 06,2025-09,KB-101902,Retail,Tarjeta de crédito,Colonia,61-90,Llamada,False,49.9,-0.087,objecion,3,Promesa,116040.0,56513.0
GE-0000743,G06,Gestor 06,2025-09,KB-105886,Retail,Préstamo personal,Montevideo,31-60,Llamada,False,46.9,-0.833,enojo,1,Promesa,60350.0,34933.0
GE-0000744,G06,Gestor 06,2025-09,KB-100361,Retail,Préstamo personal,Maldonado,61-90,WhatsApp,False,50.0,-0.338,dificultad_economica,1,No contacto,49950.0,0.0
GE-0000745,G06,Gestor 06,2025-09,KB-110777,Corporativo,Cuenta corriente,Montevideo,91-180,Llamada,False,61.5,-0.385,dificultad_economica,3,Promesa,81430.0,47273.0
GE-0000746,G06,Gestor 06,2025-09,KB-111061,Retail,Crédito automotor,Tacuarembó,91-180,Llamada,False,55.0,-0.05,neutro,2,No contacto,9130.0,0.0
GE-0000747,G06,Gestor 06,2025-09,KB-105155,Retail,Microcrédito,Canelones,91-180,Llamada,False,53.3,-0.503,enojo,2,No contacto,64990.0,0.0
GE-0000748,G06,Gestor 06,2025-09,KB-106160,Pyme,Préstamo personal,Montevideo,31-60,Llamada,False,50.2,0.742,intencion_pago,2,Pago,921640.0,792439.0
GE-0000749,G06,Gestor 06,2025-09,KB-104150,Retail,Financiación retail,Treinta y Tres,91-180,WhatsApp,False,64.6,-0.459,frustracion,4,No contacto,30740.0,0.0
GE-0000750,G06,Gestor 06,2025-09,KB-102907,Pyme,Tarjeta de crédito,Maldonado,91-180,WhatsApp,False,56.3,-0.092,objecion,3,No contacto,289630.0,0.0
GE-0000751,G06,Gestor 06,2025-09,KB-106468,Retail,Cuenta corriente,Maldonado,31-60,WhatsApp,False,50.8,0.657,intencion_pago,1,Pago,49620.0,48540.0
GE-0000752,G07,Gestor 07,2025-09,KB-100746,Pyme,Crédito automotor,Montevideo,91-180,WhatsApp,False,55.9,-0.437,dificultad_economica,3,Promesa,250930.0,133803.0
GE-0000753,G07,Gestor 07,2025-09,KB-103999,Retail,Préstamo personal,Montevideo,31-60,WhatsApp,False,45.9,-0.23,objecion,1,No contacto,21300.0,0.0
GE-0000754,G07,Gestor 07,2025-09,KB-108469,Retail,Tarjeta de crédito,Canelones,180+,Llamada,False,69.5,0.04,ansiedad,4,Sin acuerdo,69400.0,0.0
GE-0000755,G07,Gestor 07,2025-09,KB-101572,Corporativo,Préstamo personal,Maldonado,1-30,Llamada,False,68.0,0.52,intencion_pago,5,Promesa,528480.0,243826.0
GE-0000756,G07,Gestor 07,2025-09,KB-102090,Retail,Microcrédito,Montevideo,91-180,Llamada,False,70.8,-0.165,ansiedad,3,Pago,47270.0,33924.0
GE-0000757,G07,Gestor 07,2025-09,KB-108477,Corporativo,Financiación retail,Montevideo,1-30,WhatsApp,False,69.4,0.585,intencion_pago,3,Pago,2129030.0,1956318.0
GE-0000758,G07,Gestor 07,2025-09,KB-108792,Retail,Tarjeta de crédito,Canelones,31-60,Llamada,False,53.7,0.491,intencion_pago,2,Pago,21270.0,20036.0
GE-0000759,G07,Gestor 07,2025-09,KB-106832,Retail,Préstamo personal,San José,180+,WhatsApp,False,65.5,-0.753,enojo,3,Sin acuerdo,79110.0,0.0
GE-0000760,G07,Gestor 07,2025-09,KB-100031,Retail,Préstamo personal,Artigas,61-90,Llamada,False,65.6,-0.489,enojo,4,Promesa,27750.0,12482.0
GE-0000761,G07,Gestor 07,2025-09,KB-111583,Retail,Préstamo personal,Salto,31-60,Llamada,False,55.4,-0.22,ansiedad,0,Sin acuerdo,33890.0,0.0
GE-0000762,G07,Gestor 07,2025-09,KB-104192,Pyme,Préstamo personal,Montevideo,31-60,WhatsApp,False,56.6,-0.198,objecion,2,No contacto,59610.0,0.0
GE-0000763,G07,Gestor 07,2025-09,KB-102576,Retail,Financiación retail,Canelones,91-180,Llamada,False,76.1,0.036,objecion,5,Promesa,16540.0,7334.0
GE-0000764,G07,Gestor 07,2025-09,KB-107744,Pyme,Microcrédito,Montevideo,31-60,WhatsApp,False,60.7,0.415,intencion_pago,3,Pago,134230.0,117247.0
GE-0000765,G07,Gestor 07,2025-09,KB-103517,Pyme,Financiación retail,Florida,1-30,WhatsApp,False,64.1,0.542,intencion_pago,4,Sin acuerdo,146250.0,0.0
GE-0000766,G07,Gestor 07,2025-09,KB-103605,Pyme,Crédito automotor,Canelones,31-60,WhatsApp,False,66.7,0.031,ansiedad,4,Promesa,41090.0,22207.0
GE-0000767,G07,Gestor 07,2025-09,KB-101176,Pyme,Cuenta corriente,Rocha,31-60,WhatsApp,False,66.1,-0.212,neutro,3,Sin acuerdo,47650.0,0.0
GE-0000768,G07,Gestor 07,2025-09,KB-105164,Retail,Microcrédito,Artigas,91-180,Llamada,False,69.6,-0.198,frustracion,3,No contacto,25700.0,0.0
GE-0000769,G07,Gestor 07,2025-09,KB-111397,Retail,Cuenta corriente,Montevideo,31-60,WhatsApp,False,75.2,0.071,neutro,5,Pago,18520.0,14922.0
GE-0000770,G07,Gestor 07,2025-09,KB-106340,Retail,Crédito automotor,Durazno,61-90,Llamada,False,60.8,-0.152,ansiedad,4,Sin acuerdo,15360.0,0.0
GE-0000771,G07,Gestor 07,2025-09,KB-109764,Retail,Tarjeta de crédito,Montevideo,91-180,WhatsApp,False,65.8,-0.044,dificultad_economica,4,Promesa,10510.0,3776.0
GE-0000772,G07,Gestor 07,2025-09,KB-103103,Retail,Préstamo personal,Maldonado,31-60,Llamada,False,67.6,0.111,neutro,2,Pago,19990.0,19704.0
GE-0000773,G07,Gestor 07,2025-09,KB-110310,Pyme,Microcrédito,Colonia,31-60,Llamada,False,59.7,0.737,intencion_pago,3,Pago,18190.0,18009.0
GE-0000774,G07,Gestor 07,2025-09,KB-110871,Pyme,Tarjeta de crédito,Florida,180+,WhatsApp,False,76.4,-0.638,enojo,7,No contacto,162610.0,0.0
GE-0000775,G07,Gestor 07,2025-09,KB-109956,Retail,Préstamo personal,Montevideo,31-60,Llamada,False,62.8,0.016,objecion,5,Sin acuerdo,32600.0,0.0
GE-0000776,G07,Gestor 07,2025-09,KB-110335,Pyme,Financiación retail,Cerro Largo,31-60,Llamada,False,69.4,0.423,intencion_pago,2,Promesa,402500.0,231000.0
GE-0000777,G07,Gestor 07,2025-09,KB-111729,Retail,Préstamo personal,Rivera,91-180,Llamada,False,53.7,-0.275,objecion,0,No contacto,16090.0,0.0
GE-0000778,G07,Gestor 07,2025-09,KB-104606,Retail,Microcrédito,Montevideo,1-30,Llamada,False,58.3,-0.682,enojo,4,Promesa,9510.0,4910.0
GE-0000779,G07,Gestor 07,2025-09,KB-108421,Retail,Tarjeta de crédito,Montevideo,91-180,Llamada,False,56.5,-0.209,objecion,3,Sin acuerdo,36330.0,0.0
GE-0000780,G07,Gestor 07,2025-09,KB-103767,Retail,Crédito automotor,Canelones,180+,WhatsApp,False,71.1,-0.298,dificultad_economica,4,Pago,21760.0,13452.0
GE-0000781,G07,Gestor 07,2025-09,KB-101697,Retail,Tarjeta de crédito,Montevideo,1-30,Llamada,False,63.7,0.405,intencion_pago,2,Pago,26780.0,26215.0
GE-0000782,G07,Gestor 07,2025-09,KB-100829,Retail,Crédito automotor,Florida,61-90,WhatsApp,False,57.6,-0.506,enojo,4,No contacto,86240.0,0.0
GE-0000783,G07,Gestor 07,2025-09,KB-104415,Retail,Crédito automotor,Artigas,1-30,WhatsApp,False,56.9,-0.228,ansiedad,2,Promesa,26070.0,14998.0
GE-0000784,G07,Gestor 07,2025-09,KB-101939,Pyme,Cuenta corriente,Montevideo,1-30,Llamada,False,65.4,-0.327,frustracion,4,Pago,324300.0,320800.0
GE-0000785,G07,Gestor 07,2025-09,KB-105843,Retail,Cuenta corriente,Salto,91-180,Llamada,False,76.1,-0.594,enojo,3,Pago,19200.0,15331.0
GE-0000786,G07,Gestor 07,2025-09,KB-101048,Retail,Préstamo personal,Maldonado,31-60,Llamada,False,52.9,-0.159,objecion,2,Sin acuerdo,20280.0,0.0
GE-0000787,G07,Gestor 07,2025-09,KB-109171,Pyme,Financiación retail,Montevideo,31-60,WhatsApp,False,65.3,-0.088,objecion,4,Promesa,65090.0,27213.0
GE-0000788,G07,Gestor 07,2025-09,KB-107523,Retail,Microcrédito,Canelones,180+,Llamada,False,71.8,-0.246,frustracion,3,Sin acuerdo,17400.0,0.0
GE-0000789,G07,Gestor 07,2025-09,KB-107087,Pyme,Cuenta corriente,Montevideo,31-60,Llamada,False,69.0,-0.005,objecion,3,Pago,49160.0,44970.0
GE-0000790,G07,Gestor 07,2025-09,KB-102974,Retail,Cuenta corriente,Paysandú,61-90,Llamada,False,66.6,-0.234,frustracion,2,Sin acuerdo,16240.0,0.0
GE-0000791,G07,Gestor 07,2025-09,KB-101603,Retail,Préstamo personal,Montevideo,180+,WhatsApp,False,70.1,-0.015,objecion,4,Pago,22210.0,14689.0
GE-0000792,G07,Gestor 07,2025-09,KB-100654,Retail,Tarjeta de crédito,Maldonado,1-30,Llamada,False,62.7,0.093,neutro,4,Promesa,40810.0,12969.0
GE-0000793,G08,Gestor 08,2025-09,KB-106215,Retail,Tarjeta de crédito,Artigas,61-90,Llamada,False,56.5,-0.152,objecion,5,Sin acuerdo,29500.0,0.0
GE-0000794,G08,Gestor 08,2025-09,KB-105292,Retail,Tarjeta de crédito,Río Negro,31-60,WhatsApp,False,59.1,0.604,intencion_pago,4,Promesa,23250.0,12980.0
GE-0000795,G08,Gestor 08,2025-09,KB-107718,Pyme,Cuenta corriente,Montevideo,61-90,Llamada,False,58.3,0.032,neutro,3,No contacto,74280.0,0.0
GE-0000796,G08,Gestor 08,2025-09,KB-103938,Pyme,Tarjeta de crédito,Canelones,31-60,WhatsApp,False,49.3,-0.213,neutro,3,Promesa,107060.0,58094.0
GE-0000797,G08,Gestor 08,2025-09,KB-102303,Retail,Cuenta corriente,Colonia,1-30,Llamada,False,47.7,-0.084,neutro,3,Promesa,13460.0,7476.0
GE-0000798,G08,Gestor 08,2025-09,KB-101931,Retail,Financiación retail,Canelones,91-180,Llamada,False,54.8,-0.083,frustracion,3,Promesa,8470.0,5025.0
GE-0000799,G08,Gestor 08,2025-09,KB-101146,Pyme,Préstamo personal,San José,1-30,WhatsApp,False,62.1,0.038,objecion,2,Sin acuerdo,127030.0,0.0
GE-0000800,G08,Gestor 08,2025-09,KB-105281,Pyme,Financiación retail,Montevideo,31-60,Llamada,False,38.0,0.018,neutro,2,No contacto,128210.0,0.0
GE-0000801,G08,Gestor 08,2025-09,KB-102292,Pyme,Tarjeta de crédito,Trinidad,91-180,Llamada,False,48.7,-0.153,objecion,2,Sin acuerdo,535160.0,0.0
GE-0000802,G08,Gestor 08,2025-09,KB-111161,Retail,Crédito automotor,Canelones,180+,Llamada,False,61.7,-0.279,objecion,2,No contacto,17420.0,0.0
GE-0000803,G08,Gestor 08,2025-09,KB-108913,Retail,Tarjeta de crédito,Maldonado,1-30,Llamada,False,63.8,0.146,intencion_pago,4,Promesa,121660.0,53312.0
GE-0000804,G08,Gestor 08,2025-09,KB-104505,Retail,Préstamo personal,Montevideo,31-60,WhatsApp,False,52.1,-0.138,ansiedad,2,Promesa,7310.0,4174.0
GE-0000805,G08,Gestor 08,2025-09,KB-103656,Retail,Microcrédito,Montevideo,180+,Llamada,False,62.4,-0.59,enojo,4,Sin acuerdo,44110.0,0.0
GE-0000806,G08,Gestor 08,2025-09,KB-106298,Retail,Crédito automotor,Montevideo,1-30,Llamada,False,75.0,-0.193,ansiedad,4,Promesa,18990.0,10812.0
GE-0000807,G08,Gestor 08,2025-09,KB-109804,Pyme,Préstamo personal,Montevideo,91-180,WhatsApp,False,59.0,-0.084,objecion,1,No contacto,114360.0,0.0
GE-0000808,G08,Gestor 08,2025-09,KB-101832,Pyme,Cuenta corriente,San José,1-30,WhatsApp,False,63.8,-0.138,objecion,3,Sin acuerdo,265590.0,0.0
GE-0000809,G08,Gestor 08,2025-09,KB-109015,Retail,Tarjeta de crédito,Cerro Largo,91-180,Llamada,False,65.2,-0.128,objecion,3,Sin acuerdo,23710.0,0.0
GE-0000810,G08,Gestor 08,2025-09,KB-108015,Retail,Préstamo personal,Rocha,61-90,Llamada,False,48.6,-0.287,objecion,2,Pago,24330.0,20402.0
GE-0000811,G08,Gestor 08,2025-09,KB-110859,Pyme,Préstamo personal,Colonia,31-60,WhatsApp,False,43.0,0.109,neutro,3,Pago,186160.0,147179.0
GE-0000812,G08,Gestor 08,2025-09,KB-109242,Retail,Tarjeta de crédito,Montevideo,1-30,Llamada,False,46.9,0.429,intencion_pago,3,Pago,54850.0,47805.0
GE-0000813,G08,Gestor 08,2025-09,KB-108322,Pyme,Préstamo personal,Montevideo,61-90,Llamada,False,53.3,-0.022,neutro,2,Sin acuerdo,506530.0,0.0
GE-0000814,G08,Gestor 08,2025-09,KB-103714,Pyme,Financiación retail,Rocha,91-180,WhatsApp,False,57.3,-0.59,frustracion,2,No contacto,107190.0,0.0
GE-0000815,G08,Gestor 08,2025-09,KB-109297,Retail,Tarjeta de crédito,Canelones,1-30,WhatsApp,False,46.4,0.512,intencion_pago,3,Pago,54200.0,52427.0
GE-0000816,G08,Gestor 08,2025-09,KB-105822,Retail,Financiación retail,Canelones,31-60,WhatsApp,False,52.0,-0.182,frustracion,3,No contacto,33410.0,0.0
GE-0000817,G08,Gestor 08,2025-09,KB-108754,Pyme,Tarjeta de crédito,Colonia,1-30,WhatsApp,False,48.3,-0.133,neutro,2,Promesa,30400.0,17383.0
GE-0000818,G08,Gestor 08,2025-09,KB-100825,Retail,Financiación retail,Rivera,180+,Llamada,False,63.3,-0.648,enojo,3,Pago,111600.0,86553.0
GE-0000819,G08,Gestor 08,2025-09,KB-104953,Pyme,Crédito automotor,Florida,31-60,Llamada,False,62.7,-0.159,ansiedad,5,Promesa,107520.0,50392.0
GE-0000820,G08,Gestor 08,2025-09,KB-102956,Retail,Microcrédito,Maldonado,1-30,Llamada,False,63.6,0.386,intencion_pago,2,Pago,33030.0,32295.0
GE-0000821,G08,Gestor 08,2025-09,KB-103639,Retail,Crédito automotor,Maldonado,31-60,Llamada,False,64.1,-0.043,objecion,3,No contacto,47600.0,0.0
GE-0000822,G08,Gestor 08,2025-09,KB-109203,Pyme,Préstamo personal,Montevideo,91-180,WhatsApp,False,59.4,0.15,objecion,4,Promesa,97710.0,44550.0
GE-0000823,G08,Gestor 08,2025-09,KB-109706,Corporativo,Tarjeta de crédito,Montevideo,1-30,WhatsApp,False,55.0,0.382,intencion_pago,3,Promesa,1665640.0,988697.0
GE-0000824,G08,Gestor 08,2025-09,KB-109704,Retail,Préstamo personal,Canelones,31-60,WhatsApp,False,68.7,-0.564,frustracion,3,Sin acuerdo,11810.0,0.0
GE-0000825,G08,Gestor 08,2025-09,KB-110461,Retail,Tarjeta de crédito,Canelones,1-30,Llamada,False,56.5,0.505,intencion_pago,2,No contacto,24390.0,0.0
GE-0000826,G08,Gestor 08,2025-09,KB-105391,Pyme,Financiación retail,Canelones,31-60,Llamada,False,68.7,0.723,intencion_pago,4,Promesa,43510.0,14148.0
GE-0000827,G08,Gestor 08,2025-09,KB-107453,Retail,Financiación retail,Tacuarembó,31-60,WhatsApp,False,73.0,-0.181,ansiedad,3,Promesa,73420.0,33577.0
GE-0000828,G08,Gestor 08,2025-09,KB-107285,Pyme,Financiación retail,Montevideo,1-30,WhatsApp,False,64.8,0.568,intencion_pago,3,Pago,57600.0,56485.0
GE-0000829,G09,Gestor 09,2025-09,KB-106108,Corporativo,Crédito automotor,Maldonado,31-60,Llamada,False,77.0,0.177,neutro,4,Pago,470720.0,347444.0
GE-0000830,G09,Gestor 09,2025-09,KB-106535,Pyme,Tarjeta de crédito,Maldonado,61-90,Llamada,False,55.2,-0.193,neutro,4,Promesa,43300.0,24405.0
GE-0000831,G09,Gestor 09,2025-09,KB-103132,Retail,Préstamo personal,Lavalleja,61-90,Llamada,False,44.8,-0.484,dificultad_economica,2,Promesa,27350.0,12112.0
GE-0000832,G09,Gestor 09,2025-09,KB-104798,Pyme,Tarjeta de crédito,San José,91-180,Llamada,False,57.9,-0.395,frustracion,2,No contacto,86790.0,0.0
GE-0000833,G09,Gestor 09,2025-09,KB-106370,Pyme,Préstamo personal,Maldonado,91-180,Llamada,False,64.6,-0.747,enojo,4,No contacto,140460.0,0.0
GE-0000834,G09,Gestor 09,2025-09,KB-103221,Corporativo,Tarjeta de crédito,Canelones,61-90,WhatsApp,False,56.9,-0.248,dificultad_economica,4,Sin acuerdo,417480.0,0.0
GE-0000835,G09,Gestor 09,2025-09,KB-103305,Retail,Tarjeta de crédito,Río Negro,61-90,Llamada,False,63.4,0.295,neutro,2,Pago,37340.0,34145.0
GE-0000836,G09,Gestor 09,2025-09,KB-110578,Retail,Préstamo personal,Montevideo,1-30,Llamada,False,64.1,0.02,objecion,2,Promesa,12980.0,7671.0
GE-0000837,G09,Gestor 09,2025-09,KB-109551,Pyme,Crédito automotor,Montevideo,91-180,WhatsApp,False,56.4,-0.089,ansiedad,2,Pago,227460.0,155572.0
GE-0000838,G09,Gestor 09,2025-09,KB-110506,Retail,Tarjeta de crédito,Maldonado,31-60,Llamada,False,54.7,-0.012,neutro,2,Sin acuerdo,58120.0,0.0
GE-0000839,G09,Gestor 09,2025-09,KB-100294,Corporativo,Préstamo personal,Rivera,61-90,Llamada,False,49.1,-0.103,objecion,2,Promesa,670440.0,228444.0
GE-0000840,G09,Gestor 09,2025-09,KB-100350,Corporativo,Financiación retail,Montevideo,1-30,Llamada,False,51.7,0.209,neutro,3,Pago,788930.0,713604.0
GE-0000841,G09,Gestor 09,2025-09,KB-108097,Retail,Microcrédito,Tacuarembó,31-60,Llamada,False,57.8,-0.005,objecion,2,Sin acuerdo,77520.0,0.0
GE-0000842,G09,Gestor 09,2025-09,KB-107634,Retail,Tarjeta de crédito,Montevideo,61-90,Llamada,False,53.5,-0.747,frustracion,3,Promesa,17780.0,7962.0
GE-0000843,G09,Gestor 09,2025-09,KB-108792,Retail,Tarjeta de crédito,Canelones,31-60,WhatsApp,False,46.8,0.082,neutro,4,Pago,21270.0,20036.0
GE-0000844,G09,Gestor 09,2025-09,KB-101710,Pyme,Préstamo personal,Canelones,61-90,Llamada,False,50.1,-0.092,neutro,1,No contacto,204900.0,0.0
GE-0000845,G09,Gestor 09,2025-09,KB-108017,Pyme,Préstamo personal,Montevideo,91-180,Llamada,False,55.3,-0.341,objecion,1,Sin acuerdo,109440.0,0.0
GE-0000846,G09,Gestor 09,2025-09,KB-111283,Pyme,Financiación retail,Montevideo,31-60,Llamada,False,53.8,-0.131,objecion,4,Pago,1076620.0,779519.0
GE-0000847,G09,Gestor 09,2025-09,KB-106175,Retail,Tarjeta de crédito,Montevideo,1-30,Llamada,False,70.6,0.557,intencion_pago,4,Promesa,26920.0,15133.0
GE-0000848,G09,Gestor 09,2025-09,KB-102182,Retail,Préstamo personal,Tacuarembó,61-90,WhatsApp,False,62.4,-0.214,objecion,4,Sin acuerdo,133490.0,0.0
GE-0000849,G09,Gestor 09,2025-09,KB-103465,Pyme,Tarjeta de crédito,Maldonado,31-60,Llamada,False,59.5,-0.657,frustracion,4,No contacto,163510.0,0.0
GE-0000850,G09,Gestor 09,2025-09,KB-104582,Retail,Tarjeta de crédito,Montevideo,91-180,Llamada,False,58.0,0.02,ansiedad,3,Promesa,31430.0,10478.0
GE-0000851,G09,Gestor 09,2025-09,KB-102315,Corporativo,Tarjeta de crédito,Salto,31-60,WhatsApp,False,65.2,0.628,intencion_pago,3,Promesa,292990.0,170042.0
GE-0000852,G09,Gestor 09,2025-09,KB-111336,Retail,Préstamo personal,Montevideo,1-30,Llamada,False,62.6,0.598,intencion_pago,4,Pago,16100.0,15640.0
GE-0000853,G09,Gestor 09,2025-09,KB-101542,Retail,Préstamo personal,Paysandú,31-60,Llamada,False,50.4,-0.612,enojo,3,Sin acuerdo,46150.0,0.0
GE-0000854,G09,Gestor 09,2025-09,KB-106071,Corporativo,Préstamo personal,Montevideo,61-90,Llamada,False,65.9,-0.041,ansiedad,6,Promesa,1176800.0,568975.0
GE-0000855,G09,Gestor 09,2025-09,KB-111067,Retail,Préstamo personal,Salto,31-60,Llamada,False,54.8,0.149,neutro,3,Pago,16380.0,13278.0
GE-0000856,G09,Gestor 09,2025-09,KB-104801,Retail,Microcrédito,Salto,31-60,Llamada,False,69.0,-0.186,ansiedad,4,Promesa,62690.0,36753.0
GE-0000857,G09,Gestor 09,2025-09,KB-106980,Pyme,Microcrédito,Montevideo,91-180,WhatsApp,False,61.9,-0.093,dificultad_economica,4,Promesa,187220.0,82541.0
GE-0000858,G09,Gestor 09,2025-09,KB-111958,Retail,Préstamo personal,Tacuarembó,1-30,Llamada,False,56.2,0.501,intencion_pago,1,Promesa,21740.0,9787.0
GE-0000859,G09,Gestor 09,2025-09,KB-105466,Retail,Préstamo personal,Montevideo,61-90,Llamada,False,57.8,-0.054,objecion,4,Pago,58490.0,41986.0
GE-0000860,G09,Gestor 09,2025-09,KB-105918,Retail,Crédito automotor,Montevideo,61-90,Llamada,False,54.4,-0.327,dificultad_economica,1,Promesa,42030.0,21524.0
GE-0000861,G09,Gestor 09,2025-09,KB-104827,Retail,Tarjeta de crédito,Montevideo,31-60,Llamada,False,65.2,-0.144,objecion,4,Sin acuerdo,35930.0,0.0
GE-0000862,G09,Gestor 09,2025-09,KB-108624,Retail,Financiación retail,Canelones,31-60,Llamada,False,58.0,-0.162,neutro,3,Promesa,30510.0,11822.0
GE-0000863,G09,Gestor 09,2025-09,KB-104254,Retail,Microcrédito,Montevideo,1-30,WhatsApp,False,61.9,0.105,objecion,3,Sin acuerdo,19790.0,0.0
GE-0000864,G09,Gestor 09,2025-09,KB-109566,Pyme,Tarjeta de crédito,Colonia,31-60,WhatsApp,False,67.1,0.458,intencion_pago,4,Promesa,42070.0,13838.0
GE-0000865,G09,Gestor 09,2025-09,KB-108265,Pyme,Tarjeta de crédito,Montevideo,31-60,WhatsApp,False,61.4,0.701,intencion_pago,3,Promesa,27410.0,11996.0
GE-0000866,G09,Gestor 09,2025-09,KB-100739,Retail,Microcrédito,Canelones,180+,Llamada,False,46.7,-0.344,frustracion,5,No contacto,58240.0,0.0
GE-0000867,G10,Gestor 10,2025-09,KB-109175,Retail,Préstamo personal,Montevideo,180+,WhatsApp,False,46.7,-0.689,enojo,4,No contacto,14960.0,0.0
GE-0000868,G10,Gestor 10,2025-09,KB-105930,Pyme,Cuenta corriente,Montevideo,1-30,WhatsApp,False,49.0,0.435,intencion_pago,2,No contacto,111130.0,0.0
GE-0000869,G10,Gestor 10,2025-09,KB-106304,Retail,Tarjeta de crédito,Montevideo,180+,Llamada,False,45.7,-0.597,enojo,2,No contacto,25310.0,0.0
GE-0000870,G10,Gestor 10,2025-09,KB-106429,Corporativo,Tarjeta de crédito,Montevideo,31-60,Llamada,False,55.2,0.515,intencion_pago,3,Pago,589690.0,540162.0
GE-0000871,G10,Gestor 10,2025-09,KB-101448,Corporativo,Tarjeta de crédito,Cerro Largo,61-90,Llamada,False,54.9,-0.498,frustracion,3,Promesa,1880040.0,601459.0
GE-0000872,G10,Gestor 10,2025-09,KB-100394,Retail,Tarjeta de crédito,San José,31-60,WhatsApp,False,46.8,-0.214,neutro,2,Sin acuerdo,70840.0,0.0
GE-0000873,G10,Gestor 10,2025-09,KB-105202,Retail,Préstamo personal,San José,31-60,Llamada,False,51.2,0.051,neutro,3,Sin acuerdo,39300.0,0.0
GE-0000874,G10,Gestor 10,2025-09,KB-103497,Retail,Tarjeta de crédito,Salto,61-90,WhatsApp,False,58.6,-0.301,ansiedad,4,Promesa,30800.0,14945.0
GE-0000875,G10,Gestor 10,2025-09,KB-102540,Pyme,Microcrédito,Maldonado,1-30,Llamada,False,61.7,-0.029,ansiedad,3,Pago,131670.0,93363.0
GE-0000876,G10,Gestor 10,2025-09,KB-106292,Retail,Cuenta corriente,Montevideo,31-60,WhatsApp,False,54.7,-0.082,objecion,2,Sin acuerdo,21430.0,0.0
GE-0000877,G10,Gestor 10,2025-09,KB-104696,Retail,Financiación retail,Canelones,1-30,WhatsApp,False,50.0,0.375,intencion_pago,2,Pago,8380.0,8066.0
GE-0000878,G10,Gestor 10,2025-09,KB-101620,Retail,Crédito automotor,Montevideo,91-180,Llamada,False,48.4,-0.156,ansiedad,2,No contacto,23200.0,0.0
GE-0000879,G10,Gestor 10,2025-09,KB-108510,Pyme,Financiación retail,Paysandú,31-60,WhatsApp,False,62.8,0.903,intencion_pago,4,Promesa,184760.0,90410.0
GE-0000880,G10,Gestor 10,2025-09,KB-101949,Retail,Tarjeta de crédito,Montevideo,1-30,WhatsApp,False,53.5,-0.027,ansiedad,4,Pago,11730.0,10079.0
GE-0000881,G10,Gestor 10,2025-09,KB-101353,Corporativo,Préstamo personal,Montevideo,1-30,WhatsApp,False,58.2,0.313,intencion_pago,3,Pago,823360.0,784575.0
GE-0000882,G10,Gestor 10,2025-09,KB-108596,Pyme,Financiación retail,Artigas,1-30,Llamada,False,58.3,-0.527,frustracion,3,No contacto,486420.0,0.0
GE-0000883,G10,Gestor 10,2025-09,KB-100042,Retail,Préstamo personal,Canelones,31-60,Llamada,False,60.2,0.156,neutro,4,Promesa,192230.0,98736.0
GE-0000884,G10,Gestor 10,2025-09,KB-108397,Pyme,Crédito automotor,Montevideo,1-30,Llamada,False,49.0,0.46,intencion_pago,2,Promesa,34800.0,16180.0
GE-0000885,G10,Gestor 10,2025-09,KB-100689,Retail,Microcrédito,Rivera,61-90,WhatsApp,False,42.1,-0.309,objecion,3,Promesa,10260.0,4039.0
GE-0000886,G10,Gestor 10,2025-09,KB-104009,Pyme,Financiación retail,Maldonado,31-60,WhatsApp,False,46.8,0.545,intencion_pago,4,Pago,305120.0,262645.0
GE-0000887,G10,Gestor 10,2025-09,KB-110460,Corporativo,Microcrédito,Tacuarembó,180+,WhatsApp,False,57.0,-0.403,frustracion,4,No contacto,446270.0,0.0
GE-0000888,G10,Gestor 10,2025-09,KB-103104,Corporativo,Crédito automotor,Montevideo,91-180,Llamada,False,59.3,-0.196,objecion,2,Sin acuerdo,268310.0,0.0
GE-0000889,G10,Gestor 10,2025-09,KB-101388,Pyme,Tarjeta de crédito,Trinidad,91-180,WhatsApp,False,66.4,-0.352,frustracion,3,No contacto,146360.0,0.0
GE-0000890,G10,Gestor 10,2025-09,KB-103066,Retail,Tarjeta de crédito,Maldonado,180+,Llamada,False,46.5,-0.609,enojo,2,Promesa,30170.0,9105.0
GE-0000891,G10,Gestor 10,2025-09,KB-107842,Corporativo,Financiación retail,Paysandú,91-180,WhatsApp,False,60.4,-0.83,enojo,3,Sin acuerdo,742970.0,0.0
GE-0000892,G10,Gestor 10,2025-09,KB-103481,Retail,Tarjeta de crédito,Montevideo,91-180,Llamada,False,49.1,-0.452,frustracion,4,No contacto,14540.0,0.0
GE-0000893,G10,Gestor 10,2025-09,KB-103519,Pyme,Préstamo personal,Salto,91-180,Llamada,False,58.5,-0.061,objecion,3,Promesa,108950.0,34660.0
GE-0000894,G10,Gestor 10,2025-09,KB-101035,Corporativo,Tarjeta de crédito,Montevideo,1-30,Llamada,False,63.1,0.611,intencion_pago,4,Pago,797860.0,785107.0
GE-0000895,G10,Gestor 10,2025-09,KB-106221,Retail,Préstamo personal,Salto,31-60,WhatsApp,False,55.8,0.494,intencion_pago,1,Promesa,60550.0,28194.0
GE-0000896,G10,Gestor 10,2025-09,KB-107451,Retail,Microcrédito,Tacuarembó,91-180,Llamada,False,44.8,-0.315,dificultad_economica,2,Promesa,40610.0,14982.0
GE-0000897,G10,Gestor 10,2025-09,KB-106719,Retail,Financiación retail,Canelones,1-30,Llamada,False,62.3,-0.613,enojo,3,Promesa,17220.0,8028.0
GE-0000898,G10,Gestor 10,2025-09,KB-111980,Corporativo,Préstamo personal,Canelones,31-60,Llamada,False,53.9,-0.447,frustracion,2,Promesa,935850.0,509561.0
GE-0000899,G10,Gestor 10,2025-09,KB-110349,Retail,Tarjeta de crédito,Canelones,91-180,WhatsApp,False,51.7,0.098,objecion,2,No contacto,11690.0,0.0
GE-0000900,G10,Gestor 10,2025-09,KB-101558,Corporativo,Financiación retail,Tacuarembó,91-180,Llamada,False,68.6,-0.32,frustracion,3,Pago,536030.0,409729.0
GE-0000901,G10,Gestor 10,2025-09,KB-106563,Pyme,Préstamo personal,Maldonado,1-30,Llamada,False,61.5,0.02,neutro,3,Sin acuerdo,48540.0,0.0
GE-0000902,G10,Gestor 10,2025-09,KB-111797,Pyme,Tarjeta de crédito,Montevideo,61-90,WhatsApp,False,49.0,0.04,neutro,4,Pago,80350.0,79274.0
GE-0000903,G10,Gestor 10,2025-09,KB-105409,Retail,Cuenta corriente,Montevideo,61-90,WhatsApp,False,52.2,-0.171,objecion,4,Promesa,19520.0,8890.0
GE-0000904,G10,Gestor 10,2025-09,KB-111421,Pyme,Préstamo personal,Montevideo,1-30,Llamada,False,49.2,0.031,neutro,3,Pago,81140.0,78434.0
GE-0000905,G10,Gestor 10,2025-09,KB-111967,Retail,Préstamo personal,Montevideo,1-30,Llamada,False,59.0,-0.417,ansiedad,4,Promesa,44580.0,20393.0
GE-0000906,G10,Gestor 10,2025-09,KB-107741,Retail,Préstamo personal,Canelones,1-30,Llamada,False,43.7,-0.253,ansiedad,3,Promesa,199230.0,118822.0
GE-0000907,G10,Gestor 10,2025-09,KB-108476,Pyme,Tarjeta de crédito,San José,1-30,Llamada,False,45.6,0.071,neutro,4,Promesa,263140.0,150514.0
GE-0000908,G10,Gestor 10,2025-09,KB-111414,Corporativo,Tarjeta de crédito,Colonia,91-180,Llamada,False,65.2,-0.0,objecion,4,Promesa,615660.0,212750.0
GE-0000909,G10,Gestor 10,2025-09,KB-104371,Retail,Financiación retail,Montevideo,1-30,Llamada,False,61.9,0.488,intencion_pago,3,Pago,22630.0,20648.0
GE-0000910,G10,Gestor 10,2025-09,KB-111417,Pyme,Préstamo personal,Montevideo,1-30,Llamada,False,48.8,0.565,intencion_pago,5,Pago,232080.0,197437.0
GE-0000911,G10,Gestor 10,2025-09,KB-107622,Retail,Préstamo personal,Montevideo,1-30,Llamada,False,45.6,0.316,intencion_pago,2,Pago,31760.0,29510.0
GE-0000912,G10,Gestor 10,2025-09,KB-110339,Retail,Financiación retail,Montevideo,61-90,WhatsApp,False,56.9,-0.116,objecion,2,Promesa,55040.0,22775.0
GE-0000913,G10,Gestor 10,2025-09,KB-100755,Retail,Tarjeta de crédito,Durazno,31-60,Llamada,False,63.6,-0.274,objecion,3,Promesa,59900.0,34025.0
GE-0000914,G10,Gestor 10,2025-09,KB-103641,Retail,Préstamo personal,Montevideo,31-60,Llamada,False,52.7,0.075,objecion,2,Promesa,109450.0,54920.0
GE-0000915,G11,Gestor 11,2025-09,KB-103126,Retail,Microcrédito,Canelones,91-180,Llamada,True,80.1,-0.192,frustracion,5,Pago,33500.0,20677.0
GE-0000916,G11,Gestor 11,2025-09,KB-105039,Retail,Financiación retail,Montevideo,61-90,WhatsApp,True,68.8,-0.298,frustracion,4,Promesa,12250.0,5266.0
GE-0000917,G11,Gestor 11,2025-09,KB-105676,Retail,Tarjeta de crédito,Canelones,91-180,Llamada,True,77.3,-0.171,ansiedad,4,Promesa,39180.0,15815.0
GE-0000918,G11,Gestor 11,2025-09,KB-106500,Retail,Préstamo personal,Montevideo,180+,Llamada,True,61.4,-0.317,frustracion,4,No contacto,42350.0,0.0
GE-0000919,G11,Gestor 11,2025-09,KB-101407,Pyme,Préstamo personal,Montevideo,91-180,Llamada,True,65.7,0.098,objecion,4,No contacto,61650.0,0.0
GE-0000920,G11,Gestor 11,2025-09,KB-103309,Retail,Préstamo personal,Montevideo,1-30,WhatsApp,True,64.3,-0.015,neutro,3,Promesa,25930.0,15003.0
GE-0000921,G11,Gestor 11,2025-09,KB-101527,Retail,Préstamo personal,Canelones,91-180,Llamada,True,65.6,-0.53,enojo,3,Promesa,22190.0,9409.0
GE-0000922,G11,Gestor 11,2025-09,KB-102967,Retail,Financiación retail,Montevideo,31-60,Llamada,True,63.8,-0.198,neutro,2,Sin acuerdo,12470.0,0.0
GE-0000923,G11,Gestor 11,2025-09,KB-111255,Retail,Tarjeta de crédito,San José,1-30,Llamada,True,62.4,0.365,intencion_pago,3,No contacto,14970.0,0.0
GE-0000924,G11,Gestor 11,2025-09,KB-103155,Retail,Préstamo personal,Canelones,61-90,WhatsApp,True,70.0,0.257,neutro,2,Pago,4470.0,4356.0
GE-0000925,G11,Gestor 11,2025-09,KB-101887,Retail,Microcrédito,Rocha,61-90,Llamada,True,66.7,-0.195,frustracion,4,Promesa,55850.0,31228.0
GE-0000926,G11,Gestor 11,2025-09,KB-110791,Corporativo,Préstamo personal,Tacuarembó,31-60,Llamada,True,75.0,-0.223,frustracion,4,Promesa,417680.0,247150.0
GE-0000927,G11,Gestor 11,2025-09,KB-111538,Retail,Microcrédito,Colonia,1-30,Llamada,True,71.7,0.104,neutro,3,Sin acuerdo,18160.0,0.0
GE-0000928,G11,Gestor 11,2025-09,KB-102632,Retail,Préstamo personal,Montevideo,31-60,Llamada,True,71.2,-0.182,objecion,3,No contacto,33870.0,0.0
GE-0000929,G11,Gestor 11,2025-09,KB-107549,Pyme,Cuenta corriente,Florida,61-90,Llamada,True,60.2,0.096,neutro,4,Promesa,336800.0,171255.0
GE-0000930,G11,Gestor 11,2025-09,KB-110143,Pyme,Tarjeta de crédito,Montevideo,1-30,WhatsApp,True,83.3,0.135,objecion,5,Promesa,42950.0,16609.0
GE-0000931,G11,Gestor 11,2025-09,KB-109560,Retail,Préstamo personal,Canelones,1-30,Llamada,True,68.7,0.467,intencion_pago,3,Sin acuerdo,9540.0,0.0
GE-0000932,G11,Gestor 11,2025-09,KB-103328,Pyme,Préstamo personal,Canelones,91-180,Llamada,True,73.9,-0.192,objecion,5,Pago,144220.0,110733.0
GE-0000933,G11,Gestor 11,2025-09,KB-100567,Corporativo,Financiación retail,Montevideo,1-30,WhatsApp,True,59.3,0.558,intencion_pago,4,Pago,1306570.0,1019231.0
GE-0000934,G11,Gestor 11,2025-09,KB-106455,Retail,Crédito automotor,Montevideo,91-180,WhatsApp,True,71.5,-0.384,frustracion,2,Pago,9020.0,6369.0
GE-0000935,G11,Gestor 11,2025-09,KB-110522,Pyme,Tarjeta de crédito,Colonia,61-90,WhatsApp,True,69.3,0.039,neutro,3,Pago,74060.0,48472.0
GE-0000936,G11,Gestor 11,2025-09,KB-108694,Retail,Préstamo personal,Montevideo,91-180,Llamada,True,73.8,-0.007,neutro,3,Promesa,25730.0,13037.0
GE-0000937,G11,Gestor 11,2025-09,KB-101583,Retail,Préstamo personal,San José,91-180,Llamada,True,76.2,-0.238,ansiedad,4,Promesa,29870.0,11118.0
GE-0000938,G11,Gestor 11,2025-09,KB-109856,Retail,Financiación retail,Canelones,61-90,Llamada,True,73.1,-0.096,ansiedad,3,Sin acuerdo,7520.0,0.0
GE-0000939,G11,Gestor 11,2025-09,KB-102425,Pyme,Préstamo personal,Maldonado,91-180,WhatsApp,True,67.2,0.247,neutro,4,No contacto,463610.0,0.0
GE-0000940,G11,Gestor 11,2025-09,KB-100124,Retail,Préstamo personal,Montevideo,91-180,Llamada,True,59.8,-0.089,objecion,3,Promesa,18330.0,9247.0
GE-0000941,G11,Gestor 11,2025-09,KB-109183,Pyme,Crédito automotor,San José,61-90,Llamada,True,64.4,-0.404,enojo,4,Pago,233290.0,204227.0
GE-0000942,G11,Gestor 11,2025-09,KB-105624,Retail,Tarjeta de crédito,Canelones,91-180,Llamada,True,69.1,-0.498,enojo,6,Pago,15010.0,9396.0
GE-0000943,G11,Gestor 11,2025-09,KB-109046,Retail,Cuenta corriente,Montevideo,91-180,Llamada,True,56.4,-0.17,dificultad_economica,3,No contacto,43780.0,0.0
GE-0000944,G11,Gestor 11,2025-09,KB-100405,Retail,Crédito automotor,Montevideo,91-180,WhatsApp,True,55.7,-0.191,frustracion,1,Sin acuerdo,73170.0,0.0
GE-0000945,G11,Gestor 11,2025-09,KB-100566,Pyme,Tarjeta de crédito,Canelones,31-60,WhatsApp,True,77.4,-0.595,frustracion,4,Pago,192680.0,182584.0
GE-0000946,G11,Gestor 11,2025-09,KB-108997,Retail,Crédito automotor,San José,1-30,Llamada,True,74.6,-0.1,neutro,4,Sin acuerdo,29710.0,0.0
GE-0000947,G11,Gestor 11,2025-09,KB-106211,Pyme,Cuenta corriente,Montevideo,1-30,WhatsApp,True,54.0,-0.231,objecion,1,No contacto,64800.0,0.0
GE-0000948,G11,Gestor 11,2025-09,KB-106646,Retail,Tarjeta de crédito,Montevideo,31-60,WhatsApp,True,58.5,0.114,neutro,2,Pago,13710.0,9933.0
GE-0000949,G11,Gestor 11,2025-09,KB-103040,Corporativo,Préstamo personal,Montevideo,31-60,Llamada,True,67.3,-0.043,objecion,4,Promesa,72460.0,42962.0
GE-0000950,G11,Gestor 11,2025-09,KB-111316,Retail,Préstamo personal,Canelones,31-60,Llamada,True,72.2,-0.05,objecion,4,Promesa,7040.0,3581.0
GE-0000951,G12,Gestor 12,2025-09,KB-100326,Retail,Microcrédito,San José,1-30,WhatsApp,False,64.6,0.526,intencion_pago,3,Pago,18800.0,16706.0
GE-0000952,G12,Gestor 12,2025-09,KB-110545,Retail,Tarjeta de crédito,Durazno,1-30,WhatsApp,False,55.8,0.057,neutro,4,Promesa,96930.0,30728.0
GE-0000953,G12,Gestor 12,2025-09,KB-104895,Pyme,Financiación retail,Rivera,180+,Llamada,False,66.0,-0.389,dificultad_economica,2,Pago,227180.0,143194.0
GE-0000954,G12,Gestor 12,2025-09,KB-111152,Pyme,Microcrédito,Montevideo,61-90,Llamada,False,73.8,-0.014,dificultad_economica,3,Sin acuerdo,36510.0,0.0
GE-0000955,G12,Gestor 12,2025-09,KB-102156,Retail,Préstamo personal,Montevideo,1-30,WhatsApp,False,74.3,0.601,intencion_pago,3,Pago,26160.0,18530.0
GE-0000956,G12,Gestor 12,2025-09,KB-110726,Pyme,Financiación retail,Cerro Largo,61-90,WhatsApp,False,66.8,0.156,neutro,3,Pago,275300.0,245880.0
GE-0000957,G12,Gestor 12,2025-09,KB-103166,Retail,Microcrédito,Colonia,1-30,Llamada,False,77.1,0.156,neutro,3,Pago,4640.0,3069.0
GE-0000958,G12,Gestor 12,2025-09,KB-111212,Retail,Préstamo personal,Montevideo,31-60,Llamada,False,72.1,-0.721,enojo,3,Promesa,102400.0,40510.0
GE-0000959,G12,Gestor 12,2025-09,KB-103365,Pyme,Préstamo personal,Montevideo,91-180,Llamada,False,77.3,0.005,objecion,5,Pago,55040.0,33319.0
GE-0000960,G12,Gestor 12,2025-09,KB-110854,Retail,Préstamo personal,Montevideo,61-90,WhatsApp,False,70.2,-0.454,dificultad_economica,3,Promesa,76900.0,35011.0
GE-0000961,G12,Gestor 12,2025-09,KB-110779,Retail,Financiación retail,Montevideo,1-30,WhatsApp,False,51.7,0.623,intencion_pago,3,Promesa,14260.0,5765.0
GE-0000962,G12,Gestor 12,2025-09,KB-105062,Retail,Microcrédito,Florida,31-60,Llamada,False,72.6,0.349,intencion_pago,5,Pago,31750.0,22258.0
GE-0000963,G12,Gestor 12,2025-09,KB-104097,Retail,Microcrédito,Colonia,1-30,WhatsApp,False,73.7,0.631,intencion_pago,5,Sin acuerdo,6480.0,0.0
GE-0000964,G12,Gestor 12,2025-09,KB-108832,Retail,Crédito automotor,Montevideo,31-60,Llamada,False,63.1,0.562,intencion_pago,3,Pago,45620.0,32972.0
GE-0000965,G12,Gestor 12,2025-09,KB-100573,Retail,Crédito automotor,Soriano,31-60,WhatsApp,False,62.0,-0.042,neutro,3,No contacto,4310.0,0.0
GE-0000966,G12,Gestor 12,2025-09,KB-101235,Retail,Crédito automotor,Artigas,91-180,Llamada,False,88.3,-0.03,objecion,6,Pago,79820.0,63200.0
GE-0000967,G12,Gestor 12,2025-09,KB-101941,Retail,Tarjeta de crédito,Montevideo,91-180,Llamada,False,65.1,-0.387,frustracion,3,Sin acuerdo,7080.0,0.0
GE-0000968,G12,Gestor 12,2025-09,KB-106243,Pyme,Préstamo personal,Canelones,91-180,Llamada,False,68.6,0.397,neutro,4,Promesa,193850.0,66178.0
GE-0000969,G12,Gestor 12,2025-09,KB-103039,Pyme,Financiación retail,Montevideo,180+,Llamada,False,79.5,-0.236,dificultad_economica,2,Pago,27760.0,23275.0
GE-0000970,G12,Gestor 12,2025-09,KB-103800,Corporativo,Tarjeta de crédito,Salto,31-60,Llamada,False,68.6,-0.093,ansiedad,3,Pago,69430.0,61948.0
GE-0000971,G12,Gestor 12,2025-09,KB-105529,Retail,Financiación retail,Montevideo,1-30,WhatsApp,False,78.0,-0.063,objecion,5,Pago,52940.0,49090.0
GE-0000972,G12,Gestor 12,2025-09,KB-109163,Pyme,Cuenta corriente,Montevideo,31-60,Llamada,False,87.2,-0.057,objecion,5,Promesa,310770.0,180659.0
GE-0000973,G12,Gestor 12,2025-09,KB-101809,Retail,Préstamo personal,San José,31-60,WhatsApp,False,74.6,-0.064,objecion,3,Pago,20440.0,18670.0
GE-0000974,G12,Gestor 12,2025-09,KB-107480,Retail,Cuenta corriente,Montevideo,1-30,Llamada,False,64.5,0.3,neutro,4,Promesa,10800.0,5821.0
GE-0000975,G12,Gestor 12,2025-09,KB-101045,Retail,Préstamo personal,Montevideo,31-60,Llamada,False,75.2,0.609,intencion_pago,3,Promesa,15900.0,5226.0
GE-0000976,G12,Gestor 12,2025-09,KB-109129,Retail,Tarjeta de crédito,Canelones,31-60,Llamada,False,65.9,0.097,neutro,3,Promesa,17710.0,8500.0
GE-0000977,G12,Gestor 12,2025-09,KB-107063,Pyme,Microcrédito,Montevideo,61-90,Llamada,False,76.7,-0.063,objecion,3,Promesa,196210.0,112036.0
GE-0000978,G12,Gestor 12,2025-09,KB-105705,Pyme,Préstamo personal,Montevideo,31-60,WhatsApp,False,70.6,0.532,intencion_pago,2,Sin acuerdo,212200.0,0.0
GE-0000979,G12,Gestor 12,2025-09,KB-100479,Retail,Préstamo personal,Montevideo,61-90,Llamada,False,68.7,-0.226,ansiedad,3,Promesa,28010.0,14973.0
GE-0000980,G12,Gestor 12,2025-09,KB-100809,Retail,Microcrédito,Montevideo,61-90,Llamada,False,80.5,0.018,ansiedad,5,Pago,13980.0,12244.0
GE-0000981,G12,Gestor 12,2025-09,KB-102806,Retail,Tarjeta de crédito,Durazno,91-180,Llamada,False,77.1,-0.237,frustracion,2,No contacto,41590.0,0.0
GE-0000982,G12,Gestor 12,2025-09,KB-104892,Retail,Crédito automotor,Montevideo,91-180,WhatsApp,False,75.2,-0.187,frustracion,5,No contacto,12420.0,0.0
GE-0000983,G12,Gestor 12,2025-09,KB-103183,Pyme,Tarjeta de crédito,Montevideo,1-30,WhatsApp,False,60.7,0.447,intencion_pago,4,Pago,96450.0,77468.0
GE-0000984,G12,Gestor 12,2025-09,KB-110158,Retail,Tarjeta de crédito,Montevideo,61-90,Llamada,False,66.7,-0.311,frustracion,5,No contacto,35840.0,0.0
GE-0000985,G12,Gestor 12,2025-09,KB-108385,Retail,Préstamo personal,Soriano,91-180,WhatsApp,False,70.4,-0.201,objecion,5,Pago,80460.0,71259.0
GE-0000986,G12,Gestor 12,2025-09,KB-106304,Retail,Tarjeta de crédito,Montevideo,180+,WhatsApp,False,79.2,0.282,neutro,4,Pago,25310.0,16885.0
GE-0000987,G12,Gestor 12,2025-09,KB-101995,Retail,Préstamo personal,Treinta y Tres,91-180,WhatsApp,False,75.3,-0.08,ansiedad,6,Sin acuerdo,54600.0,0.0
GE-0000988,G12,Gestor 12,2025-09,KB-104639,Corporativo,Financiación retail,Montevideo,31-60,Llamada,False,75.6,0.368,neutro,5,No contacto,1579410.0,0.0
GE-0000989,G12,Gestor 12,2025-09,KB-104739,Retail,Microcrédito,Montevideo,1-30,WhatsApp,False,73.6,0.62,intencion_pago,4,Pago,26420.0,22092.0
GE-0000990,G12,Gestor 12,2025-09,KB-106380,Retail,Préstamo personal,Paysandú,61-90,WhatsApp,False,67.7,0.045,ansiedad,3,Promesa,59020.0,21842.0
GE-0000991,G01,Gestor 01,2025-10,KB-103267,Retail,Tarjeta de crédito,Tacuarembó,1-30,Llamada,False,75.7,0.603,intencion_pago,4,Pago,18920.0,16997.0
GE-0000992,G01,Gestor 01,2025-10,KB-102416,Retail,Financiación retail,San José,1-30,WhatsApp,False,67.3,-0.047,objecion,4,Pago,18540.0,13336.0
GE-0000993,G01,Gestor 01,2025-10,KB-101421,Pyme,Crédito automotor,Montevideo,91-180,Llamada,False,78.4,-0.253,ansiedad,3,Pago,98640.0,86885.0
GE-0000994,G01,Gestor 01,2025-10,KB-101486,Retail,Tarjeta de crédito,Montevideo,1-30,Llamada,False,71.9,0.58,intencion_pago,4,Promesa,22860.0,13431.0
GE-0000995,G01,Gestor 01,2025-10,KB-109053,Retail,Microcrédito,Montevideo,1-30,Llamada,False,64.6,0.384,intencion_pago,2,Pago,26910.0,20776.0
GE-0000996,G01,Gestor 01,2025-10,KB-105662,Retail,Cuenta corriente,Montevideo,91-180,Llamada,False,69.6,-0.43,dificultad_economica,4,Promesa,45080.0,22569.0
GE-0000997,G01,Gestor 01,2025-10,KB-102235,Pyme,Tarjeta de crédito,Colonia,1-30,Llamada,False,50.2,-0.356,ansiedad,4,Promesa,53380.0,29931.0
GE-0000998,G01,Gestor 01,2025-10,KB-110974,Retail,Préstamo personal,Canelones,31-60,WhatsApp,False,70.3,0.028,neutro,4,Promesa,78020.0,33007.0
GE-0000999,G01,Gestor 01,2025-10,KB-104190,Retail,Microcrédito,Montevideo,91-180,Llamada,False,57.4,-0.487,dificultad_economica,4,Promesa,21980.0,11118.0
GE-0001000,G01,Gestor 01,2025-10,KB-106162,Pyme,Financiación retail,Montevideo,31-60,WhatsApp,False,77.5,0.816,intencion_pago,5,Pago,123760.0,99129.0
GE-0001001,G01,Gestor 01,2025-10,KB-109518,Retail,Microcrédito,Canelones,31-60,Llamada,False,65.7,-0.319,frustracion,3,Promesa,14540.0,5260.0
GE-0001002,G01,Gestor 01,2025-10,KB-107407,Corporativo,Crédito automotor,Montevideo,1-30,Llamada,False,75.2,0.528,intencion_pago,3,Promesa,492640.0,212566.0
GE-0001003,G01,Gestor 01,2025-10,KB-101515,Pyme,Microcrédito,Rivera,180+,Llamada,False,58.7,-0.431,frustracion,4,Pago,36380.0,27301.0
GE-0001004,G01,Gestor 01,2025-10,KB-100976,Pyme,Crédito automotor,Montevideo,31-60,Llamada,False,63.5,-0.061,objecion,3,Pago,79060.0,73047.0
GE-0001005,G01,Gestor 01,2025-10,KB-108770,Retail,Microcrédito,San José,180+,WhatsApp,False,66.7,-0.683,enojo,2,Pago,22180.0,14277.0
GE-0001006,G01,Gestor 01,2025-10,KB-111829,Retail,Microcrédito,Montevideo,180+,Llamada,False,66.4,-0.241,dificultad_economica,3,Promesa,85680.0,28487.0
GE-0001007,G01,Gestor 01,2025-10,KB-101433,Retail,Tarjeta de crédito,Colonia,31-60,WhatsApp,False,40.9,-0.416,ansiedad,1,Promesa,15350.0,8065.0
GE-0001008,G01,Gestor 01,2025-10,KB-102897,Retail,Financiación retail,Canelones,61-90,Llamada,False,51.6,0.1,neutro,3,No contacto,27940.0,0.0
GE-0001009,G01,Gestor 01,2025-10,KB-105420,Corporativo,Préstamo personal,Montevideo,61-90,WhatsApp,False,72.9,-0.008,ansiedad,3,Promesa,136990.0,59445.0
GE-0001010,G01,Gestor 01,2025-10,KB-100020,Pyme,Préstamo personal,Tacuarembó,31-60,WhatsApp,False,63.6,-0.243,objecion,4,Promesa,32990.0,12812.0
GE-0001011,G01,Gestor 01,2025-10,KB-111056,Retail,Cuenta corriente,Montevideo,31-60,Llamada,False,71.6,-0.5,enojo,5,Promesa,21140.0,9558.0
GE-0001012,G01,Gestor 01,2025-10,KB-105527,Retail,Cuenta corriente,Montevideo,61-90,Llamada,False,62.3,0.025,neutro,4,Pago,20090.0,18116.0
GE-0001013,G01,Gestor 01,2025-10,KB-111650,Retail,Préstamo personal,Montevideo,31-60,WhatsApp,False,81.8,0.448,intencion_pago,3,Sin acuerdo,46260.0,0.0
GE-0001014,G01,Gestor 01,2025-10,KB-106401,Retail,Tarjeta de crédito,Canelones,31-60,Llamada,False,71.8,0.208,neutro,3,Promesa,36010.0,18957.0
GE-0001015,G01,Gestor 01,2025-10,KB-109000,Retail,Tarjeta de crédito,San José,31-60,Llamada,False,55.2,-0.636,enojo,3,Pago,80510.0,60686.0
GE-0001016,G01,Gestor 01,2025-10,KB-103749,Retail,Crédito automotor,Montevideo,180+,WhatsApp,False,62.9,-0.648,enojo,2,Pago,236470.0,202300.0
GE-0001017,G01,Gestor 01,2025-10,KB-107313,Retail,Crédito automotor,Montevideo,1-30,WhatsApp,False,65.5,0.274,neutro,4,Promesa,12920.0,6449.0
GE-0001018,G01,Gestor 01,2025-10,KB-104949,Pyme,Microcrédito,Montevideo,31-60,WhatsApp,False,55.5,-0.102,neutro,1,Promesa,75070.0,40326.0
GE-0001019,G01,Gestor 01,2025-10,KB-106016,Pyme,Microcrédito,Montevideo,180+,Llamada,False,65.4,-0.326,enojo,2,Promesa,96120.0,38873.0
GE-0001020,G01,Gestor 01,2025-10,KB-107050,Retail,Microcrédito,Montevideo,61-90,Llamada,False,58.2,0.085,neutro,2,Promesa,55680.0,19546.0
GE-0001021,G01,Gestor 01,2025-10,KB-107819,Pyme,Préstamo personal,Montevideo,31-60,Llamada,False,71.0,0.172,objecion,3,Promesa,110650.0,59269.0
GE-0001022,G01,Gestor 01,2025-10,KB-110442,Retail,Tarjeta de crédito,Salto,31-60,Llamada,False,62.1,-0.134,ansiedad,4,Sin acuerdo,57410.0,0.0
GE-0001023,G01,Gestor 01,2025-10,KB-108513,Retail,Cuenta corriente,Montevideo,91-180,WhatsApp,False,72.7,-0.375,frustracion,3,Promesa,49990.0,23080.0
GE-0001024,G01,Gestor 01,2025-10,KB-103803,Retail,Préstamo personal,Flores,31-60,Llamada,False,67.2,-0.395,frustracion,6,Promesa,30520.0,15150.0
GE-0001025,G01,Gestor 01,2025-10,KB-111831,Retail,Crédito automotor,Canelones,91-180,Llamada,False,62.6,-0.27,dificultad_economica,2,Promesa,81570.0,34393.0
GE-0001026,G01,Gestor 01,2025-10,KB-110289,Retail,Microcrédito,Montevideo,1-30,WhatsApp,False,54.2,-0.287,ansiedad,2,Promesa,4760.0,1919.0
GE-0001027,G01,Gestor 01,2025-10,KB-102318,Retail,Tarjeta de crédito,Canelones,180+,Llamada,False,72.3,-0.573,enojo,2,Pago,61050.0,46030.0
GE-0001028,G01,Gestor 01,2025-10,KB-111337,Retail,Financiación retail,Cerro Largo,1-30,WhatsApp,False,75.0,-0.142,ansiedad,4,Pago,38380.0,29271.0
GE-0001029,G01,Gestor 01,2025-10,KB-111414,Corporativo,Tarjeta de crédito,Colonia,91-180,WhatsApp,False,70.6,-0.174,objecion,1,No contacto,615660.0,0.0
GE-0001030,G01,Gestor 01,2025-10,KB-101441,Corporativo,Préstamo personal,Maldonado,31-60,WhatsApp,False,78.1,-0.074,frustracion,4,No contacto,567770.0,0.0
GE-0001031,G01,Gestor 01,2025-10,KB-102675,Retail,Crédito automotor,Canelones,1-30,WhatsApp,False,60.6,0.256,intencion_pago,4,Promesa,17070.0,6692.0
GE-0001032,G01,Gestor 01,2025-10,KB-105581,Pyme,Tarjeta de crédito,Maldonado,1-30,Llamada,False,59.6,-0.344,ansiedad,3,Sin acuerdo,46480.0,0.0
GE-0001033,G01,Gestor 01,2025-10,KB-108424,Retail,Cuenta corriente,Montevideo,1-30,Llamada,False,51.5,0.333,intencion_pago,4,Pago,9750.0,9015.0
GE-0001034,G01,Gestor 01,2025-10,KB-109534,Retail,Tarjeta de crédito,Artigas,31-60,WhatsApp,False,65.3,0.27,neutro,4,Sin acuerdo,8660.0,0.0
GE-0001035,G01,Gestor 01,2025-10,KB-110684,Retail,Préstamo personal,Montevideo,1-30,Llamada,False,64.2,0.08,objecion,1,Pago,57450.0,36245.0
GE-0001036,G02,Gestor 02,2025-10,KB-108536,Pyme,Financiación retail,Florida,91-180,WhatsApp,False,54.6,-0.286,dificultad_economica,2,Promesa,169530.0,70704.0
GE-0001037,G02,Gestor 02,2025-10,KB-110908,Retail,Financiación retail,Montevideo,61-90,Llamada,False,44.0,-0.179,ansiedad,0,Pago,34180.0,28290.0
GE-0001038,G02,Gestor 02,2025-10,KB-104652,Pyme,Préstamo personal,Durazno,61-90,WhatsApp,False,41.0,-0.487,frustracion,4,Sin acuerdo,80340.0,0.0
GE-0001039,G02,Gestor 02,2025-10,KB-103497,Retail,Tarjeta de crédito,Salto,61-90,WhatsApp,False,59.5,-0.329,dificultad_economica,3,Sin acuerdo,30800.0,0.0
GE-0001040,G02,Gestor 02,2025-10,KB-107046,Pyme,Tarjeta de crédito,Maldonado,31-60,Llamada,False,57.1,-0.083,neutro,2,Promesa,63540.0,37960.0
GE-0001041,G02,Gestor 02,2025-10,KB-110488,Retail,Cuenta corriente,Canelones,61-90,Llamada,False,46.0,-0.393,dificultad_economica,2,No contacto,103000.0,0.0
GE-0001042,G02,Gestor 02,2025-10,KB-109077,Pyme,Microcrédito,Canelones,31-60,Llamada,False,46.4,0.358,intencion_pago,2,No contacto,31130.0,0.0
GE-0001043,G02,Gestor 02,2025-10,KB-107368,Pyme,Microcrédito,Canelones,61-90,WhatsApp,False,54.3,-0.163,objecion,3,Promesa,34440.0,15565.0
GE-0001044,G02,Gestor 02,2025-10,KB-108540,Retail,Microcrédito,Canelones,1-30,Llamada,False,47.1,-0.202,objecion,2,Pago,19170.0,16219.0
GE-0001045,G02,Gestor 02,2025-10,KB-106813,Retail,Préstamo personal,Montevideo,91-180,WhatsApp,False,50.3,-0.241,dificultad_economica,2,Pago,38320.0,26799.0
GE-0001046,G02,Gestor 02,2025-10,KB-107575,Pyme,Tarjeta de crédito,Canelones,180+,WhatsApp,False,59.6,-0.385,enojo,3,No contacto,139270.0,0.0
GE-0001047,G02,Gestor 02,2025-10,KB-106158,Retail,Financiación retail,Canelones,31-60,Llamada,False,42.1,-0.353,ansiedad,3,Pago,49530.0,37508.0
GE-0001048,G02,Gestor 02,2025-10,KB-105205,Retail,Préstamo personal,Montevideo,31-60,Llamada,False,62.5,0.063,objecion,2,Promesa,12310.0,6877.0
GE-0001049,G02,Gestor 02,2025-10,KB-105895,Retail,Préstamo personal,Salto,91-180,Llamada,False,54.6,-0.541,enojo,4,Sin acuerdo,27400.0,0.0
GE-0001050,G02,Gestor 02,2025-10,KB-102560,Retail,Préstamo personal,Artigas,180+,Llamada,False,60.1,-0.598,enojo,2,Sin acuerdo,38380.0,0.0
GE-0001051,G02,Gestor 02,2025-10,KB-101222,Retail,Tarjeta de crédito,Maldonado,61-90,Llamada,False,56.5,-0.496,frustracion,3,Pago,9700.0,8116.0
GE-0001052,G02,Gestor 02,2025-10,KB-109812,Retail,Tarjeta de crédito,Colonia,31-60,Llamada,False,61.7,0.484,intencion_pago,3,Pago,75840.0,55860.0
GE-0001053,G02,Gestor 02,2025-10,KB-101228,Pyme,Préstamo personal,Durazno,31-60,WhatsApp,False,77.5,0.123,neutro,5,Sin acuerdo,295390.0,0.0
GE-0001054,G02,Gestor 02,2025-10,KB-103008,Retail,Crédito automotor,Maldonado,61-90,WhatsApp,False,35.4,-0.214,frustracion,2,Promesa,8960.0,4198.0
GE-0001055,G02,Gestor 02,2025-10,KB-100502,Retail,Cuenta corriente,Canelones,91-180,Llamada,False,42.4,-0.603,frustracion,2,Sin acuerdo,12910.0,0.0
GE-0001056,G02,Gestor 02,2025-10,KB-111626,Pyme,Préstamo personal,Paysandú,180+,Llamada,False,64.5,-0.644,enojo,2,Sin acuerdo,118620.0,0.0
GE-0001057,G02,Gestor 02,2025-10,KB-110390,Retail,Tarjeta de crédito,Canelones,91-180,WhatsApp,False,53.5,-0.7,enojo,4,No contacto,42350.0,0.0
GE-0001058,G02,Gestor 02,2025-10,KB-106300,Retail,Préstamo personal,Montevideo,91-180,Llamada,False,44.0,-0.028,ansiedad,0,Promesa,50880.0,23263.0
GE-0001059,G02,Gestor 02,2025-10,KB-109716,Pyme,Tarjeta de crédito,Treinta y Tres,61-90,WhatsApp,False,41.1,0.102,neutro,2,Promesa,264160.0,153033.0
GE-0001060,G02,Gestor 02,2025-10,KB-102385,Retail,Préstamo personal,Montevideo,31-60,Llamada,False,68.2,-0.223,ansiedad,2,Sin acuerdo,49260.0,0.0
GE-0001061,G02,Gestor 02,2025-10,KB-111213,Retail,Financiación retail,Montevideo,180+,WhatsApp,False,50.6,-0.707,enojo,3,No contacto,22270.0,0.0
GE-0001062,G02,Gestor 02,2025-10,KB-108212,Retail,Microcrédito,Maldonado,91-180,Llamada,False,49.2,-0.225,ansiedad,4,Pago,18150.0,16514.0
GE-0001063,G02,Gestor 02,2025-10,KB-111145,Retail,Financiación retail,Tacuarembó,1-30,Llamada,False,38.4,0.172,intencion_pago,2,Promesa,46850.0,22827.0
GE-0001064,G02,Gestor 02,2025-10,KB-100448,Pyme,Préstamo personal,Montevideo,61-90,WhatsApp,False,52.9,-0.437,dificultad_economica,3,Pago,23990.0,20441.0
GE-0001065,G02,Gestor 02,2025-10,KB-105711,Retail,Financiación retail,Rivera,61-90,WhatsApp,False,62.1,-0.417,frustracion,4,No contacto,24080.0,0.0
GE-0001066,G02,Gestor 02,2025-10,KB-103854,Pyme,Financiación retail,Soriano,31-60,Llamada,False,46.1,-0.339,ansiedad,4,Promesa,71430.0,23679.0
GE-0001067,G02,Gestor 02,2025-10,KB-101129,Retail,Préstamo personal,Montevideo,91-180,WhatsApp,False,58.5,-0.408,dificultad_economica,4,No contacto,13740.0,0.0
GE-0001068,G02,Gestor 02,2025-10,KB-103841,Retail,Tarjeta de crédito,Montevideo,61-90,Llamada,False,50.6,-0.06,neutro,2,No contacto,22810.0,0.0
GE-0001069,G02,Gestor 02,2025-10,KB-105130,Pyme,Microcrédito,Canelones,91-180,WhatsApp,False,45.1,-0.4,frustracion,4,No contacto,79250.0,0.0
GE-0001070,G02,Gestor 02,2025-10,KB-111310,Pyme,Préstamo personal,Florida,180+,Llamada,False,47.4,-0.376,objecion,3,No contacto,210000.0,0.0
GE-0001071,G02,Gestor 02,2025-10,KB-111491,Retail,Tarjeta de crédito,Montevideo,91-180,Llamada,False,49.5,-0.265,dificultad_economica,1,Promesa,14840.0,4775.0
GE-0001072,G02,Gestor 02,2025-10,KB-107533,Pyme,Financiación retail,Montevideo,91-180,WhatsApp,False,64.5,-0.242,ansiedad,4,Promesa,21600.0,8943.0
GE-0001073,G02,Gestor 02,2025-10,KB-101675,Pyme,Tarjeta de crédito,Maldonado,61-90,WhatsApp,False,55.7,-0.192,frustracion,3,Promesa,269360.0,136782.0
GE-0001074,G02,Gestor 02,2025-10,KB-102119,Retail,Cuenta corriente,Montevideo,1-30,Llamada,False,44.4,0.102,neutro,1,Promesa,27960.0,15023.0
GE-0001075,G02,Gestor 02,2025-10,KB-108934,Pyme,Tarjeta de crédito,Canelones,1-30,WhatsApp,False,51.2,-0.046,neutro,2,Promesa,98220.0,50577.0
GE-0001076,G02,Gestor 02,2025-10,KB-101621,Pyme,Préstamo personal,Canelones,61-90,Llamada,False,66.7,-0.387,dificultad_economica,3,Sin acuerdo,78680.0,0.0
GE-0001077,G02,Gestor 02,2025-10,KB-105501,Corporativo,Préstamo personal,Montevideo,61-90,WhatsApp,False,63.5,0.145,objecion,3,Pago,354750.0,254479.0
GE-0001078,G02,Gestor 02,2025-10,KB-105879,Corporativo,Cuenta corriente,Artigas,31-60,WhatsApp,False,31.3,-0.1,neutro,3,Promesa,217060.0,112925.0
GE-0001079,G02,Gestor 02,2025-10,KB-110125,Corporativo,Financiación retail,Montevideo,1-30,WhatsApp,False,62.6,0.404,intencion_pago,3,Pago,1055070.0,660127.0
GE-0001080,G02,Gestor 02,2025-10,KB-109118,Retail,Microcrédito,Cerro Largo,91-180,Llamada,False,55.4,-0.215,dificultad_economica,4,No contacto,10600.0,0.0
GE-0001081,G02,Gestor 02,2025-10,KB-104561,Retail,Tarjeta de crédito,Canelones,180+,Llamada,False,57.5,-0.464,enojo,3,Sin acuerdo,30060.0,0.0
GE-0001082,G02,Gestor 02,2025-10,KB-102518,Pyme,Préstamo personal,Rivera,1-30,Llamada,False,65.6,0.474,intencion_pago,5,Pago,97160.0,63999.0
GE-0001083,G03,Gestor 03,2025-10,KB-110998,Retail,Préstamo personal,Maldonado,1-30,WhatsApp,False,71.4,0.477,intencion_pago,4,Sin acuerdo,13290.0,0.0
GE-0001084,G03,Gestor 03,2025-10,KB-109948,Retail,Préstamo personal,Maldonado,1-30,WhatsApp,False,76.0,0.696,intencion_pago,4,Pago,18640.0,15992.0
GE-0001085,G03,Gestor 03,2025-10,KB-105333,Retail,Préstamo personal,Montevideo,1-30,WhatsApp,False,58.9,-0.188,ansiedad,6,Sin acuerdo,63660.0,0.0
GE-0001086,G03,Gestor 03,2025-10,KB-100458,Pyme,Tarjeta de crédito,Colonia,1-30,WhatsApp,False,70.7,0.433,intencion_pago,2,Pago,198940.0,174201.0
GE-0001087,G03,Gestor 03,2025-10,KB-109905,Pyme,Préstamo personal,Montevideo,180+,WhatsApp,False,51.9,-0.67,enojo,2,Sin acuerdo,34320.0,0.0
GE-0001088,G03,Gestor 03,2025-10,KB-108914,Retail,Financiación retail,Montevideo,31-60,WhatsApp,False,82.5,-0.055,objecion,4,Promesa,19370.0,8258.0
GE-0001089,G03,Gestor 03,2025-10,KB-105050,Pyme,Financiación retail,Canelones,91-180,WhatsApp,False,62.6,-0.637,enojo,2,No contacto,193170.0,0.0
GE-0001090,G03,Gestor 03,2025-10,KB-106882,Corporativo,Tarjeta de crédito,Maldonado,91-180,Llamada,False,53.0,-0.231,dificultad_economica,3,Promesa,190410.0,96613.0
GE-0001091,G03,Gestor 03,2025-10,KB-106677,Corporativo,Préstamo personal,Rocha,180+,Llamada,False,80.3,-0.207,frustracion,4,Promesa,994680.0,469590.0
GE-0001092,G03,Gestor 03,2025-10,KB-108091,Pyme,Crédito automotor,Maldonado,31-60,WhatsApp,False,69.6,0.146,neutro,3,Promesa,407210.0,159866.0
GE-0001093,G03,Gestor 03,2025-10,KB-100437,Retail,Crédito automotor,Montevideo,91-180,WhatsApp,False,67.7,-0.236,objecion,2,Promesa,14770.0,6345.0
GE-0001094,G03,Gestor 03,2025-10,KB-106834,Corporativo,Préstamo personal,Montevideo,91-180,WhatsApp,False,70.5,0.043,objecion,5,Pago,410120.0,295109.0
GE-0001095,G03,Gestor 03,2025-10,KB-111344,Retail,Tarjeta de crédito,Colonia,61-90,WhatsApp,False,77.5,0.183,neutro,5,Pago,19910.0,14714.0
GE-0001096,G03,Gestor 03,2025-10,KB-104772,Retail,Crédito automotor,Montevideo,180+,WhatsApp,False,66.3,-0.38,enojo,2,Pago,17070.0,10937.0
GE-0001097,G03,Gestor 03,2025-10,KB-103995,Pyme,Financiación retail,Montevideo,91-180,Llamada,False,59.6,-0.34,dificultad_economica,1,Pago,27630.0,27089.0
GE-0001098,G03,Gestor 03,2025-10,KB-108362,Corporativo,Tarjeta de crédito,Montevideo,61-90,Llamada,False,77.2,-0.119,ansiedad,4,Sin acuerdo,1248120.0,0.0
GE-0001099,G03,Gestor 03,2025-10,KB-101424,Pyme,Financiación retail,Montevideo,180+,WhatsApp,False,61.1,-0.425,dificultad_economica,3,Promesa,43670.0,14278.0
GE-0001100,G03,Gestor 03,2025-10,KB-104179,Retail,Préstamo personal,Montevideo,61-90,Llamada,False,69.3,-0.182,ansiedad,3,Pago,140410.0,133441.0
GE-0001101,G03,Gestor 03,2025-10,KB-102954,Retail,Microcrédito,Montevideo,180+,WhatsApp,False,54.8,-0.18,objecion,4,Sin acuerdo,32950.0,0.0
GE-0001102,G03,Gestor 03,2025-10,KB-104328,Retail,Microcrédito,Montevideo,180+,Llamada,False,60.7,-0.746,enojo,2,Sin acuerdo,173680.0,0.0
GE-0001103,G03,Gestor 03,2025-10,KB-102312,Retail,Préstamo personal,Colonia,31-60,WhatsApp,False,59.6,0.489,intencion_pago,4,Pago,7820.0,7581.0
GE-0001104,G03,Gestor 03,2025-10,KB-111063,Retail,Préstamo personal,Canelones,91-180,WhatsApp,False,72.7,-0.39,frustracion,4,Promesa,36020.0,11663.0
GE-0001105,G03,Gestor 03,2025-10,KB-108580,Retail,Microcrédito,Florida,91-180,WhatsApp,False,65.8,-0.337,frustracion,3,No contacto,38420.0,0.0
GE-0001106,G03,Gestor 03,2025-10,KB-110090,Retail,Préstamo personal,Maldonado,180+,Llamada,False,82.5,-0.342,enojo,4,No contacto,13880.0,0.0
GE-0001107,G03,Gestor 03,2025-10,KB-111913,Retail,Préstamo personal,Montevideo,1-30,Llamada,False,67.6,0.09,objecion,4,Promesa,24020.0,14201.0
GE-0001108,G03,Gestor 03,2025-10,KB-105427,Pyme,Tarjeta de crédito,Cerro Largo,31-60,Llamada,False,70.5,-0.059,neutro,3,Promesa,92610.0,50180.0
GE-0001109,G03,Gestor 03,2025-10,KB-102055,Retail,Tarjeta de crédito,Montevideo,31-60,Llamada,False,63.7,-0.061,neutro,3,Promesa,42410.0,20780.0
GE-0001110,G03,Gestor 03,2025-10,KB-103933,Corporativo,Tarjeta de crédito,Canelones,31-60,WhatsApp,False,73.4,-0.037,objecion,5,Sin acuerdo,1125310.0,0.0
GE-0001111,G03,Gestor 03,2025-10,KB-100049,Pyme,Financiación retail,Florida,1-30,WhatsApp,False,60.0,0.789,intencion_pago,3,Promesa,95110.0,55878.0
GE-0001112,G03,Gestor 03,2025-10,KB-107370,Retail,Financiación retail,Montevideo,31-60,WhatsApp,False,72.8,-0.2,ansiedad,3,Pago,12640.0,12301.0
GE-0001113,G03,Gestor 03,2025-10,KB-106389,Pyme,Préstamo personal,Río Negro,31-60,Llamada,False,65.1,0.085,neutro,3,No contacto,225730.0,0.0
GE-0001114,G03,Gestor 03,2025-10,KB-102657,Retail,Crédito automotor,Canelones,31-60,Llamada,False,74.7,0.19,neutro,3,Pago,50080.0,37574.0
GE-0001115,G03,Gestor 03,2025-10,KB-102282,Corporativo,Préstamo personal,Canelones,1-30,Llamada,False,64.0,-0.024,neutro,3,Pago,1950930.0,1739873.0
GE-0001116,G03,Gestor 03,2025-10,KB-105677,Retail,Préstamo personal,Salto,180+,Llamada,False,75.3,-0.324,dificultad_economica,3,Pago,72970.0,51850.0
GE-0001117,G03,Gestor 03,2025-10,KB-108647,Pyme,Préstamo personal,Paysandú,31-60,WhatsApp,False,65.5,0.656,intencion_pago,1,Promesa,110130.0,64025.0
GE-0001118,G03,Gestor 03,2025-10,KB-102111,Pyme,Préstamo personal,Canelones,91-180,Llamada,False,47.1,-0.451,dificultad_economica,2,Pago,145640.0,111812.0
GE-0001119,G04,Gestor 04,2025-10,KB-106237,Corporativo,Tarjeta de crédito,Maldonado,31-60,WhatsApp,False,63.2,-0.322,frustracion,2,No contacto,187590.0,0.0
GE-0001120,G04,Gestor 04,2025-10,KB-109218,Corporativo,Tarjeta de crédito,Maldonado,1-30,Llamada,False,65.3,0.819,intencion_pago,3,Pago,2521010.0,2065659.0
GE-0001121,G04,Gestor 04,2025-10,KB-102518,Pyme,Préstamo personal,Rivera,1-30,WhatsApp,False,75.1,0.409,intencion_pago,3,Pago,97160.0,63999.0
GE-0001122,G04,Gestor 04,2025-10,KB-110671,Retail,Tarjeta de crédito,Maldonado,91-180,Llamada,False,77.0,-0.136,frustracion,6,Pago,12490.0,8741.0
GE-0001123,G04,Gestor 04,2025-10,KB-108782,Pyme,Cuenta corriente,Montevideo,31-60,WhatsApp,False,60.6,-0.007,neutro,2,Promesa,233740.0,108903.0
GE-0001124,G04,Gestor 04,2025-10,KB-105626,Retail,Crédito automotor,Salto,91-180,Llamada,False,67.9,-0.155,objecion,5,Promesa,23840.0,9608.0
GE-0001125,G04,Gestor 04,2025-10,KB-105909,Retail,Préstamo personal,San José,31-60,Llamada,False,62.3,0.003,neutro,3,Sin acuerdo,46050.0,0.0
GE-0001126,G04,Gestor 04,2025-10,KB-111722,Retail,Tarjeta de crédito,Canelones,31-60,Llamada,False,80.0,0.022,objecion,3,No contacto,9030.0,0.0
GE-0001127,G04,Gestor 04,2025-10,KB-105039,Retail,Financiación retail,Montevideo,61-90,WhatsApp,False,67.0,-0.395,ansiedad,3,Promesa,12250.0,5266.0
GE-0001128,G04,Gestor 04,2025-10,KB-108849,Retail,Tarjeta de crédito,Montevideo,91-180,Llamada,False,65.8,-0.216,dificultad_economica,1,No contacto,32550.0,0.0
GE-0001129,G04,Gestor 04,2025-10,KB-106417,Corporativo,Préstamo personal,Tacuarembó,61-90,Llamada,False,85.1,-0.364,enojo,4,Sin acuerdo,411600.0,0.0
GE-0001130,G04,Gestor 04,2025-10,KB-103511,Retail,Préstamo personal,Montevideo,61-90,Llamada,False,75.2,-0.11,frustracion,5,No contacto,23020.0,0.0
GE-0001131,G04,Gestor 04,2025-10,KB-104869,Corporativo,Crédito automotor,Montevideo,91-180,Llamada,False,59.5,-0.196,objecion,4,Sin acuerdo,509140.0,0.0
GE-0001132,G04,Gestor 04,2025-10,KB-109874,Retail,Tarjeta de crédito,Montevideo,31-60,WhatsApp,False,74.7,-0.063,objecion,4,Promesa,16760.0,8903.0
GE-0001133,G04,Gestor 04,2025-10,KB-111963,Retail,Crédito automotor,Colonia,1-30,WhatsApp,False,76.0,0.034,neutro,4,Pago,62510.0,51687.0
GE-0001134,G04,Gestor 04,2025-10,KB-109950,Retail,Préstamo personal,Canelones,91-180,WhatsApp,False,66.8,0.292,neutro,5,Promesa,15120.0,7648.0
GE-0001135,G04,Gestor 04,2025-10,KB-100112,Corporativo,Microcrédito,Rocha,91-180,WhatsApp,False,68.1,-0.602,enojo,3,Pago,181800.0,123340.0
GE-0001136,G04,Gestor 04,2025-10,KB-110648,Retail,Tarjeta de crédito,Montevideo,31-60,Llamada,False,84.6,0.235,neutro,6,Promesa,50360.0,18266.0
GE-0001137,G04,Gestor 04,2025-10,KB-101597,Retail,Financiación retail,Artigas,1-30,WhatsApp,False,61.1,-0.287,ansiedad,3,Sin acuerdo,1890.0,0.0
GE-0001138,G04,Gestor 04,2025-10,KB-103114,Pyme,Crédito automotor,Treinta y Tres,61-90,WhatsApp,False,79.7,-0.34,dificultad_economica,6,Pago,194750.0,143554.0
GE-0001139,G04,Gestor 04,2025-10,KB-105339,Pyme,Préstamo personal,Montevideo,1-30,WhatsApp,False,56.4,-0.293,objecion,2,Promesa,57020.0,32975.0
GE-0001140,G04,Gestor 04,2025-10,KB-105809,Retail,Préstamo personal,Montevideo,31-60,Llamada,False,73.3,-0.026,objecion,6,Sin acuerdo,14000.0,0.0
GE-0001141,G04,Gestor 04,2025-10,KB-103890,Retail,Cuenta corriente,Montevideo,180+,WhatsApp,False,57.9,-0.668,enojo,4,Pago,5330.0,3590.0
GE-0001142,G04,Gestor 04,2025-10,KB-103028,Retail,Préstamo personal,Treinta y Tres,1-30,WhatsApp,False,75.8,0.01,ansiedad,3,No contacto,19750.0,0.0
GE-0001143,G04,Gestor 04,2025-10,KB-111403,Corporativo,Tarjeta de crédito,Montevideo,91-180,Llamada,False,73.3,-0.328,frustracion,3,Pago,210570.0,138849.0
GE-0001144,G04,Gestor 04,2025-10,KB-104688,Pyme,Crédito automotor,Montevideo,180+,Llamada,False,66.1,-0.553,enojo,3,Sin acuerdo,86380.0,0.0
GE-0001145,G04,Gestor 04,2025-10,KB-103618,Retail,Préstamo personal,Río Negro,91-180,WhatsApp,False,89.2,-0.421,enojo,6,Promesa,41050.0,22167.0
GE-0001146,G04,Gestor 04,2025-10,KB-109119,Retail,Crédito automotor,Soriano,61-90,WhatsApp,False,67.3,0.058,neutro,4,Promesa,14340.0,8024.0
GE-0001147,G04,Gestor 04,2025-10,KB-103211,Retail,Tarjeta de crédito,Rocha,91-180,WhatsApp,False,73.7,-0.19,dificultad_economica,3,No contacto,26430.0,0.0
GE-0001148,G04,Gestor 04,2025-10,KB-110848,Pyme,Financiación retail,Montevideo,31-60,Llamada,False,84.7,0.712,intencion_pago,4,Pago,126270.0,105486.0
GE-0001149,G04,Gestor 04,2025-10,KB-102425,Pyme,Préstamo personal,Maldonado,91-180,Llamada,False,68.1,-0.277,neutro,5,Promesa,463610.0,164620.0
GE-0001150,G04,Gestor 04,2025-10,KB-109084,Retail,Financiación retail,Maldonado,1-30,Llamada,False,68.0,0.088,neutro,2,Sin acuerdo,23200.0,0.0
GE-0001151,G04,Gestor 04,2025-10,KB-106400,Pyme,Microcrédito,Canelones,91-180,Llamada,False,62.4,-0.019,dificultad_economica,4,Promesa,41980.0,19989.0
GE-0001152,G04,Gestor 04,2025-10,KB-109429,Pyme,Préstamo personal,Canelones,1-30,Llamada,False,82.8,-0.021,objecion,5,Pago,219110.0,184728.0
GE-0001153,G04,Gestor 04,2025-10,KB-105146,Retail,Financiación retail,Montevideo,91-180,Llamada,False,75.7,0.259,neutro,4,Promesa,37720.0,13423.0
GE-0001154,G04,Gestor 04,2025-10,KB-105196,Pyme,Crédito automotor,Durazno,1-30,Llamada,False,69.4,-0.462,enojo,3,Promesa,69950.0,34532.0
GE-0001155,G04,Gestor 04,2025-10,KB-107292,Pyme,Financiación retail,Colonia,1-30,Llamada,False,71.4,-0.071,objecion,4,Promesa,65620.0,33751.0
GE-0001156,G04,Gestor 04,2025-10,KB-109281,Retail,Préstamo personal,Montevideo,1-30,Llamada,False,71.8,0.435,intencion_pago,4,Sin acuerdo,28060.0,0.0
GE-0001157,G04,Gestor 04,2025-10,KB-103618,Retail,Préstamo personal,Río Negro,91-180,WhatsApp,False,67.5,-0.25,frustracion,3,Pago,41050.0,37766.0
GE-0001158,G05,Gestor 05,2025-10,KB-110569,Retail,Financiación retail,Montevideo,91-180,Llamada,False,34.8,-0.701,frustracion,1,Promesa,12890.0,5233.0
GE-0001159,G05,Gestor 05,2025-10,KB-103357,Retail,Tarjeta de crédito,Maldonado,31-60,WhatsApp,False,48.2,-0.168,ansiedad,1,Sin acuerdo,77650.0,0.0
GE-0001160,G05,Gestor 05,2025-10,KB-105056,Retail,Tarjeta de crédito,Colonia,1-30,WhatsApp,False,63.1,0.444,intencion_pago,4,Promesa,53210.0,29643.0
GE-0001161,G05,Gestor 05,2025-10,KB-108575,Retail,Tarjeta de crédito,Montevideo,91-180,WhatsApp,False,37.7,-0.762,enojo,2,No contacto,9630.0,0.0
GE-0001162,G05,Gestor 05,2025-10,KB-101919,Retail,Préstamo personal,Canelones,1-30,Llamada,False,33.1,0.491,intencion_pago,2,Promesa,25070.0,14710.0
GE-0001163,G05,Gestor 05,2025-10,KB-105173,Corporativo,Tarjeta de crédito,Canelones,1-30,Llamada,False,42.6,0.438,intencion_pago,1,Promesa,134960.0,69825.0
GE-0001164,G05,Gestor 05,2025-10,KB-106611,Retail,Crédito automotor,Montevideo,91-180,Llamada,False,46.0,-0.223,objecion,2,No contacto,52910.0,0.0
GE-0001165,G05,Gestor 05,2025-10,KB-107737,Retail,Préstamo personal,Tacuarembó,91-180,WhatsApp,False,43.7,-0.924,enojo,2,No contacto,28750.0,0.0
GE-0001166,G05,Gestor 05,2025-10,KB-108298,Retail,Tarjeta de crédito,Montevideo,1-30,Llamada,False,54.0,-0.039,objecion,4,Pago,64370.0,64191.0
GE-0001167,G05,Gestor 05,2025-10,KB-110503,Pyme,Microcrédito,Montevideo,1-30,Llamada,False,59.2,0.581,intencion_pago,3,Pago,177330.0,150208.0
GE-0001168,G05,Gestor 05,2025-10,KB-104321,Pyme,Tarjeta de crédito,Maldonado,91-180,Llamada,False,49.4,-0.176,objecion,0,No contacto,163230.0,0.0
GE-0001169,G05,Gestor 05,2025-10,KB-110854,Retail,Préstamo personal,Montevideo,61-90,Llamada,False,48.1,-0.324,dificultad_economica,4,No contacto,76900.0,0.0
GE-0001170,G05,Gestor 05,2025-10,KB-107395,Pyme,Préstamo personal,Colonia,1-30,WhatsApp,False,53.1,-0.063,ansiedad,1,Sin acuerdo,304180.0,0.0
GE-0001171,G05,Gestor 05,2025-10,KB-101755,Retail,Tarjeta de crédito,Salto,91-180,WhatsApp,False,29.5,-0.189,objecion,3,No contacto,25380.0,0.0
GE-0001172,G05,Gestor 05,2025-10,KB-105961,Pyme,Préstamo personal,Montevideo,31-60,WhatsApp,False,40.0,0.253,intencion_pago,1,Promesa,195350.0,107093.0
GE-0001173,G05,Gestor 05,2025-10,KB-110407,Pyme,Crédito automotor,Maldonado,31-60,WhatsApp,False,50.4,-0.144,neutro,2,Promesa,97390.0,55557.0
GE-0001174,G05,Gestor 05,2025-10,KB-108183,Pyme,Crédito automotor,Canelones,31-60,Llamada,False,44.7,0.103,neutro,2,Promesa,39100.0,15628.0
GE-0001175,G05,Gestor 05,2025-10,KB-108724,Retail,Préstamo personal,Canelones,61-90,Llamada,False,48.2,-0.766,enojo,2,Promesa,28000.0,14907.0
GE-0001176,G05,Gestor 05,2025-10,KB-109811,Corporativo,Tarjeta de crédito,Paysandú,31-60,Llamada,False,50.1,-0.189,neutro,2,Pago,657990.0,606399.0
GE-0001177,G05,Gestor 05,2025-10,KB-111413,Retail,Financiación retail,Montevideo,1-30,Llamada,False,39.6,-0.099,neutro,2,Sin acuerdo,55080.0,0.0
GE-0001178,G05,Gestor 05,2025-10,KB-102586,Retail,Microcrédito,Canelones,61-90,Llamada,False,48.3,-0.647,enojo,3,No contacto,34350.0,0.0
GE-0001179,G05,Gestor 05,2025-10,KB-110612,Pyme,Financiación retail,Montevideo,61-90,WhatsApp,False,50.6,0.032,objecion,4,Promesa,155320.0,83118.0
GE-0001180,G05,Gestor 05,2025-10,KB-110693,Pyme,Préstamo personal,Canelones,31-60,Llamada,False,48.5,0.644,intencion_pago,3,Sin acuerdo,199660.0,0.0
GE-0001181,G05,Gestor 05,2025-10,KB-108975,Retail,Tarjeta de crédito,Montevideo,61-90,WhatsApp,False,34.7,-0.625,frustracion,3,No contacto,5810.0,0.0
GE-0001182,G05,Gestor 05,2025-10,KB-107851,Pyme,Tarjeta de crédito,Canelones,61-90,Llamada,False,53.6,0.11,objecion,2,Pago,11410.0,10416.0
GE-0001183,G05,Gestor 05,2025-10,KB-102036,Retail,Microcrédito,Montevideo,1-30,WhatsApp,False,50.2,0.571,intencion_pago,3,Sin acuerdo,22160.0,0.0
GE-0001184,G05,Gestor 05,2025-10,KB-108053,Retail,Tarjeta de crédito,Montevideo,1-30,Llamada,False,60.2,0.284,intencion_pago,6,Sin acuerdo,22530.0,0.0
GE-0001185,G05,Gestor 05,2025-10,KB-111632,Pyme,Préstamo personal,Salto,31-60,Llamada,False,44.7,-0.109,neutro,3,Promesa,47660.0,26542.0
GE-0001186,G05,Gestor 05,2025-10,KB-103834,Retail,Préstamo personal,Montevideo,1-30,WhatsApp,False,48.0,-0.27,neutro,2,Pago,34970.0,32322.0
GE-0001187,G05,Gestor 05,2025-10,KB-103981,Retail,Crédito automotor,Canelones,31-60,WhatsApp,False,52.1,0.017,neutro,4,Sin acuerdo,22080.0,0.0
GE-0001188,G05,Gestor 05,2025-10,KB-103947,Corporativo,Préstamo personal,Rivera,1-30,Llamada,False,41.8,-0.001,neutro,3,Pago,235310.0,218992.0
GE-0001189,G05,Gestor 05,2025-10,KB-106764,Retail,Financiación retail,Montevideo,1-30,WhatsApp,False,51.4,-0.003,neutro,2,Pago,23180.0,19165.0
GE-0001190,G05,Gestor 05,2025-10,KB-103520,Retail,Préstamo personal,Montevideo,1-30,Llamada,False,44.1,-0.382,objecion,3,No contacto,30520.0,0.0
GE-0001191,G05,Gestor 05,2025-10,KB-102202,Retail,Cuenta corriente,Montevideo,61-90,Llamada,False,54.4,-0.334,dificultad_economica,3,No contacto,19050.0,0.0
GE-0001192,G05,Gestor 05,2025-10,KB-100201,Corporativo,Tarjeta de crédito,Montevideo,31-60,WhatsApp,False,33.8,-0.107,objecion,2,Pago,437370.0,352214.0
GE-0001193,G05,Gestor 05,2025-10,KB-109953,Retail,Préstamo personal,Canelones,31-60,WhatsApp,False,47.2,-0.197,ansiedad,1,Pago,50690.0,36906.0
GE-0001194,G05,Gestor 05,2025-10,KB-102024,Pyme,Préstamo personal,Montevideo,1-30,Llamada,False,45.9,-0.184,objecion,2,No contacto,63510.0,0.0
GE-0001195,G05,Gestor 05,2025-10,KB-100058,Pyme,Microcrédito,Montevideo,61-90,WhatsApp,False,33.2,-0.514,frustracion,0,No contacto,220230.0,0.0
GE-0001196,G05,Gestor 05,2025-10,KB-106727,Pyme,Financiación retail,Rivera,91-180,WhatsApp,False,48.6,-0.253,objecion,2,No contacto,117820.0,0.0
GE-0001197,G05,Gestor 05,2025-10,KB-110974,Retail,Préstamo personal,Canelones,31-60,Llamada,False,45.6,-0.073,neutro,2,Sin acuerdo,78020.0,0.0
GE-0001198,G05,Gestor 05,2025-10,KB-104161,Corporativo,Préstamo personal,Montevideo,1-30,Llamada,False,40.0,-0.15,objecion,1,Promesa,249380.0,121907.0
GE-0001199,G05,Gestor 05,2025-10,KB-105163,Retail,Préstamo personal,Soriano,31-60,Llamada,False,51.7,-0.044,neutro,4,Promesa,37580.0,21081.0
GE-0001200,G05,Gestor 05,2025-10,KB-101398,Pyme,Financiación retail,Colonia,180+,WhatsApp,False,47.9,-0.587,enojo,4,No contacto,123580.0,0.0
GE-0001201,G06,Gestor 06,2025-10,KB-110294,Retail,Tarjeta de crédito,Canelones,31-60,WhatsApp,False,52.0,-0.424,frustracion,1,Pago,11530.0,10128.0
GE-0001202,G06,Gestor 06,2025-10,KB-111555,Retail,Cuenta corriente,Cerro Largo,1-30,WhatsApp,False,47.0,0.437,intencion_pago,3,Pago,37510.0,34248.0
GE-0001203,G06,Gestor 06,2025-10,KB-107894,Retail,Tarjeta de crédito,Soriano,180+,Llamada,False,39.3,-0.52,frustracion,2,Pago,32080.0,19347.0
GE-0001204,G06,Gestor 06,2025-10,KB-106482,Pyme,Tarjeta de crédito,Canelones,91-180,Llamada,False,62.6,-0.034,objecion,3,Sin acuerdo,66150.0,0.0
GE-0001205,G06,Gestor 06,2025-10,KB-106464,Pyme,Préstamo personal,Colonia,31-60,Llamada,False,48.8,-0.209,objecion,3,No contacto,83880.0,0.0
GE-0001206,G06,Gestor 06,2025-10,KB-108087,Retail,Tarjeta de crédito,Maldonado,180+,WhatsApp,False,45.3,-0.782,enojo,2,No contacto,44270.0,0.0
GE-0001207,G06,Gestor 06,2025-10,KB-110432,Retail,Préstamo personal,Montevideo,91-180,WhatsApp,False,58.4,-0.292,ansiedad,4,Promesa,14790.0,8592.0
GE-0001208,G06,Gestor 06,2025-10,KB-105243,Corporativo,Cuenta corriente,Montevideo,31-60,Llamada,False,42.2,-0.387,frustracion,3,Sin acuerdo,420760.0,0.0
GE-0001209,G06,Gestor 06,2025-10,KB-107024,Retail,Tarjeta de crédito,Paysandú,180+,Llamada,False,46.1,-0.515,enojo,3,No contacto,128160.0,0.0
GE-0001210,G06,Gestor 06,2025-10,KB-104962,Pyme,Préstamo personal,Montevideo,31-60,Llamada,False,47.9,0.461,intencion_pago,2,Promesa,107700.0,34620.0
GE-0001211,G06,Gestor 06,2025-10,KB-102582,Pyme,Cuenta corriente,Montevideo,61-90,WhatsApp,False,37.8,-0.521,frustracion,1,No contacto,640980.0,0.0
GE-0001212,G06,Gestor 06,2025-10,KB-107822,Retail,Cuenta corriente,Montevideo,31-60,WhatsApp,False,55.5,0.547,intencion_pago,3,Promesa,12880.0,5736.0
GE-0001213,G06,Gestor 06,2025-10,KB-103207,Retail,Préstamo personal,San José,1-30,Llamada,False,40.2,-0.162,neutro,3,Sin acuerdo,47140.0,0.0
GE-0001214,G06,Gestor 06,2025-10,KB-106522,Retail,Préstamo personal,Montevideo,180+,WhatsApp,False,41.3,-0.348,dificultad_economica,3,Promesa,16950.0,5900.0
GE-0001215,G06,Gestor 06,2025-10,KB-104046,Retail,Tarjeta de crédito,Paysandú,1-30,WhatsApp,False,65.0,0.657,intencion_pago,2,Pago,23680.0,17992.0
GE-0001216,G06,Gestor 06,2025-10,KB-101580,Corporativo,Préstamo personal,Montevideo,1-30,Llamada,False,41.3,0.249,intencion_pago,2,Sin acuerdo,884600.0,0.0
GE-0001217,G06,Gestor 06,2025-10,KB-110691,Retail,Financiación retail,Canelones,1-30,WhatsApp,False,42.5,-0.153,neutro,2,Pago,30040.0,29973.0
GE-0001218,G06,Gestor 06,2025-10,KB-108340,Retail,Tarjeta de crédito,Rivera,31-60,Llamada,False,63.7,0.235,neutro,2,Sin acuerdo,14070.0,0.0
GE-0001219,G06,Gestor 06,2025-10,KB-108660,Pyme,Cuenta corriente,Florida,91-180,WhatsApp,False,59.3,-0.237,dificultad_economica,3,Sin acuerdo,140790.0,0.0
GE-0001220,G06,Gestor 06,2025-10,KB-111468,Retail,Tarjeta de crédito,Río Negro,1-30,Llamada,False,45.5,0.201,neutro,3,Promesa,83240.0,36582.0
GE-0001221,G06,Gestor 06,2025-10,KB-107329,Retail,Financiación retail,Montevideo,91-180,WhatsApp,False,38.6,-0.329,objecion,1,Pago,17530.0,14264.0
GE-0001222,G06,Gestor 06,2025-10,KB-105532,Retail,Préstamo personal,Paysandú,180+,WhatsApp,False,44.4,-0.592,frustracion,2,No contacto,33880.0,0.0
GE-0001223,G06,Gestor 06,2025-10,KB-104779,Pyme,Financiación retail,Canelones,91-180,Llamada,False,37.8,-0.459,dificultad_economica,3,Promesa,88800.0,31533.0
GE-0001224,G06,Gestor 06,2025-10,KB-111386,Retail,Préstamo personal,Colonia,61-90,WhatsApp,False,64.5,0.049,neutro,4,Promesa,31050.0,13068.0
GE-0001225,G06,Gestor 06,2025-10,KB-100243,Pyme,Microcrédito,Montevideo,91-180,Llamada,False,48.5,-0.252,ansiedad,2,No contacto,70460.0,0.0
GE-0001226,G06,Gestor 06,2025-10,KB-100357,Retail,Cuenta corriente,Montevideo,31-60,Llamada,False,45.8,0.424,intencion_pago,2,Pago,40230.0,35154.0
GE-0001227,G06,Gestor 06,2025-10,KB-111051,Retail,Préstamo personal,San José,31-60,WhatsApp,False,44.4,-0.581,frustracion,4,No contacto,25520.0,0.0
GE-0001228,G06,Gestor 06,2025-10,KB-106511,Retail,Préstamo personal,Montevideo,1-30,WhatsApp,False,46.4,-0.164,neutro,2,Promesa,49090.0,21019.0
GE-0001229,G06,Gestor 06,2025-10,KB-107449,Corporativo,Cuenta corriente,Tacuarembó,61-90,Llamada,False,29.8,-0.575,enojo,2,No contacto,637650.0,0.0
GE-0001230,G06,Gestor 06,2025-10,KB-106602,Retail,Financiación retail,Colonia,1-30,WhatsApp,False,55.7,0.354,intencion_pago,4,Promesa,6420.0,2193.0
GE-0001231,G06,Gestor 06,2025-10,KB-103604,Pyme,Crédito automotor,Rivera,61-90,WhatsApp,False,47.4,-0.282,ansiedad,4,Sin acuerdo,255500.0,0.0
GE-0001232,G06,Gestor 06,2025-10,KB-103760,Retail,Microcrédito,Montevideo,31-60,Llamada,False,46.4,0.284,intencion_pago,3,Sin acuerdo,23230.0,0.0
GE-0001233,G06,Gestor 06,2025-10,KB-111618,Retail,Préstamo personal,Montevideo,1-30,Llamada,False,54.7,0.628,intencion_pago,2,Pago,66900.0,55056.0
GE-0001234,G06,Gestor 06,2025-10,KB-101254,Retail,Préstamo personal,Maldonado,31-60,Llamada,False,61.2,-0.199,neutro,3,Pago,34820.0,27900.0
GE-0001235,G06,Gestor 06,2025-10,KB-104406,Pyme,Cuenta corriente,Durazno,91-180,WhatsApp,False,51.5,-0.304,objecion,3,Promesa,21560.0,8956.0
GE-0001236,G06,Gestor 06,2025-10,KB-111364,Retail,Crédito automotor,Artigas,1-30,Llamada,False,46.6,0.428,intencion_pago,2,Promesa,74540.0,42988.0
GE-0001237,G06,Gestor 06,2025-10,KB-105729,Retail,Tarjeta de crédito,Treinta y Tres,1-30,Llamada,False,61.1,0.138,neutro,4,Promesa,20740.0,8101.0
GE-0001238,G06,Gestor 06,2025-10,KB-110865,Retail,Tarjeta de crédito,Montevideo,180+,WhatsApp,False,48.6,-0.285,objecion,1,Sin acuerdo,22760.0,0.0
GE-0001239,G06,Gestor 06,2025-10,KB-106270,Pyme,Crédito automotor,Rocha,31-60,Llamada,False,49.7,0.458,intencion_pago,2,No contacto,88050.0,0.0
GE-0001240,G06,Gestor 06,2025-10,KB-108455,Retail,Crédito automotor,Salto,1-30,WhatsApp,False,55.9,0.311,intencion_pago,3,Sin acuerdo,47770.0,0.0
GE-0001241,G06,Gestor 06,2025-10,KB-104733,Retail,Crédito automotor,Colonia,31-60,WhatsApp,False,44.3,0.261,intencion_pago,2,Pago,7340.0,5812.0
GE-0001242,G07,Gestor 07,2025-10,KB-110526,Retail,Tarjeta de crédito,Rivera,1-30,WhatsApp,False,63.3,0.702,intencion_pago,2,Promesa,37560.0,22410.0
GE-0001243,G07,Gestor 07,2025-10,KB-101628,Retail,Cuenta corriente,Montevideo,31-60,Llamada,False,61.0,-0.265,ansiedad,0,Sin acuerdo,27780.0,0.0
GE-0001244,G07,Gestor 07,2025-10,KB-101993,Retail,Financiación retail,Montevideo,1-30,Llamada,False,55.9,0.14,neutro,1,No contacto,20010.0,0.0
GE-0001245,G07,Gestor 07,2025-10,KB-111459,Pyme,Préstamo personal,Montevideo,91-180,Llamada,False,57.1,-0.366,ansiedad,3,Pago,59790.0,46000.0
GE-0001246,G07,Gestor 07,2025-10,KB-100135,Corporativo,Cuenta corriente,Montevideo,31-60,Llamada,False,64.8,-0.35,ansiedad,4,Promesa,2381640.0,1280918.0
GE-0001247,G07,Gestor 07,2025-10,KB-101438,Retail,Préstamo personal,Colonia,91-180,Llamada,False,71.5,-0.18,frustracion,5,Sin acuerdo,38920.0,0.0
GE-0001248,G07,Gestor 07,2025-10,KB-110562,Corporativo,Financiación retail,Montevideo,180+,Llamada,False,45.7,-0.658,enojo,2,Pago,682970.0,411529.0
GE-0001249,G07,Gestor 07,2025-10,KB-104599,Pyme,Financiación retail,Lavalleja,31-60,WhatsApp,False,59.8,0.365,intencion_pago,3,Promesa,15720.0,9267.0
GE-0001250,G07,Gestor 07,2025-10,KB-106510,Retail,Microcrédito,Montevideo,91-180,WhatsApp,False,73.1,-0.233,dificultad_economica,1,No contacto,11630.0,0.0
GE-0001251,G07,Gestor 07,2025-10,KB-110072,Retail,Préstamo personal,Florida,91-180,WhatsApp,False,50.7,-0.306,dificultad_economica,4,No contacto,18410.0,0.0
GE-0001252,G07,Gestor 07,2025-10,KB-106183,Retail,Préstamo personal,Canelones,180+,WhatsApp,False,62.7,-0.605,enojo,4,Sin acuerdo,24620.0,0.0
GE-0001253,G07,Gestor 07,2025-10,KB-101240,Retail,Tarjeta de crédito,Canelones,31-60,WhatsApp,False,50.4,-0.046,neutro,3,Sin acuerdo,15450.0,0.0
GE-0001254,G07,Gestor 07,2025-10,KB-106387,Pyme,Tarjeta de crédito,Salto,1-30,WhatsApp,False,64.7,0.448,intencion_pago,3,Sin acuerdo,92090.0,0.0
GE-0001255,G07,Gestor 07,2025-10,KB-110167,Retail,Préstamo personal,Montevideo,61-90,WhatsApp,False,55.0,-0.41,objecion,2,Promesa,71810.0,41224.0
GE-0001256,G07,Gestor 07,2025-10,KB-108051,Retail,Microcrédito,San José,180+,WhatsApp,False,64.1,-0.227,ansiedad,4,Promesa,32010.0,16738.0
GE-0001257,G07,Gestor 07,2025-10,KB-102889,Pyme,Microcrédito,Montevideo,91-180,Llamada,False,61.5,-0.453,dificultad_economica,3,No contacto,220240.0,0.0
GE-0001258,G07,Gestor 07,2025-10,KB-105799,Pyme,Cuenta corriente,Montevideo,61-90,WhatsApp,False,54.5,-0.01,neutro,3,No contacto,47740.0,0.0
GE-0001259,G07,Gestor 07,2025-10,KB-101924,Corporativo,Tarjeta de crédito,Montevideo,91-180,Llamada,False,70.6,-0.413,frustracion,3,Promesa,1479720.0,853794.0
GE-0001260,G07,Gestor 07,2025-10,KB-101743,Corporativo,Préstamo personal,San José,91-180,Llamada,False,48.4,-0.248,objecion,2,Pago,1615780.0,1155999.0
GE-0001261,G07,Gestor 07,2025-10,KB-104350,Retail,Crédito automotor,Maldonado,180+,WhatsApp,False,65.6,-0.257,frustracion,3,Sin acuerdo,21810.0,0.0
GE-0001262,G07,Gestor 07,2025-10,KB-102188,Retail,Préstamo personal,Montevideo,31-60,Llamada,False,66.6,-0.233,neutro,4,Promesa,35450.0,20230.0
GE-0001263,G07,Gestor 07,2025-10,KB-101907,Retail,Financiación retail,Tacuarembó,31-60,WhatsApp,False,59.0,0.44,intencion_pago,3,Promesa,20790.0,8531.0
GE-0001264,G07,Gestor 07,2025-10,KB-104880,Pyme,Financiación retail,Montevideo,1-30,WhatsApp,False,60.6,-0.127,neutro,5,Pago,44590.0,42880.0
GE-0001265,G07,Gestor 07,2025-10,KB-101109,Retail,Tarjeta de crédito,Montevideo,31-60,Llamada,False,88.1,0.034,neutro,4,Promesa,12130.0,6735.0
GE-0001266,G07,Gestor 07,2025-10,KB-102343,Retail,Cuenta corriente,Montevideo,31-60,Llamada,False,59.9,-0.118,neutro,5,Sin acuerdo,29670.0,0.0
GE-0001267,G07,Gestor 07,2025-10,KB-107916,Retail,Cuenta corriente,Montevideo,1-30,Llamada,False,69.2,0.129,neutro,4,Promesa,25570.0,13581.0
GE-0001268,G07,Gestor 07,2025-10,KB-109225,Retail,Tarjeta de crédito,Montevideo,180+,Llamada,False,69.2,-0.081,objecion,5,Promesa,38950.0,13292.0
GE-0001269,G07,Gestor 07,2025-10,KB-107744,Pyme,Microcrédito,Montevideo,31-60,WhatsApp,False,66.5,-0.265,ansiedad,3,Sin acuerdo,134230.0,0.0
GE-0001270,G07,Gestor 07,2025-10,KB-105853,Retail,Financiación retail,Montevideo,61-90,WhatsApp,False,57.9,-0.258,frustracion,3,Promesa,15880.0,6383.0
GE-0001271,G07,Gestor 07,2025-10,KB-107859,Retail,Financiación retail,Maldonado,91-180,WhatsApp,False,58.7,0.042,neutro,3,Sin acuerdo,16250.0,0.0
GE-0001272,G07,Gestor 07,2025-10,KB-105321,Pyme,Financiación retail,Montevideo,1-30,Llamada,False,73.9,0.7,intencion_pago,5,Pago,94410.0,77158.0
GE-0001273,G07,Gestor 07,2025-10,KB-110062,Pyme,Crédito automotor,Montevideo,31-60,Llamada,False,72.1,-0.254,frustracion,3,Pago,93630.0,78221.0
GE-0001274,G07,Gestor 07,2025-10,KB-108875,Retail,Tarjeta de crédito,Canelones,31-60,WhatsApp,False,55.5,-0.108,objecion,2,Promesa,41150.0,20700.0
GE-0001275,G07,Gestor 07,2025-10,KB-110810,Pyme,Tarjeta de crédito,Artigas,61-90,Llamada,False,63.0,-0.632,enojo,4,Sin acuerdo,36130.0,0.0
GE-0001276,G07,Gestor 07,2025-10,KB-105930,Pyme,Cuenta corriente,Montevideo,1-30,Llamada,False,70.0,0.035,neutro,4,Promesa,111130.0,59423.0
GE-0001277,G07,Gestor 07,2025-10,KB-100463,Retail,Financiación retail,Flores,1-30,WhatsApp,False,77.9,-0.02,objecion,3,Pago,17900.0,17789.0
GE-0001278,G07,Gestor 07,2025-10,KB-110483,Retail,Cuenta corriente,Tacuarembó,31-60,WhatsApp,False,50.8,0.163,neutro,3,No contacto,109490.0,0.0
GE-0001279,G07,Gestor 07,2025-10,KB-110428,Pyme,Préstamo personal,Canelones,31-60,Llamada,False,69.1,0.526,intencion_pago,4,Promesa,62240.0,36855.0
GE-0001280,G07,Gestor 07,2025-10,KB-103232,Retail,Préstamo personal,Montevideo,31-60,Llamada,False,65.6,0.055,neutro,3,Sin acuerdo,16010.0,0.0
GE-0001281,G07,Gestor 07,2025-10,KB-105758,Retail,Microcrédito,Montevideo,1-30,Llamada,False,60.1,0.166,neutro,3,No contacto,16360.0,0.0
GE-0001282,G07,Gestor 07,2025-10,KB-111520,Retail,Tarjeta de crédito,Montevideo,1-30,Llamada,False,59.9,0.457,intencion_pago,4,Sin acuerdo,41680.0,0.0
GE-0001283,G07,Gestor 07,2025-10,KB-103504,Pyme,Préstamo personal,Maldonado,1-30,WhatsApp,False,66.8,-0.18,neutro,5,Pago,41730.0,39278.0
GE-0001284,G07,Gestor 07,2025-10,KB-101746,Pyme,Tarjeta de crédito,Canelones,1-30,WhatsApp,False,39.1,0.393,intencion_pago,2,Pago,6220.0,5458.0
GE-0001285,G07,Gestor 07,2025-10,KB-103021,Pyme,Tarjeta de crédito,San José,1-30,WhatsApp,False,54.3,0.475,intencion_pago,3,Pago,128670.0,86692.0
GE-0001286,G07,Gestor 07,2025-10,KB-101409,Pyme,Microcrédito,Montevideo,31-60,WhatsApp,False,58.2,-0.274,ansiedad,4,Promesa,89870.0,32076.0
GE-0001287,G07,Gestor 07,2025-10,KB-110368,Retail,Tarjeta de crédito,Canelones,1-30,WhatsApp,False,70.6,0.578,intencion_pago,5,Promesa,33650.0,17796.0
GE-0001288,G07,Gestor 07,2025-10,KB-106462,Retail,Tarjeta de crédito,Salto,61-90,Llamada,False,63.4,0.454,neutro,2,Pago,25240.0,23561.0
GE-0001289,G08,Gestor 08,2025-10,KB-102927,Retail,Tarjeta de crédito,Artigas,91-180,WhatsApp,False,53.2,-0.27,dificultad_economica,3,Pago,16660.0,11076.0
GE-0001290,G08,Gestor 08,2025-10,KB-104271,Pyme,Tarjeta de crédito,Tacuarembó,1-30,Llamada,False,47.0,0.045,neutro,3,No contacto,139670.0,0.0
GE-0001291,G08,Gestor 08,2025-10,KB-109040,Retail,Préstamo personal,Montevideo,180+,Llamada,False,55.4,-0.334,frustracion,4,Sin acuerdo,22310.0,0.0
GE-0001292,G08,Gestor 08,2025-10,KB-111782,Pyme,Cuenta corriente,Canelones,180+,Llamada,False,68.6,-0.179,dificultad_economica,3,Sin acuerdo,122380.0,0.0
GE-0001293,G08,Gestor 08,2025-10,KB-109774,Retail,Préstamo personal,Montevideo,91-180,Llamada,False,56.7,-0.466,frustracion,5,Pago,4800.0,3334.0
GE-0001294,G08,Gestor 08,2025-10,KB-106876,Retail,Financiación retail,Montevideo,1-30,WhatsApp,False,51.9,0.583,intencion_pago,4,Promesa,29810.0,15032.0
GE-0001295,G08,Gestor 08,2025-10,KB-106873,Retail,Préstamo personal,Montevideo,91-180,WhatsApp,False,49.9,-0.016,objecion,2,Promesa,39950.0,17758.0
GE-0001296,G08,Gestor 08,2025-10,KB-111313,Pyme,Microcrédito,Montevideo,31-60,WhatsApp,False,60.5,-0.195,neutro,3,No contacto,117530.0,0.0
GE-0001297,G08,Gestor 08,2025-10,KB-111973,Retail,Préstamo personal,Salto,31-60,WhatsApp,False,71.1,-0.475,frustracion,3,Promesa,32950.0,14002.0
GE-0001298,G08,Gestor 08,2025-10,KB-104641,Corporativo,Tarjeta de crédito,Montevideo,1-30,WhatsApp,False,51.4,-0.26,objecion,4,Promesa,531590.0,317276.0
GE-0001299,G08,Gestor 08,2025-10,KB-104509,Retail,Crédito automotor,Montevideo,91-180,Llamada,False,63.6,-0.314,frustracion,1,Pago,26770.0,19969.0
GE-0001300,G08,Gestor 08,2025-10,KB-107587,Pyme,Préstamo personal,Montevideo,180+,WhatsApp,False,57.3,-0.539,enojo,2,No contacto,60030.0,0.0
GE-0001301,G08,Gestor 08,2025-10,KB-107891,Pyme,Préstamo personal,Tacuarembó,91-180,Llamada,False,60.6,-0.098,objecion,3,Promesa,233190.0,101283.0
GE-0001302,G08,Gestor 08,2025-10,KB-102137,Retail,Préstamo personal,Montevideo,31-60,Llamada,False,60.9,-0.328,objecion,3,Pago,22260.0,16478.0
GE-0001303,G08,Gestor 08,2025-10,KB-111007,Corporativo,Cuenta corriente,Treinta y Tres,1-30,WhatsApp,False,63.0,0.51,intencion_pago,4,Sin acuerdo,296440.0,0.0
GE-0001304,G08,Gestor 08,2025-10,KB-101134,Retail,Tarjeta de crédito,Montevideo,61-90,Llamada,False,58.7,-0.371,dificultad_economica,3,Sin acuerdo,9830.0,0.0
GE-0001305,G08,Gestor 08,2025-10,KB-100518,Retail,Préstamo personal,Maldonado,61-90,Llamada,False,50.3,-0.278,objecion,2,Pago,14850.0,10041.0
GE-0001306,G08,Gestor 08,2025-10,KB-102001,Pyme,Préstamo personal,Río Negro,180+,Llamada,False,57.6,-0.34,dificultad_economica,2,No contacto,49830.0,0.0
GE-0001307,G08,Gestor 08,2025-10,KB-107275,Retail,Préstamo personal,Maldonado,1-30,WhatsApp,False,63.9,0.477,intencion_pago,3,Sin acuerdo,22440.0,0.0
GE-0001308,G08,Gestor 08,2025-10,KB-108254,Corporativo,Crédito automotor,Paysandú,31-60,WhatsApp,False,55.9,-0.564,frustracion,2,No contacto,1131790.0,0.0
GE-0001309,G08,Gestor 08,2025-10,KB-107803,Pyme,Tarjeta de crédito,Maldonado,61-90,WhatsApp,False,52.0,-0.244,objecion,3,Promesa,92390.0,35584.0
GE-0001310,G08,Gestor 08,2025-10,KB-108102,Corporativo,Microcrédito,Montevideo,1-30,Llamada,False,48.1,0.544,intencion_pago,1,Sin acuerdo,844670.0,0.0
GE-0001311,G08,Gestor 08,2025-10,KB-106417,Corporativo,Préstamo personal,Tacuarembó,61-90,Llamada,False,62.2,-0.401,dificultad_economica,2,No contacto,411600.0,0.0
GE-0001312,G08,Gestor 08,2025-10,KB-100473,Pyme,Tarjeta de crédito,Paysandú,180+,WhatsApp,False,37.2,-0.189,neutro,2,Promesa,206190.0,91727.0
GE-0001313,G08,Gestor 08,2025-10,KB-105010,Retail,Préstamo personal,Canelones,180+,Llamada,False,67.1,-0.074,dificultad_economica,2,Sin acuerdo,100240.0,0.0
GE-0001314,G08,Gestor 08,2025-10,KB-109902,Retail,Tarjeta de crédito,Salto,91-180,Llamada,False,57.6,-0.014,neutro,5,Promesa,33700.0,12940.0
GE-0001315,G08,Gestor 08,2025-10,KB-107129,Retail,Financiación retail,Canelones,1-30,Llamada,False,63.6,-0.525,frustracion,2,Promesa,31970.0,16679.0
GE-0001316,G08,Gestor 08,2025-10,KB-105417,Pyme,Crédito automotor,Canelones,1-30,WhatsApp,False,57.3,0.2,intencion_pago,3,Promesa,401920.0,136006.0
GE-0001317,G08,Gestor 08,2025-10,KB-106577,Pyme,Préstamo personal,Maldonado,61-90,Llamada,False,67.1,-0.017,objecion,2,Promesa,22690.0,12711.0
GE-0001318,G08,Gestor 08,2025-10,KB-107713,Retail,Microcrédito,Maldonado,1-30,WhatsApp,False,69.1,-0.358,ansiedad,3,Promesa,14630.0,7888.0
GE-0001319,G08,Gestor 08,2025-10,KB-109702,Pyme,Préstamo personal,Montevideo,91-180,Llamada,False,59.3,-0.08,ansiedad,2,Promesa,145780.0,77253.0
GE-0001320,G08,Gestor 08,2025-10,KB-104410,Retail,Microcrédito,Canelones,1-30,WhatsApp,False,56.3,-0.224,ansiedad,3,Pago,18570.0,18360.0
GE-0001321,G08,Gestor 08,2025-10,KB-111900,Retail,Tarjeta de crédito,Montevideo,91-180,Llamada,False,58.7,-0.23,ansiedad,3,Promesa,58670.0,28291.0
GE-0001322,G08,Gestor 08,2025-10,KB-100420,Retail,Crédito automotor,Rivera,61-90,Llamada,False,64.9,-0.114,ansiedad,2,Promesa,28330.0,16023.0
GE-0001323,G08,Gestor 08,2025-10,KB-104436,Pyme,Financiación retail,Montevideo,91-180,WhatsApp,False,66.0,-0.088,dificultad_economica,2,No contacto,73660.0,0.0
GE-0001324,G08,Gestor 08,2025-10,KB-105022,Retail,Microcrédito,Rocha,1-30,Llamada,False,48.1,0.515,intencion_pago,2,Sin acuerdo,19500.0,0.0
GE-0001325,G08,Gestor 08,2025-10,KB-100796,Retail,Préstamo personal,Montevideo,31-60,WhatsApp,False,54.4,-0.066,neutro,1,Pago,129250.0,121691.0
GE-0001326,G08,Gestor 08,2025-10,KB-102309,Corporativo,Préstamo personal,Montevideo,31-60,Llamada,False,75.5,0.679,intencion_pago,5,Promesa,479490.0,278764.0
GE-0001327,G08,Gestor 08,2025-10,KB-106401,Retail,Tarjeta de crédito,Canelones,31-60,Llamada,False,65.1,0.356,intencion_pago,2,Promesa,36010.0,18957.0
GE-0001328,G08,Gestor 08,2025-10,KB-100458,Pyme,Tarjeta de crédito,Colonia,1-30,WhatsApp,False,57.1,0.282,intencion_pago,2,Promesa,198940.0,100810.0
GE-0001329,G08,Gestor 08,2025-10,KB-101369,Pyme,Microcrédito,Montevideo,180+,Llamada,False,60.1,0.323,neutro,3,No contacto,96550.0,0.0
GE-0001330,G08,Gestor 08,2025-10,KB-110062,Pyme,Crédito automotor,Montevideo,31-60,WhatsApp,False,45.8,-0.213,neutro,2,Sin acuerdo,93630.0,0.0
GE-0001331,G08,Gestor 08,2025-10,KB-103544,Retail,Tarjeta de crédito,Canelones,31-60,WhatsApp,False,73.0,-0.531,frustracion,5,Promesa,28510.0,16580.0
GE-0001332,G08,Gestor 08,2025-10,KB-107460,Retail,Préstamo personal,Montevideo,1-30,WhatsApp,False,53.3,0.058,neutro,3,No contacto,32120.0,0.0
GE-0001333,G08,Gestor 08,2025-10,KB-101025,Pyme,Tarjeta de crédito,Maldonado,61-90,Llamada,False,63.4,0.091,neutro,3,Promesa,50040.0,19107.0
GE-0001334,G08,Gestor 08,2025-10,KB-100533,Pyme,Préstamo personal,Montevideo,31-60,Llamada,False,59.5,0.201,neutro,2,Promesa,139110.0,78105.0
GE-0001335,G08,Gestor 08,2025-10,KB-111806,Pyme,Microcrédito,Rivera,61-90,Llamada,False,61.7,-0.592,frustracion,3,Sin acuerdo,67570.0,0.0
GE-0001336,G09,Gestor 09,2025-10,KB-102980,Pyme,Préstamo personal,Salto,1-30,WhatsApp,False,44.3,-0.432,enojo,1,Promesa,82430.0,41123.0
GE-0001337,G09,Gestor 09,2025-10,KB-108114,Corporativo,Préstamo personal,Montevideo,1-30,Llamada,False,60.4,-0.046,neutro,5,Promesa,324790.0,157270.0
GE-0001338,G09,Gestor 09,2025-10,KB-104654,Pyme,Financiación retail,Canelones,61-90,WhatsApp,False,59.7,-0.412,enojo,3,No contacto,135530.0,0.0
GE-0001339,G09,Gestor 09,2025-10,KB-111104,Pyme,Tarjeta de crédito,Canelones,180+,WhatsApp,False,68.0,-0.488,frustracion,4,No contacto,93400.0,0.0
GE-0001340,G09,Gestor 09,2025-10,KB-107919,Pyme,Préstamo personal,Canelones,1-30,WhatsApp,False,64.7,0.515,intencion_pago,3,Promesa,323340.0,117422.0
GE-0001341,G09,Gestor 09,2025-10,KB-100923,Retail,Tarjeta de crédito,Canelones,91-180,Llamada,False,63.0,0.134,ansiedad,2,Sin acuerdo,22160.0,0.0
GE-0001342,G09,Gestor 09,2025-10,KB-106202,Retail,Tarjeta de crédito,Montevideo,91-180,WhatsApp,False,78.2,-0.158,dificultad_economica,4,Promesa,8280.0,4369.0
GE-0001343,G09,Gestor 09,2025-10,KB-106968,Retail,Microcrédito,Canelones,31-60,WhatsApp,False,60.0,-0.004,neutro,3,No contacto,9350.0,0.0
GE-0001344,G09,Gestor 09,2025-10,KB-105551,Retail,Tarjeta de crédito,Maldonado,31-60,Llamada,False,55.5,-0.175,neutro,3,Promesa,17810.0,7627.0
GE-0001345,G09,Gestor 09,2025-10,KB-101157,Retail,Préstamo personal,Salto,31-60,WhatsApp,False,52.0,0.149,neutro,3,Sin acuerdo,26800.0,0.0
GE-0001346,G09,Gestor 09,2025-10,KB-103458,Corporativo,Préstamo personal,Montevideo,31-60,Llamada,False,55.7,-0.398,ansiedad,4,Sin acuerdo,376000.0,0.0
GE-0001347,G09,Gestor 09,2025-10,KB-109809,Corporativo,Tarjeta de crédito,Maldonado,31-60,Llamada,False,66.8,0.194,neutro,4,Pago,307280.0,264049.0
GE-0001348,G09,Gestor 09,2025-10,KB-107609,Pyme,Crédito automotor,Montevideo,31-60,WhatsApp,False,64.3,-0.354,frustracion,4,Pago,43430.0,37075.0
GE-0001349,G09,Gestor 09,2025-10,KB-101347,Retail,Tarjeta de crédito,Canelones,1-30,WhatsApp,False,50.8,0.051,objecion,2,Sin acuerdo,44050.0,0.0
GE-0001350,G09,Gestor 09,2025-10,KB-105768,Retail,Cuenta corriente,Montevideo,91-180,WhatsApp,False,45.3,-0.33,dificultad_economica,0,Promesa,8450.0,4873.0
GE-0001351,G09,Gestor 09,2025-10,KB-105874,Retail,Crédito automotor,San José,180+,WhatsApp,False,69.9,-0.445,enojo,4,Pago,22090.0,18497.0
GE-0001352,G09,Gestor 09,2025-10,KB-104743,Pyme,Crédito automotor,Montevideo,1-30,Llamada,False,62.8,-0.035,ansiedad,5,Pago,75270.0,48950.0
GE-0001353,G09,Gestor 09,2025-10,KB-102229,Retail,Préstamo personal,Flores,31-60,WhatsApp,False,54.2,0.086,neutro,3,No contacto,11940.0,0.0
GE-0001354,G09,Gestor 09,2025-10,KB-108739,Retail,Crédito automotor,Treinta y Tres,1-30,WhatsApp,False,53.2,-0.269,frustracion,4,Promesa,20550.0,8523.0
GE-0001355,G09,Gestor 09,2025-10,KB-107018,Retail,Préstamo personal,Tacuarembó,1-30,Llamada,False,63.4,-0.687,enojo,3,Promesa,44220.0,26141.0
GE-0001356,G09,Gestor 09,2025-10,KB-102931,Retail,Financiación retail,Montevideo,61-90,Llamada,False,81.7,-0.61,enojo,5,Promesa,7870.0,3989.0
GE-0001357,G09,Gestor 09,2025-10,KB-111402,Pyme,Tarjeta de crédito,Canelones,91-180,Llamada,False,61.3,-0.22,dificultad_economica,4,No contacto,148660.0,0.0
GE-0001358,G09,Gestor 09,2025-10,KB-106805,Pyme,Financiación retail,Montevideo,1-30,Llamada,False,94.1,0.232,neutro,3,Pago,288400.0,281750.0
GE-0001359,G09,Gestor 09,2025-10,KB-107927,Retail,Crédito automotor,Tacuarembó,61-90,WhatsApp,False,57.6,0.101,objecion,4,Promesa,8820.0,5185.0
GE-0001360,G09,Gestor 09,2025-10,KB-108309,Retail,Tarjeta de crédito,Canelones,1-30,Llamada,False,72.5,-0.344,ansiedad,4,Promesa,22280.0,9570.0
GE-0001361,G09,Gestor 09,2025-10,KB-107592,Retail,Préstamo personal,Florida,1-30,Llamada,False,55.3,-0.036,objecion,2,Promesa,27130.0,13959.0
GE-0001362,G09,Gestor 09,2025-10,KB-102725,Retail,Préstamo personal,Salto,180+,Llamada,False,58.1,-0.243,objecion,2,Sin acuerdo,26650.0,0.0
GE-0001363,G09,Gestor 09,2025-10,KB-111658,Pyme,Tarjeta de crédito,Montevideo,31-60,Llamada,False,69.2,0.451,intencion_pago,5,Pago,152610.0,95299.0
GE-0001364,G09,Gestor 09,2025-10,KB-109841,Retail,Crédito automotor,Montevideo,1-30,WhatsApp,False,72.4,-0.22,ansiedad,3,Sin acuerdo,52150.0,0.0
GE-0001365,G09,Gestor 09,2025-10,KB-101450,Retail,Tarjeta de crédito,Canelones,1-30,Llamada,False,54.2,0.549,intencion_pago,2,Pago,104540.0,87467.0
GE-0001366,G09,Gestor 09,2025-10,KB-106952,Retail,Tarjeta de crédito,Montevideo,1-30,Llamada,False,73.9,0.697,intencion_pago,4,Promesa,45140.0,17474.0
GE-0001367,G09,Gestor 09,2025-10,KB-102698,Pyme,Préstamo personal,Montevideo,61-90,WhatsApp,False,60.9,0.025,neutro,3,Pago,56360.0,39174.0
GE-0001368,G09,Gestor 09,2025-10,KB-104299,Retail,Crédito automotor,Montevideo,61-90,WhatsApp,False,60.4,-0.266,frustracion,3,No contacto,6760.0,0.0
GE-0001369,G09,Gestor 09,2025-10,KB-106177,Retail,Tarjeta de crédito,Artigas,1-30,WhatsApp,False,47.9,-0.1,objecion,2,No contacto,24030.0,0.0
GE-0001370,G09,Gestor 09,2025-10,KB-104710,Retail,Microcrédito,Paysandú,1-30,Llamada,False,52.6,0.275,neutro,4,No contacto,20810.0,0.0
GE-0001371,G09,Gestor 09,2025-10,KB-107359,Retail,Préstamo personal,Colonia,61-90,Llamada,False,51.0,-0.328,ansiedad,2,Sin acuerdo,25720.0,0.0
GE-0001372,G09,Gestor 09,2025-10,KB-104383,Retail,Tarjeta de crédito,Montevideo,180+,WhatsApp,False,65.7,-0.353,dificultad_economica,3,Promesa,30210.0,11607.0
GE-0001373,G09,Gestor 09,2025-10,KB-110501,Retail,Crédito automotor,Montevideo,1-30,Llamada,False,63.7,0.569,intencion_pago,4,Promesa,154430.0,59653.0
GE-0001374,G09,Gestor 09,2025-10,KB-103831,Retail,Tarjeta de crédito,Montevideo,1-30,WhatsApp,False,75.9,0.209,neutro,4,Promesa,18810.0,10392.0
GE-0001375,G09,Gestor 09,2025-10,KB-103723,Pyme,Tarjeta de crédito,Salto,61-90,Llamada,False,66.3,0.064,objecion,3,No contacto,50370.0,0.0
GE-0001376,G09,Gestor 09,2025-10,KB-103184,Retail,Cuenta corriente,Paysandú,61-90,WhatsApp,False,53.6,0.062,neutro,1,No contacto,14100.0,0.0
GE-0001377,G09,Gestor 09,2025-10,KB-107788,Retail,Préstamo personal,Canelones,31-60,WhatsApp,False,72.1,0.426,intencion_pago,4,Promesa,32400.0,12681.0
GE-0001378,G09,Gestor 09,2025-10,KB-104993,Retail,Préstamo personal,San José,1-30,WhatsApp,False,61.9,0.13,neutro,2,Sin acuerdo,24320.0,0.0
GE-0001379,G09,Gestor 09,2025-10,KB-101336,Pyme,Préstamo personal,Montevideo,31-60,WhatsApp,False,53.1,0.116,neutro,3,Sin acuerdo,142980.0,0.0
GE-0001380,G10,Gestor 10,2025-10,KB-100295,Pyme,Tarjeta de crédito,Tacuarembó,31-60,WhatsApp,True,68.5,-0.108,objecion,4,No contacto,70690.0,0.0
GE-0001381,G10,Gestor 10,2025-10,KB-107590,Pyme,Microcrédito,Rocha,91-180,WhatsApp,True,55.2,-0.336,dificultad_economica,3,Sin acuerdo,174870.0,0.0
GE-0001382,G10,Gestor 10,2025-10,KB-109403,Retail,Microcrédito,Salto,91-180,WhatsApp,True,52.0,-0.612,enojo,3,No contacto,17580.0,0.0
GE-0001383,G10,Gestor 10,2025-10,KB-106274,Retail,Préstamo personal,Montevideo,180+,Llamada,True,46.3,-0.292,frustracion,2,Sin acuerdo,58820.0,0.0
GE-0001384,G10,Gestor 10,2025-10,KB-103270,Retail,Financiación retail,Artigas,91-180,WhatsApp,True,45.2,-0.351,dificultad_economica,2,Pago,38020.0,31951.0
GE-0001385,G10,Gestor 10,2025-10,KB-104196,Pyme,Préstamo personal,Rocha,61-90,Llamada,True,64.8,-0.357,frustracion,4,No contacto,192490.0,0.0
GE-0001386,G10,Gestor 10,2025-10,KB-103714,Pyme,Financiación retail,Rocha,91-180,WhatsApp,True,56.5,-0.187,ansiedad,3,Sin acuerdo,107190.0,0.0
GE-0001387,G10,Gestor 10,2025-10,KB-111509,Retail,Préstamo personal,Flores,91-180,Llamada,True,56.4,-0.56,frustracion,2,Sin acuerdo,37710.0,0.0
GE-0001388,G10,Gestor 10,2025-10,KB-102346,Retail,Tarjeta de crédito,Montevideo,1-30,Llamada,True,58.0,0.564,intencion_pago,4,Pago,54850.0,52262.0
GE-0001389,G10,Gestor 10,2025-10,KB-101082,Retail,Préstamo personal,Montevideo,61-90,WhatsApp,True,51.8,-0.092,objecion,3,No contacto,27130.0,0.0
GE-0001390,G10,Gestor 10,2025-10,KB-100498,Retail,Financiación retail,Montevideo,61-90,WhatsApp,True,52.9,-0.035,objecion,2,Promesa,61840.0,22284.0
GE-0001391,G10,Gestor 10,2025-10,KB-110658,Corporativo,Préstamo personal,Paysandú,91-180,WhatsApp,True,58.1,-0.022,ansiedad,2,Pago,685820.0,502429.0
GE-0001392,G10,Gestor 10,2025-10,KB-100607,Retail,Microcrédito,Canelones,91-180,WhatsApp,True,47.3,-0.395,dificultad_economica,2,Pago,19160.0,14165.0
GE-0001393,G10,Gestor 10,2025-10,KB-100329,Pyme,Tarjeta de crédito,Montevideo,180+,WhatsApp,True,49.5,-0.615,enojo,1,No contacto,216350.0,0.0
GE-0001394,G10,Gestor 10,2025-10,KB-103513,Retail,Préstamo personal,Montevideo,31-60,WhatsApp,True,59.3,0.048,neutro,2,Promesa,32920.0,19533.0
GE-0001395,G10,Gestor 10,2025-10,KB-106655,Retail,Microcrédito,Canelones,61-90,WhatsApp,True,47.9,-0.106,objecion,3,No contacto,27250.0,0.0
GE-0001396,G10,Gestor 10,2025-10,KB-111331,Corporativo,Tarjeta de crédito,Montevideo,31-60,Llamada,True,58.6,0.026,neutro,1,Sin acuerdo,459410.0,0.0
GE-0001397,G10,Gestor 10,2025-10,KB-109383,Pyme,Tarjeta de crédito,Montevideo,31-60,WhatsApp,True,58.7,-0.078,objecion,2,No contacto,274770.0,0.0
GE-0001398,G10,Gestor 10,2025-10,KB-102733,Retail,Tarjeta de crédito,Montevideo,31-60,WhatsApp,True,72.3,0.757,intencion_pago,5,Pago,11750.0,10862.0
GE-0001399,G10,Gestor 10,2025-10,KB-106643,Retail,Cuenta corriente,Tacuarembó,31-60,Llamada,True,53.6,0.198,neutro,4,Promesa,20820.0,9852.0
GE-0001400,G10,Gestor 10,2025-10,KB-110017,Corporativo,Cuenta corriente,Soriano,31-60,WhatsApp,True,49.6,-0.138,ansiedad,1,No contacto,569990.0,0.0
GE-0001401,G10,Gestor 10,2025-10,KB-101042,Retail,Microcrédito,Montevideo,61-90,WhatsApp,True,42.9,-0.526,frustracion,3,No contacto,26720.0,0.0
GE-0001402,G10,Gestor 10,2025-10,KB-108633,Corporativo,Préstamo personal,Flores,91-180,Llamada,True,35.2,-0.208,dificultad_economica,4,Sin acuerdo,162330.0,0.0
GE-0001403,G10,Gestor 10,2025-10,KB-111094,Retail,Microcrédito,Montevideo,180+,Llamada,True,51.9,-0.502,frustracion,3,No contacto,13240.0,0.0
GE-0001404,G10,Gestor 10,2025-10,KB-109452,Pyme,Préstamo personal,Montevideo,1-30,WhatsApp,True,50.1,-0.117,neutro,3,Pago,166090.0,113901.0
GE-0001405,G10,Gestor 10,2025-10,KB-103434,Retail,Tarjeta de crédito,Flores,1-30,Llamada,True,65.4,0.637,intencion_pago,1,Promesa,10120.0,5806.0
GE-0001406,G10,Gestor 10,2025-10,KB-102047,Retail,Préstamo personal,San José,31-60,Llamada,True,69.7,0.087,neutro,5,Promesa,28710.0,13492.0
GE-0001407,G10,Gestor 10,2025-10,KB-103256,Retail,Cuenta corriente,Salto,31-60,WhatsApp,True,57.0,0.673,intencion_pago,3,Pago,26060.0,21925.0
GE-0001408,G10,Gestor 10,2025-10,KB-104794,Retail,Microcrédito,Montevideo,1-30,WhatsApp,True,48.4,-0.147,neutro,3,Promesa,41220.0,24078.0
GE-0001409,G10,Gestor 10,2025-10,KB-102947,Retail,Tarjeta de crédito,Artigas,1-30,Llamada,True,58.3,-0.516,enojo,2,Pago,64350.0,55122.0
GE-0001410,G10,Gestor 10,2025-10,KB-101544,Corporativo,Financiación retail,San José,61-90,WhatsApp,True,55.5,-0.101,objecion,4,Promesa,3047650.0,1685878.0
GE-0001411,G10,Gestor 10,2025-10,KB-105941,Retail,Tarjeta de crédito,Soriano,91-180,Llamada,True,62.4,0.007,objecion,4,Pago,18110.0,15254.0
GE-0001412,G10,Gestor 10,2025-10,KB-104488,Retail,Financiación retail,Montevideo,1-30,WhatsApp,True,59.6,0.16,neutro,3,Pago,65340.0,63211.0
GE-0001413,G10,Gestor 10,2025-10,KB-110473,Pyme,Financiación retail,Montevideo,61-90,Llamada,True,56.6,-0.389,frustracion,4,Sin acuerdo,73260.0,0.0
GE-0001414,G10,Gestor 10,2025-10,KB-101673,Pyme,Financiación retail,Montevideo,180+,Llamada,True,54.7,-0.12,dificultad_economica,4,Promesa,364850.0,112065.0
GE-0001415,G10,Gestor 10,2025-10,KB-109719,Pyme,Financiación retail,Canelones,31-60,Llamada,True,48.7,0.481,intencion_pago,3,Pago,101600.0,79456.0
GE-0001416,G10,Gestor 10,2025-10,KB-108717,Retail,Crédito automotor,Maldonado,1-30,Llamada,True,62.1,0.392,intencion_pago,4,Promesa,63540.0,36501.0
GE-0001417,G10,Gestor 10,2025-10,KB-102714,Pyme,Préstamo personal,Canelones,91-180,WhatsApp,True,60.0,0.217,neutro,4,Pago,112950.0,111896.0
GE-0001418,G10,Gestor 10,2025-10,KB-104963,Retail,Financiación retail,Paysandú,61-90,Llamada,True,62.8,-0.059,neutro,4,Pago,20290.0,15649.0
GE-0001419,G10,Gestor 10,2025-10,KB-104633,Pyme,Crédito automotor,Montevideo,180+,Llamada,True,60.3,-0.083,neutro,3,Sin acuerdo,45840.0,0.0
GE-0001420,G10,Gestor 10,2025-10,KB-100678,Retail,Tarjeta de crédito,Montevideo,1-30,WhatsApp,True,43.6,-0.096,objecion,3,No contacto,45220.0,0.0
GE-0001421,G10,Gestor 10,2025-10,KB-110851,Retail,Tarjeta de crédito,Salto,31-60,Llamada,True,54.4,-0.079,objecion,2,Sin acuerdo,40070.0,0.0
GE-0001422,G11,Gestor 11,2025-10,KB-105990,Retail,Préstamo personal,Montevideo,180+,Llamada,True,60.8,-0.051,dificultad_economica,2,Pago,10730.0,6885.0
GE-0001423,G11,Gestor 11,2025-10,KB-106488,Retail,Préstamo personal,Montevideo,91-180,WhatsApp,True,74.7,-0.09,dificultad_economica,4,Promesa,41480.0,16399.0
GE-0001424,G11,Gestor 11,2025-10,KB-105616,Retail,Tarjeta de crédito,San José,1-30,Llamada,True,71.1,-0.363,ansiedad,4,Promesa,46310.0,17767.0
GE-0001425,G11,Gestor 11,2025-10,KB-104759,Corporativo,Tarjeta de crédito,Montevideo,91-180,Llamada,True,79.4,-0.232,dificultad_economica,5,Promesa,347740.0,133725.0
GE-0001426,G11,Gestor 11,2025-10,KB-110883,Pyme,Tarjeta de crédito,Montevideo,31-60,Llamada,True,80.3,0.627,intencion_pago,3,Pago,156650.0,151091.0
GE-0001427,G11,Gestor 11,2025-10,KB-111537,Retail,Tarjeta de crédito,Paysandú,31-60,WhatsApp,True,74.3,-0.305,ansiedad,4,Pago,30360.0,29094.0
GE-0001428,G11,Gestor 11,2025-10,KB-107937,Retail,Préstamo personal,Montevideo,180+,Llamada,True,70.9,-0.419,frustracion,4,Sin acuerdo,9740.0,0.0
GE-0001429,G11,Gestor 11,2025-10,KB-111400,Retail,Tarjeta de crédito,San José,31-60,WhatsApp,True,73.9,0.168,neutro,3,Pago,17300.0,16192.0
GE-0001430,G11,Gestor 11,2025-10,KB-104615,Corporativo,Crédito automotor,Montevideo,1-30,Llamada,True,70.4,0.513,intencion_pago,3,Promesa,363440.0,180958.0
GE-0001431,G11,Gestor 11,2025-10,KB-101490,Retail,Préstamo personal,Montevideo,31-60,WhatsApp,True,78.3,0.229,neutro,4,Promesa,25610.0,13991.0
GE-0001432,G11,Gestor 11,2025-10,KB-102994,Retail,Tarjeta de crédito,Tacuarembó,31-60,Llamada,True,69.3,0.79,intencion_pago,5,Promesa,12460.0,5773.0
GE-0001433,G11,Gestor 11,2025-10,KB-100405,Retail,Crédito automotor,Montevideo,91-180,WhatsApp,True,66.9,-0.452,enojo,5,Promesa,73170.0,28554.0
GE-0001434,G11,Gestor 11,2025-10,KB-101199,Pyme,Financiación retail,Montevideo,31-60,WhatsApp,True,91.3,0.875,intencion_pago,5,Pago,131990.0,112228.0
GE-0001435,G11,Gestor 11,2025-10,KB-104428,Retail,Préstamo personal,Montevideo,61-90,Llamada,True,81.4,0.033,neutro,4,Sin acuerdo,28960.0,0.0
GE-0001436,G11,Gestor 11,2025-10,KB-100462,Pyme,Tarjeta de crédito,Montevideo,1-30,Llamada,True,69.9,-0.018,ansiedad,3,Pago,25080.0,25007.0
GE-0001437,G11,Gestor 11,2025-10,KB-105541,Retail,Cuenta corriente,Artigas,91-180,Llamada,True,66.7,-0.063,objecion,2,Pago,11260.0,8372.0
GE-0001438,G11,Gestor 11,2025-10,KB-100762,Retail,Cuenta corriente,Montevideo,180+,Llamada,True,77.5,-0.134,objecion,2,Pago,68510.0,49932.0
GE-0001439,G11,Gestor 11,2025-10,KB-105449,Pyme,Tarjeta de crédito,Montevideo,31-60,WhatsApp,True,74.1,0.171,objecion,2,Promesa,192030.0,76207.0
GE-0001440,G11,Gestor 11,2025-10,KB-106954,Retail,Tarjeta de crédito,Colonia,31-60,Llamada,True,64.3,-0.231,frustracion,4,Sin acuerdo,29080.0,0.0
GE-0001441,G11,Gestor 11,2025-10,KB-106971,Retail,Cuenta corriente,Montevideo,91-180,WhatsApp,True,55.9,-0.519,frustracion,3,Sin acuerdo,43460.0,0.0
GE-0001442,G11,Gestor 11,2025-10,KB-104638,Retail,Tarjeta de crédito,Colonia,91-180,Llamada,True,72.5,-0.173,dificultad_economica,4,Promesa,8660.0,4683.0
GE-0001443,G11,Gestor 11,2025-10,KB-102520,Pyme,Préstamo personal,Canelones,1-30,Llamada,True,80.5,-0.005,objecion,5,Sin acuerdo,110830.0,0.0
GE-0001444,G11,Gestor 11,2025-10,KB-111217,Retail,Préstamo personal,Canelones,31-60,WhatsApp,True,63.2,-0.498,frustracion,5,No contacto,31000.0,0.0
GE-0001445,G11,Gestor 11,2025-10,KB-105878,Corporativo,Tarjeta de crédito,Salto,1-30,WhatsApp,True,70.9,0.515,intencion_pago,3,Sin acuerdo,146670.0,0.0
GE-0001446,G11,Gestor 11,2025-10,KB-100536,Pyme,Tarjeta de crédito,Maldonado,180+,WhatsApp,True,74.0,-0.073,dificultad_economica,4,No contacto,150060.0,0.0
GE-0001447,G11,Gestor 11,2025-10,KB-102509,Pyme,Cuenta corriente,Tacuarembó,31-60,Llamada,True,80.0,0.458,intencion_pago,4,Pago,144930.0,92346.0
GE-0001448,G11,Gestor 11,2025-10,KB-108522,Retail,Préstamo personal,Montevideo,1-30,WhatsApp,True,85.9,0.755,intencion_pago,4,Pago,15060.0,13426.0
GE-0001449,G11,Gestor 11,2025-10,KB-105082,Retail,Crédito automotor,Tacuarembó,61-90,Llamada,True,79.2,-0.293,dificultad_economica,5,Promesa,37480.0,20717.0
GE-0001450,G11,Gestor 11,2025-10,KB-103783,Retail,Tarjeta de crédito,Montevideo,91-180,WhatsApp,True,59.2,-0.444,frustracion,3,No contacto,14850.0,0.0
GE-0001451,G11,Gestor 11,2025-10,KB-110597,Pyme,Crédito automotor,Montevideo,1-30,Llamada,True,71.7,0.135,objecion,4,Pago,124160.0,117030.0
GE-0001452,G11,Gestor 11,2025-10,KB-102105,Retail,Préstamo personal,Cerro Largo,61-90,Llamada,True,75.0,-0.512,frustracion,4,Sin acuerdo,5740.0,0.0
GE-0001453,G11,Gestor 11,2025-10,KB-109217,Retail,Tarjeta de crédito,Canelones,91-180,Llamada,True,76.2,-0.247,frustracion,4,No contacto,8440.0,0.0
GE-0001454,G11,Gestor 11,2025-10,KB-109235,Pyme,Préstamo personal,Río Negro,91-180,Llamada,True,72.0,-0.289,dificultad_economica,4,Sin acuerdo,52720.0,0.0
GE-0001455,G11,Gestor 11,2025-10,KB-106268,Pyme,Préstamo personal,Montevideo,91-180,Llamada,True,63.5,-0.447,enojo,3,Pago,224660.0,141711.0
GE-0001456,G11,Gestor 11,2025-10,KB-109530,Retail,Microcrédito,Canelones,31-60,Llamada,True,79.1,0.433,intencion_pago,4,Pago,30830.0,25303.0
GE-0001457,G11,Gestor 11,2025-10,KB-109511,Retail,Tarjeta de crédito,Río Negro,1-30,WhatsApp,True,85.1,0.199,ansiedad,4,Pago,38260.0,29981.0
GE-0001458,G11,Gestor 11,2025-10,KB-107907,Retail,Tarjeta de crédito,Montevideo,180+,Llamada,True,70.9,-0.459,frustracion,3,No contacto,50870.0,0.0
GE-0001459,G11,Gestor 11,2025-10,KB-106397,Retail,Préstamo personal,Colonia,91-180,WhatsApp,True,80.4,0.292,neutro,4,Sin acuerdo,4800.0,0.0
GE-0001460,G11,Gestor 11,2025-10,KB-108046,Retail,Tarjeta de crédito,Montevideo,91-180,Llamada,True,62.8,-0.385,frustracion,4,Sin acuerdo,6880.0,0.0
GE-0001461,G11,Gestor 11,2025-10,KB-110514,Pyme,Microcrédito,Montevideo,180+,Llamada,True,72.2,-0.397,frustracion,3,No contacto,141490.0,0.0
GE-0001462,G11,Gestor 11,2025-10,KB-111287,Pyme,Tarjeta de crédito,Rivera,1-30,Llamada,True,83.3,0.528,intencion_pago,5,Promesa,45930.0,21859.0
GE-0001463,G11,Gestor 11,2025-10,KB-107488,Retail,Crédito automotor,Tacuarembó,31-60,WhatsApp,True,85.1,-0.004,neutro,7,Pago,37100.0,31721.0
GE-0001464,G11,Gestor 11,2025-10,KB-109379,Retail,Préstamo personal,Montevideo,31-60,Llamada,True,81.5,0.065,ansiedad,3,Pago,40990.0,34606.0
GE-0001465,G11,Gestor 11,2025-10,KB-107427,Retail,Préstamo personal,Paysandú,180+,Llamada,True,79.2,-0.389,enojo,4,No contacto,12240.0,0.0
GE-0001466,G12,Gestor 12,2025-10,KB-111085,Retail,Crédito automotor,Montevideo,91-180,WhatsApp,False,75.3,-0.59,enojo,4,Promesa,25480.0,8097.0
GE-0001467,G12,Gestor 12,2025-10,KB-110905,Retail,Tarjeta de crédito,Montevideo,1-30,Llamada,False,56.8,-0.51,frustracion,1,Sin acuerdo,39750.0,0.0
GE-0001468,G12,Gestor 12,2025-10,KB-111149,Pyme,Cuenta corriente,Tacuarembó,31-60,WhatsApp,False,68.8,-0.275,objecion,3,Promesa,286150.0,144630.0
GE-0001469,G12,Gestor 12,2025-10,KB-110758,Pyme,Tarjeta de crédito,Montevideo,31-60,WhatsApp,False,75.9,0.586,intencion_pago,5,Promesa,147270.0,86898.0
GE-0001470,G12,Gestor 12,2025-10,KB-110841,Retail,Tarjeta de crédito,Paysandú,1-30,Llamada,False,80.3,0.733,intencion_pago,3,Pago,140860.0,131403.0
GE-0001471,G12,Gestor 12,2025-10,KB-104467,Pyme,Financiación retail,Montevideo,31-60,Llamada,False,72.5,-0.398,frustracion,4,Sin acuerdo,132530.0,0.0
GE-0001472,G12,Gestor 12,2025-10,KB-111719,Retail,Tarjeta de crédito,Lavalleja,31-60,WhatsApp,False,67.4,-0.365,ansiedad,2,Promesa,68140.0,21273.0
GE-0001473,G12,Gestor 12,2025-10,KB-105717,Retail,Préstamo personal,Montevideo,61-90,WhatsApp,False,71.4,-0.151,ansiedad,4,Pago,99720.0,84052.0
GE-0001474,G12,Gestor 12,2025-10,KB-109259,Retail,Microcrédito,Canelones,61-90,Llamada,False,66.4,-0.371,enojo,5,No contacto,16820.0,0.0
GE-0001475,G12,Gestor 12,2025-10,KB-107106,Retail,Tarjeta de crédito,Artigas,31-60,WhatsApp,False,56.5,0.604,intencion_pago,3,Pago,27490.0,23029.0
GE-0001476,G12,Gestor 12,2025-10,KB-101517,Retail,Tarjeta de crédito,Montevideo,1-30,WhatsApp,False,78.7,0.198,neutro,4,Promesa,25090.0,14299.0
GE-0001477,G12,Gestor 12,2025-10,KB-103245,Retail,Financiación retail,Montevideo,91-180,WhatsApp,False,67.5,-0.227,frustracion,5,Sin acuerdo,43680.0,0.0
GE-0001478,G12,Gestor 12,2025-10,KB-107127,Retail,Microcrédito,Colonia,1-30,Llamada,False,71.8,-0.204,ansiedad,5,Sin acuerdo,29980.0,0.0
GE-0001479,G12,Gestor 12,2025-10,KB-104186,Retail,Financiación retail,Montevideo,31-60,Llamada,False,83.1,0.155,neutro,3,Pago,39900.0,35667.0
GE-0001480,G12,Gestor 12,2025-10,KB-105748,Retail,Tarjeta de crédito,Montevideo,180+,Llamada,False,75.0,-0.058,objecion,4,Promesa,59080.0,22041.0
GE-0001481,G12,Gestor 12,2025-10,KB-100338,Retail,Financiación retail,Salto,1-30,Llamada,False,70.6,-0.111,neutro,4,Pago,8990.0,8412.0
GE-0001482,G12,Gestor 12,2025-10,KB-103475,Retail,Préstamo personal,Montevideo,180+,Llamada,False,59.7,-0.44,dificultad_economica,1,Pago,13760.0,11635.0
GE-0001483,G12,Gestor 12,2025-10,KB-108830,Retail,Préstamo personal,Paysandú,180+,Llamada,False,57.0,-0.654,frustracion,2,No contacto,18790.0,0.0
GE-0001484,G12,Gestor 12,2025-10,KB-105199,Pyme,Préstamo personal,Cerro Largo,31-60,WhatsApp,False,79.4,-0.322,frustracion,2,Pago,124840.0,77995.0
GE-0001485,G12,Gestor 12,2025-10,KB-105842,Retail,Financiación retail,Cerro Largo,91-180,WhatsApp,False,78.9,-0.248,ansiedad,3,Pago,90210.0,80514.0
GE-0001486,G12,Gestor 12,2025-10,KB-111279,Retail,Préstamo personal,Río Negro,1-30,WhatsApp,False,59.8,-0.003,neutro,2,Pago,29410.0,29052.0
GE-0001487,G12,Gestor 12,2025-10,KB-108780,Pyme,Microcrédito,Montevideo,61-90,Llamada,False,65.9,-0.025,dificultad_economica,3,Sin acuerdo,155790.0,0.0
GE-0001488,G12,Gestor 12,2025-10,KB-110244,Retail,Financiación retail,Canelones,61-90,WhatsApp,False,64.8,-0.002,ansiedad,5,Pago,23960.0,20924.0
GE-0001489,G12,Gestor 12,2025-10,KB-106340,Retail,Crédito automotor,Durazno,61-90,Llamada,False,68.0,-0.028,objecion,2,Promesa,15360.0,5999.0
GE-0001490,G12,Gestor 12,2025-10,KB-101188,Pyme,Financiación retail,Montevideo,31-60,Llamada,False,65.0,0.097,neutro,2,Pago,69210.0,60092.0
GE-0001491,G12,Gestor 12,2025-10,KB-107428,Pyme,Préstamo personal,Paysandú,1-30,WhatsApp,False,83.4,0.551,intencion_pago,6,Pago,252070.0,234270.0
GE-0001492,G12,Gestor 12,2025-10,KB-102249,Retail,Cuenta corriente,Montevideo,91-180,Llamada,False,74.8,-0.441,enojo,4,Pago,15520.0,14904.0
GE-0001493,G12,Gestor 12,2025-10,KB-101110,Retail,Tarjeta de crédito,Salto,180+,Llamada,False,79.4,-0.407,frustracion,6,Sin acuerdo,14020.0,0.0
GE-0001494,G12,Gestor 12,2025-10,KB-103573,Retail,Préstamo personal,Maldonado,1-30,Llamada,False,73.5,-0.01,objecion,5,Promesa,11970.0,7146.0
GE-0001495,G12,Gestor 12,2025-10,KB-105074,Pyme,Cuenta corriente,San José,31-60,WhatsApp,False,54.0,-0.816,enojo,1,No contacto,58440.0,0.0
GE-0001496,G12,Gestor 12,2025-10,KB-102481,Pyme,Crédito automotor,Artigas,180+,WhatsApp,False,67.7,-0.197,dificultad_economica,3,Pago,53830.0,35171.0
GE-0001497,G12,Gestor 12,2025-10,KB-104648,Pyme,Microcrédito,Durazno,1-30,WhatsApp,False,73.9,0.157,neutro,3,Promesa,49410.0,26334.0
GE-0001498,G12,Gestor 12,2025-10,KB-104482,Corporativo,Tarjeta de crédito,Florida,1-30,WhatsApp,False,65.1,0.443,intencion_pago,4,Pago,3069800.0,2143419.0
GE-0001499,G12,Gestor 12,2025-10,KB-104846,Retail,Crédito automotor,Montevideo,91-180,WhatsApp,False,66.4,-0.442,enojo,2,Promesa,28550.0,11534.0
GE-0001500,G12,Gestor 12,2025-10,KB-104960,Pyme,Financiación retail,Canelones,61-90,Llamada,False,59.6,-0.211,ansiedad,4,Promesa,60520.0,29288.0
GE-0001501,G12,Gestor 12,2025-10,KB-100275,Retail,Tarjeta de crédito,Montevideo,91-180,WhatsApp,False,83.0,-0.229,dificultad_economica,4,Pago,269870.0,239802.0
GE-0001502,G12,Gestor 12,2025-10,KB-108593,Retail,Préstamo personal,Montevideo,61-90,WhatsApp,False,76.6,0.237,neutro,4,Promesa,65580.0,36376.0
GE-0001503,G12,Gestor 12,2025-10,KB-103815,Retail,Microcrédito,Cerro Largo,1-30,Llamada,False,64.2,0.499,intencion_pago,2,Pago,15450.0,14338.0
GE-0001504,G12,Gestor 12,2025-10,KB-107107,Retail,Financiación retail,Montevideo,31-60,Llamada,False,68.3,-0.332,enojo,4,Sin acuerdo,76020.0,0.0
GE-0001505,G12,Gestor 12,2025-10,KB-106512,Corporativo,Financiación retail,Canelones,91-180,Llamada,False,71.9,-0.202,dificultad_economica,2,Promesa,658220.0,385715.0
GE-0001506,G12,Gestor 12,2025-10,KB-100144,Pyme,Cuenta corriente,San José,61-90,WhatsApp,False,60.1,0.057,neutro,3,Promesa,115470.0,66582.0
GE-0001507,G12,Gestor 12,2025-10,KB-100253,Retail,Préstamo personal,Canelones,1-30,Llamada,False,72.7,0.305,intencion_pago,4,Promesa,22800.0,12108.0
GE-0001508,G12,Gestor 12,2025-10,KB-111354,Retail,Cuenta corriente,Tacuarembó,31-60,Llamada,False,63.8,-0.051,neutro,2,Promesa,37640.0,20834.0
GE-0001509,G12,Gestor 12,2025-10,KB-102010,Retail,Préstamo personal,Maldonado,91-180,Llamada,False,65.4,-0.172,ansiedad,4,Pago,74050.0,56802.0
GE-0001510,G12,Gestor 12,2025-10,KB-110599,Retail,Préstamo personal,Florida,1-30,WhatsApp,False,80.5,0.615,intencion_pago,3,Pago,48760.0,44785.0
GE-0001511,G12,Gestor 12,2025-10,KB-109514,Retail,Tarjeta de crédito,Montevideo,1-30,WhatsApp,False,78.5,-0.449,enojo,3,No contacto,31760.0,0.0
GE-0001512,G12,Gestor 12,2025-10,KB-110967,Corporativo,Microcrédito,San José,31-60,Llamada,False,81.4,-0.037,objecion,5,No contacto,1563230.0,0.0
GE-0001513,G01,Gestor 01,2025-11,KB-108990,Retail,Crédito automotor,Montevideo,61-90,WhatsApp,False,65.3,-0.142,objecion,4,No contacto,16790.0,0.0
GE-0001514,G01,Gestor 01,2025-11,KB-110231,Pyme,Financiación retail,Montevideo,61-90,Llamada,False,68.3,-0.287,ansiedad,4,No contacto,183750.0,0.0
GE-0001515,G01,Gestor 01,2025-11,KB-106967,Retail,Crédito automotor,Salto,180+,Llamada,False,70.3,-0.544,enojo,6,Sin acuerdo,21360.0,0.0
GE-0001516,G01,Gestor 01,2025-11,KB-102882,Retail,Microcrédito,Rocha,31-60,Llamada,False,70.9,-0.218,objecion,5,Pago,44330.0,39188.0
GE-0001517,G01,Gestor 01,2025-11,KB-106093,Retail,Tarjeta de crédito,Montevideo,1-30,WhatsApp,False,69.2,-0.192,objecion,3,No contacto,16090.0,0.0
GE-0001518,G01,Gestor 01,2025-11,KB-103509,Retail,Crédito automotor,Montevideo,180+,Llamada,False,71.6,-0.092,ansiedad,3,No contacto,20360.0,0.0
GE-0001519,G01,Gestor 01,2025-11,KB-106010,Retail,Crédito automotor,Montevideo,31-60,Llamada,False,57.2,0.09,neutro,2,Sin acuerdo,261950.0,0.0
GE-0001520,G01,Gestor 01,2025-11,KB-107676,Retail,Tarjeta de crédito,Montevideo,31-60,Llamada,False,63.8,-0.274,frustracion,4,Pago,16250.0,16186.0
GE-0001521,G01,Gestor 01,2025-11,KB-111274,Retail,Préstamo personal,San José,180+,WhatsApp,False,59.4,-0.294,frustracion,4,No contacto,5370.0,0.0
GE-0001522,G01,Gestor 01,2025-11,KB-102156,Retail,Préstamo personal,Montevideo,1-30,Llamada,False,71.3,0.166,neutro,5,Promesa,26160.0,9973.0
GE-0001523,G01,Gestor 01,2025-11,KB-107226,Pyme,Financiación retail,Montevideo,61-90,Llamada,False,56.1,-0.278,ansiedad,2,Pago,106520.0,78398.0
GE-0001524,G01,Gestor 01,2025-11,KB-102665,Pyme,Tarjeta de crédito,Montevideo,1-30,Llamada,False,62.5,0.465,intencion_pago,3,Pago,198970.0,136319.0
GE-0001525,G01,Gestor 01,2025-11,KB-102293,Pyme,Tarjeta de crédito,Maldonado,1-30,WhatsApp,False,51.1,0.311,intencion_pago,3,Promesa,148190.0,69045.0
GE-0001526,G01,Gestor 01,2025-11,KB-104413,Retail,Tarjeta de crédito,Canelones,31-60,WhatsApp,False,60.3,0.02,neutro,4,Promesa,10270.0,4245.0
GE-0001527,G01,Gestor 01,2025-11,KB-105871,Pyme,Tarjeta de crédito,Montevideo,91-180,Llamada,False,76.4,-0.309,dificultad_economica,4,Pago,31910.0,29792.0
GE-0001528,G01,Gestor 01,2025-11,KB-105627,Retail,Cuenta corriente,Canelones,31-60,WhatsApp,False,68.9,-0.135,ansiedad,3,Promesa,32940.0,16329.0
GE-0001529,G01,Gestor 01,2025-11,KB-106778,Retail,Tarjeta de crédito,Florida,61-90,Llamada,False,68.6,0.205,neutro,3,Promesa,31250.0,13368.0
GE-0001530,G01,Gestor 01,2025-11,KB-109822,Retail,Préstamo personal,Maldonado,61-90,WhatsApp,False,68.1,-0.258,ansiedad,4,Sin acuerdo,136020.0,0.0
GE-0001531,G01,Gestor 01,2025-11,KB-106313,Retail,Financiación retail,Lavalleja,31-60,Llamada,False,68.5,-0.008,objecion,3,Pago,32220.0,29448.0
GE-0001532,G01,Gestor 01,2025-11,KB-109383,Pyme,Tarjeta de crédito,Montevideo,31-60,WhatsApp,False,72.4,-0.136,objecion,3,Sin acuerdo,274770.0,0.0
GE-0001533,G01,Gestor 01,2025-11,KB-102207,Retail,Financiación retail,Canelones,1-30,WhatsApp,False,63.3,-0.196,ansiedad,2,Promesa,20320.0,11229.0
GE-0001534,G01,Gestor 01,2025-11,KB-109444,Pyme,Préstamo personal,Montevideo,91-180,WhatsApp,False,72.5,0.157,neutro,5,Pago,76700.0,47007.0
GE-0001535,G01,Gestor 01,2025-11,KB-110921,Retail,Tarjeta de crédito,Montevideo,1-30,Llamada,False,57.2,0.066,neutro,3,Promesa,6210.0,2628.0
GE-0001536,G01,Gestor 01,2025-11,KB-107479,Pyme,Crédito automotor,Maldonado,1-30,WhatsApp,False,68.1,-0.135,ansiedad,4,Pago,105630.0,70071.0
GE-0001537,G01,Gestor 01,2025-11,KB-100305,Retail,Crédito automotor,Montevideo,31-60,WhatsApp,False,75.0,0.108,objecion,5,Pago,29220.0,21397.0
GE-0001538,G01,Gestor 01,2025-11,KB-110786,Pyme,Préstamo personal,Montevideo,180+,Llamada,False,68.5,-0.402,frustracion,5,No contacto,42150.0,0.0
GE-0001539,G01,Gestor 01,2025-11,KB-111495,Corporativo,Financiación retail,Montevideo,1-30,Llamada,False,63.6,-0.143,objecion,6,Pago,89250.0,62367.0
GE-0001540,G01,Gestor 01,2025-11,KB-102734,Retail,Tarjeta de crédito,Montevideo,180+,WhatsApp,False,74.3,-0.208,frustracion,2,No contacto,35810.0,0.0
GE-0001541,G01,Gestor 01,2025-11,KB-111823,Retail,Crédito automotor,Montevideo,61-90,WhatsApp,False,77.3,-0.42,frustracion,4,Promesa,11600.0,6673.0
GE-0001542,G01,Gestor 01,2025-11,KB-104914,Pyme,Préstamo personal,Rocha,61-90,Llamada,False,71.8,-0.477,dificultad_economica,2,Pago,59620.0,56897.0
GE-0001543,G01,Gestor 01,2025-11,KB-107562,Retail,Tarjeta de crédito,Montevideo,91-180,WhatsApp,False,62.4,-0.191,frustracion,5,No contacto,76450.0,0.0
GE-0001544,G01,Gestor 01,2025-11,KB-100753,Pyme,Financiación retail,Montevideo,1-30,WhatsApp,False,56.3,-0.084,neutro,3,No contacto,55170.0,0.0
GE-0001545,G01,Gestor 01,2025-11,KB-110770,Pyme,Tarjeta de crédito,Montevideo,31-60,Llamada,False,62.5,0.05,objecion,0,Sin acuerdo,247090.0,0.0
GE-0001546,G01,Gestor 01,2025-11,KB-109956,Retail,Préstamo personal,Montevideo,31-60,Llamada,False,59.5,0.042,objecion,2,Pago,32600.0,27948.0
GE-0001547,G01,Gestor 01,2025-11,KB-107035,Pyme,Financiación retail,Montevideo,31-60,WhatsApp,False,75.1,-0.185,ansiedad,3,Promesa,339180.0,157283.0
GE-0001548,G01,Gestor 01,2025-11,KB-106638,Retail,Préstamo personal,Canelones,180+,Llamada,False,57.4,-0.506,frustracion,2,Sin acuerdo,61640.0,0.0
GE-0001549,G02,Gestor 02,2025-11,KB-101928,Pyme,Préstamo personal,Paysandú,61-90,Llamada,False,56.1,0.267,neutro,1,No contacto,122560.0,0.0
GE-0001550,G02,Gestor 02,2025-11,KB-101788,Pyme,Microcrédito,Montevideo,31-60,Llamada,False,59.2,-0.124,objecion,3,Pago,52140.0,50404.0
GE-0001551,G02,Gestor 02,2025-11,KB-104369,Retail,Microcrédito,Montevideo,31-60,Llamada,False,37.6,-0.715,enojo,1,Promesa,29160.0,14957.0
GE-0001552,G02,Gestor 02,2025-11,KB-102544,Pyme,Préstamo personal,Montevideo,61-90,Llamada,False,63.0,0.061,objecion,3,Sin acuerdo,27500.0,0.0
GE-0001553,G02,Gestor 02,2025-11,KB-105770,Pyme,Financiación retail,Montevideo,1-30,Llamada,False,45.2,0.419,intencion_pago,3,Promesa,72510.0,40293.0
GE-0001554,G02,Gestor 02,2025-11,KB-110165,Retail,Préstamo personal,Canelones,91-180,WhatsApp,False,57.2,-0.444,enojo,1,No contacto,32900.0,0.0
GE-0001555,G02,Gestor 02,2025-11,KB-107294,Retail,Tarjeta de crédito,Salto,1-30,Llamada,False,36.4,-0.204,neutro,2,Sin acuerdo,10750.0,0.0
GE-0001556,G02,Gestor 02,2025-11,KB-110295,Retail,Financiación retail,Canelones,1-30,Llamada,False,45.9,-0.209,objecion,3,No contacto,32600.0,0.0
GE-0001557,G02,Gestor 02,2025-11,KB-110886,Retail,Préstamo personal,Maldonado,180+,WhatsApp,False,39.1,-0.857,enojo,1,No contacto,4530.0,0.0
GE-0001558,G02,Gestor 02,2025-11,KB-107465,Corporativo,Cuenta corriente,Cerro Largo,61-90,Llamada,False,63.9,-0.286,dificultad_economica,2,Promesa,147990.0,83331.0
GE-0001559,G02,Gestor 02,2025-11,KB-104604,Retail,Financiación retail,Rivera,91-180,WhatsApp,False,47.2,-0.566,dificultad_economica,1,No contacto,14390.0,0.0
GE-0001560,G02,Gestor 02,2025-11,KB-102563,Pyme,Crédito automotor,Canelones,1-30,Llamada,False,52.6,-0.347,ansiedad,3,Sin acuerdo,48860.0,0.0
GE-0001561,G02,Gestor 02,2025-11,KB-106835,Corporativo,Tarjeta de crédito,Montevideo,1-30,Llamada,False,55.7,0.403,intencion_pago,3,Pago,397850.0,279004.0
GE-0001562,G02,Gestor 02,2025-11,KB-111936,Retail,Crédito automotor,Soriano,31-60,Llamada,False,49.3,-0.144,objecion,2,No contacto,31290.0,0.0
GE-0001563,G02,Gestor 02,2025-11,KB-109696,Retail,Préstamo personal,Soriano,91-180,Llamada,False,58.5,-0.171,objecion,2,No contacto,22070.0,0.0
GE-0001564,G02,Gestor 02,2025-11,KB-103593,Retail,Financiación retail,Trinidad,31-60,Llamada,False,59.0,0.325,intencion_pago,2,No contacto,25210.0,0.0
GE-0001565,G02,Gestor 02,2025-11,KB-107202,Pyme,Préstamo personal,Soriano,91-180,WhatsApp,False,58.3,-0.332,objecion,3,Sin acuerdo,72110.0,0.0
GE-0001566,G02,Gestor 02,2025-11,KB-111112,Pyme,Financiación retail,Montevideo,91-180,WhatsApp,False,53.9,-0.226,dificultad_economica,1,Promesa,124870.0,73146.0
GE-0001567,G02,Gestor 02,2025-11,KB-110521,Corporativo,Financiación retail,Paysandú,31-60,Llamada,False,49.4,0.313,intencion_pago,3,Promesa,1469710.0,829580.0
GE-0001568,G02,Gestor 02,2025-11,KB-103599,Retail,Cuenta corriente,Canelones,61-90,WhatsApp,False,48.9,-0.248,objecion,2,Sin acuerdo,20880.0,0.0
GE-0001569,G02,Gestor 02,2025-11,KB-109731,Retail,Crédito automotor,Canelones,31-60,WhatsApp,False,65.4,-0.219,ansiedad,3,Pago,57790.0,50721.0
GE-0001570,G02,Gestor 02,2025-11,KB-110009,Retail,Préstamo personal,Montevideo,91-180,WhatsApp,False,50.1,-0.603,enojo,2,Pago,30940.0,23105.0
GE-0001571,G02,Gestor 02,2025-11,KB-111281,Retail,Crédito automotor,San José,91-180,WhatsApp,False,76.3,-0.467,dificultad_economica,2,Pago,16760.0,10954.0
GE-0001572,G02,Gestor 02,2025-11,KB-101817,Retail,Préstamo personal,Florida,91-180,WhatsApp,False,47.2,-0.175,ansiedad,2,No contacto,77710.0,0.0
GE-0001573,G02,Gestor 02,2025-11,KB-101257,Retail,Financiación retail,Canelones,1-30,Llamada,False,59.7,0.417,intencion_pago,3,Promesa,10930.0,6212.0
GE-0001574,G02,Gestor 02,2025-11,KB-107803,Pyme,Tarjeta de crédito,Maldonado,61-90,Llamada,False,43.1,-0.22,ansiedad,2,Sin acuerdo,92390.0,0.0
GE-0001575,G02,Gestor 02,2025-11,KB-100461,Pyme,Tarjeta de crédito,Durazno,31-60,Llamada,False,58.4,-0.041,neutro,3,Promesa,1043920.0,591199.0
GE-0001576,G02,Gestor 02,2025-11,KB-110662,Retail,Tarjeta de crédito,Canelones,1-30,Llamada,False,74.1,0.685,intencion_pago,3,Promesa,5100.0,2919.0
GE-0001577,G02,Gestor 02,2025-11,KB-105098,Retail,Préstamo personal,Trinidad,91-180,Llamada,False,44.9,-0.477,frustracion,1,No contacto,41820.0,0.0
GE-0001578,G02,Gestor 02,2025-11,KB-100144,Pyme,Cuenta corriente,San José,61-90,Llamada,False,57.9,-0.827,enojo,3,Sin acuerdo,115470.0,0.0
GE-0001579,G02,Gestor 02,2025-11,KB-107985,Retail,Crédito automotor,Rocha,91-180,Llamada,False,40.4,0.002,neutro,1,No contacto,12900.0,0.0
GE-0001580,G02,Gestor 02,2025-11,KB-103092,Pyme,Tarjeta de crédito,Canelones,91-180,Llamada,False,44.6,-0.202,objecion,3,Promesa,18900.0,8329.0
GE-0001581,G02,Gestor 02,2025-11,KB-106083,Retail,Financiación retail,Cerro Largo,31-60,WhatsApp,False,50.0,-0.36,frustracion,1,Promesa,14930.0,8214.0
GE-0001582,G02,Gestor 02,2025-11,KB-110626,Pyme,Tarjeta de crédito,Maldonado,1-30,Llamada,False,52.6,0.307,intencion_pago,2,Sin acuerdo,160690.0,0.0
GE-0001583,G02,Gestor 02,2025-11,KB-109791,Pyme,Préstamo personal,Treinta y Tres,31-60,Llamada,False,44.8,-0.12,neutro,1,Promesa,41580.0,18221.0
GE-0001584,G02,Gestor 02,2025-11,KB-101707,Retail,Cuenta corriente,Tacuarembó,1-30,Llamada,False,54.4,0.3,intencion_pago,2,Promesa,22790.0,11558.0
GE-0001585,G02,Gestor 02,2025-11,KB-109969,Corporativo,Tarjeta de crédito,Montevideo,61-90,WhatsApp,False,56.9,-0.483,frustracion,2,No contacto,308620.0,0.0
GE-0001586,G02,Gestor 02,2025-11,KB-103031,Pyme,Financiación retail,Montevideo,31-60,Llamada,False,50.3,0.602,intencion_pago,4,Promesa,822380.0,278297.0
GE-0001587,G02,Gestor 02,2025-11,KB-106543,Pyme,Crédito automotor,Treinta y Tres,61-90,Llamada,False,57.4,0.083,objecion,3,Pago,144370.0,118200.0
GE-0001588,G02,Gestor 02,2025-11,KB-103034,Pyme,Préstamo personal,Rivera,91-180,Llamada,False,66.6,0.053,ansiedad,3,Promesa,393160.0,154389.0
GE-0001589,G02,Gestor 02,2025-11,KB-101609,Retail,Préstamo personal,Canelones,61-90,Llamada,False,39.4,-0.327,objecion,2,Sin acuerdo,33190.0,0.0
GE-0001590,G02,Gestor 02,2025-11,KB-104160,Retail,Tarjeta de crédito,Trinidad,180+,Llamada,False,50.5,-0.694,enojo,5,No contacto,34580.0,0.0
GE-0001591,G03,Gestor 03,2025-11,KB-108543,Retail,Crédito automotor,Montevideo,91-180,Llamada,False,68.4,-0.608,enojo,4,Promesa,14720.0,8675.0
GE-0001592,G03,Gestor 03,2025-11,KB-109982,Retail,Tarjeta de crédito,Canelones,61-90,WhatsApp,False,71.7,-0.254,frustracion,4,Promesa,33610.0,19875.0
GE-0001593,G03,Gestor 03,2025-11,KB-102066,Pyme,Préstamo personal,Montevideo,61-90,Llamada,False,55.3,-0.453,frustracion,5,No contacto,68210.0,0.0
GE-0001594,G03,Gestor 03,2025-11,KB-106847,Pyme,Cuenta corriente,Paysandú,91-180,Llamada,False,52.6,-0.284,objecion,4,Promesa,123200.0,42340.0
GE-0001595,G03,Gestor 03,2025-11,KB-108829,Retail,Tarjeta de crédito,Flores,31-60,WhatsApp,False,66.5,0.078,neutro,4,Pago,35690.0,25195.0
GE-0001596,G03,Gestor 03,2025-11,KB-110137,Retail,Tarjeta de crédito,Montevideo,61-90,Llamada,False,81.7,-0.046,objecion,1,Promesa,94840.0,46551.0
GE-0001597,G03,Gestor 03,2025-11,KB-102468,Pyme,Microcrédito,Montevideo,91-180,Llamada,False,69.6,-0.121,objecion,3,Sin acuerdo,140810.0,0.0
GE-0001598,G03,Gestor 03,2025-11,KB-105615,Retail,Microcrédito,Montevideo,1-30,WhatsApp,False,66.9,-0.075,objecion,3,No contacto,20590.0,0.0
GE-0001599,G03,Gestor 03,2025-11,KB-109818,Retail,Tarjeta de crédito,Montevideo,180+,Llamada,False,70.6,-0.37,dificultad_economica,2,Pago,7040.0,4902.0
GE-0001600,G03,Gestor 03,2025-11,KB-104257,Retail,Financiación retail,Canelones,31-60,Llamada,False,67.8,0.821,intencion_pago,4,Promesa,47300.0,18546.0
GE-0001601,G03,Gestor 03,2025-11,KB-107430,Pyme,Financiación retail,Montevideo,1-30,Llamada,False,68.8,0.027,neutro,4,Promesa,174330.0,97265.0
GE-0001602,G03,Gestor 03,2025-11,KB-108201,Pyme,Cuenta corriente,Montevideo,180+,WhatsApp,False,62.2,-0.317,frustracion,4,Pago,463620.0,285040.0
GE-0001603,G03,Gestor 03,2025-11,KB-111494,Corporativo,Crédito automotor,Florida,91-180,WhatsApp,False,65.4,-0.655,enojo,3,Sin acuerdo,347080.0,0.0
GE-0001604,G03,Gestor 03,2025-11,KB-102381,Pyme,Tarjeta de crédito,Montevideo,180+,Llamada,False,69.7,-0.099,dificultad_economica,3,Pago,16410.0,10280.0
GE-0001605,G03,Gestor 03,2025-11,KB-111090,Retail,Crédito automotor,Canelones,180+,WhatsApp,False,52.0,-0.564,enojo,2,Promesa,14410.0,4607.0
GE-0001606,G03,Gestor 03,2025-11,KB-105444,Pyme,Préstamo personal,Montevideo,1-30,WhatsApp,False,66.8,0.649,intencion_pago,4,Pago,78900.0,69958.0
GE-0001607,G03,Gestor 03,2025-11,KB-107662,Pyme,Financiación retail,Montevideo,31-60,WhatsApp,False,65.8,-0.296,ansiedad,2,Sin acuerdo,46690.0,0.0
GE-0001608,G03,Gestor 03,2025-11,KB-110474,Retail,Crédito automotor,Canelones,1-30,Llamada,False,73.3,-0.005,ansiedad,4,Sin acuerdo,13130.0,0.0
GE-0001609,G03,Gestor 03,2025-11,KB-109856,Retail,Financiación retail,Canelones,61-90,Llamada,False,63.5,-0.026,objecion,3,Promesa,7520.0,3016.0
GE-0001610,G03,Gestor 03,2025-11,KB-104719,Corporativo,Financiación retail,Canelones,1-30,WhatsApp,False,81.5,-0.049,objecion,2,Pago,639220.0,604458.0
GE-0001611,G03,Gestor 03,2025-11,KB-104708,Retail,Préstamo personal,Montevideo,91-180,Llamada,False,75.4,-0.137,frustracion,4,Sin acuerdo,63930.0,0.0
GE-0001612,G03,Gestor 03,2025-11,KB-101199,Pyme,Financiación retail,Montevideo,31-60,Llamada,False,77.7,0.177,objecion,4,Pago,131990.0,112228.0
GE-0001613,G03,Gestor 03,2025-11,KB-106477,Retail,Préstamo personal,Montevideo,31-60,Llamada,False,75.0,-0.371,enojo,6,Pago,18690.0,17475.0
GE-0001614,G03,Gestor 03,2025-11,KB-109303,Retail,Microcrédito,Montevideo,1-30,WhatsApp,False,57.7,-0.028,neutro,3,Promesa,7660.0,3808.0
GE-0001615,G03,Gestor 03,2025-11,KB-103900,Retail,Crédito automotor,Canelones,180+,Llamada,False,68.0,-0.587,dificultad_economica,4,Pago,24050.0,14989.0
GE-0001616,G03,Gestor 03,2025-11,KB-102979,Corporativo,Financiación retail,Canelones,31-60,Llamada,False,74.6,-0.007,objecion,4,Pago,681280.0,641430.0
GE-0001617,G03,Gestor 03,2025-11,KB-106360,Retail,Préstamo personal,Montevideo,1-30,Llamada,False,62.5,-0.521,frustracion,4,Pago,58260.0,54931.0
GE-0001618,G03,Gestor 03,2025-11,KB-105583,Pyme,Cuenta corriente,San José,61-90,WhatsApp,False,64.2,-0.285,frustracion,2,Promesa,65830.0,32215.0
GE-0001619,G03,Gestor 03,2025-11,KB-101955,Retail,Tarjeta de crédito,Maldonado,31-60,WhatsApp,False,57.8,0.683,intencion_pago,5,Pago,28060.0,19368.0
GE-0001620,G03,Gestor 03,2025-11,KB-105174,Retail,Préstamo personal,Montevideo,1-30,WhatsApp,False,74.7,0.844,intencion_pago,1,Promesa,37500.0,15212.0
GE-0001621,G03,Gestor 03,2025-11,KB-109000,Retail,Tarjeta de crédito,San José,31-60,Llamada,False,66.1,-0.074,objecion,3,No contacto,80510.0,0.0
GE-0001622,G03,Gestor 03,2025-11,KB-105949,Pyme,Tarjeta de crédito,Montevideo,61-90,Llamada,False,64.4,-0.371,dificultad_economica,4,Sin acuerdo,105690.0,0.0
GE-0001623,G03,Gestor 03,2025-11,KB-109904,Pyme,Préstamo personal,Rocha,1-30,Llamada,False,59.7,-0.202,ansiedad,6,Promesa,411770.0,219617.0
GE-0001624,G03,Gestor 03,2025-11,KB-103374,Pyme,Tarjeta de crédito,Maldonado,91-180,Llamada,False,72.2,-0.503,frustracion,5,No contacto,481570.0,0.0
GE-0001625,G03,Gestor 03,2025-11,KB-108025,Retail,Préstamo personal,Montevideo,1-30,WhatsApp,False,68.9,0.454,intencion_pago,2,Promesa,33070.0,16833.0
GE-0001626,G03,Gestor 03,2025-11,KB-104018,Pyme,Préstamo personal,Montevideo,1-30,Llamada,False,66.3,0.601,intencion_pago,4,Pago,215080.0,195253.0
GE-0001627,G04,Gestor 04,2025-11,KB-110311,Retail,Cuenta corriente,Paysandú,31-60,WhatsApp,False,73.7,0.683,intencion_pago,4,Pago,45010.0,39378.0
GE-0001628,G04,Gestor 04,2025-11,KB-106907,Retail,Préstamo personal,Durazno,180+,WhatsApp,False,81.7,-0.495,enojo,5,Promesa,53520.0,16909.0
GE-0001629,G04,Gestor 04,2025-11,KB-106894,Pyme,Préstamo personal,Montevideo,1-30,Llamada,False,68.8,-0.196,ansiedad,2,Sin acuerdo,226470.0,0.0
GE-0001630,G04,Gestor 04,2025-11,KB-109586,Pyme,Crédito automotor,Salto,91-180,WhatsApp,False,68.7,-0.156,dificultad_economica,2,Sin acuerdo,228000.0,0.0
GE-0001631,G04,Gestor 04,2025-11,KB-105786,Retail,Tarjeta de crédito,Montevideo,31-60,Llamada,False,70.9,-0.644,enojo,1,Sin acuerdo,15600.0,0.0
GE-0001632,G04,Gestor 04,2025-11,KB-100249,Retail,Tarjeta de crédito,Montevideo,1-30,Llamada,False,56.4,0.63,intencion_pago,2,Promesa,83730.0,49081.0
GE-0001633,G04,Gestor 04,2025-11,KB-108998,Retail,Microcrédito,Montevideo,91-180,Llamada,False,71.2,0.111,neutro,3,Promesa,14110.0,7404.0
GE-0001634,G04,Gestor 04,2025-11,KB-106113,Retail,Préstamo personal,Maldonado,1-30,WhatsApp,False,66.5,0.199,neutro,5,No contacto,33870.0,0.0
GE-0001635,G04,Gestor 04,2025-11,KB-110611,Retail,Tarjeta de crédito,Montevideo,31-60,Llamada,False,72.2,0.669,intencion_pago,2,Pago,30940.0,28767.0
GE-0001636,G04,Gestor 04,2025-11,KB-109684,Pyme,Microcrédito,Tacuarembó,31-60,Llamada,False,74.0,0.752,intencion_pago,4,Promesa,48130.0,18944.0
GE-0001637,G04,Gestor 04,2025-11,KB-100788,Retail,Tarjeta de crédito,Montevideo,61-90,WhatsApp,False,84.1,-0.071,frustracion,6,Promesa,16950.0,5553.0
GE-0001638,G04,Gestor 04,2025-11,KB-106203,Pyme,Crédito automotor,Canelones,31-60,Llamada,False,45.8,0.561,intencion_pago,3,Pago,137800.0,122478.0
GE-0001639,G04,Gestor 04,2025-11,KB-103032,Pyme,Préstamo personal,Montevideo,180+,Llamada,False,50.2,-0.675,frustracion,4,Promesa,315910.0,122131.0
GE-0001640,G04,Gestor 04,2025-11,KB-107868,Pyme,Préstamo personal,Montevideo,31-60,Llamada,False,74.6,0.602,intencion_pago,3,Pago,291880.0,279160.0
GE-0001641,G04,Gestor 04,2025-11,KB-102679,Retail,Financiación retail,San José,1-30,Llamada,False,55.8,0.004,neutro,3,No contacto,28850.0,0.0
GE-0001642,G04,Gestor 04,2025-11,KB-102627,Retail,Microcrédito,Rivera,1-30,Llamada,False,71.7,-0.118,ansiedad,5,Pago,6260.0,4730.0
GE-0001643,G04,Gestor 04,2025-11,KB-110222,Retail,Crédito automotor,Montevideo,180+,Llamada,False,76.4,-0.333,ansiedad,4,No contacto,64600.0,0.0
GE-0001644,G04,Gestor 04,2025-11,KB-111885,Retail,Préstamo personal,Montevideo,91-180,Llamada,False,70.6,-0.196,objecion,4,Sin acuerdo,8820.0,0.0
GE-0001645,G04,Gestor 04,2025-11,KB-108026,Corporativo,Tarjeta de crédito,Montevideo,31-60,Llamada,False,55.4,-0.599,frustracion,2,No contacto,945160.0,0.0
GE-0001646,G04,Gestor 04,2025-11,KB-111781,Pyme,Tarjeta de crédito,Montevideo,1-30,Llamada,False,57.3,-0.144,neutro,1,Promesa,361980.0,177767.0
GE-0001647,G04,Gestor 04,2025-11,KB-101731,Retail,Microcrédito,Maldonado,1-30,Llamada,False,74.0,-0.131,ansiedad,3,Promesa,83950.0,44255.0
GE-0001648,G04,Gestor 04,2025-11,KB-100716,Corporativo,Préstamo personal,Rivera,1-30,Llamada,False,59.9,0.51,intencion_pago,3,Sin acuerdo,1143670.0,0.0
GE-0001649,G04,Gestor 04,2025-11,KB-101877,Retail,Tarjeta de crédito,Montevideo,91-180,WhatsApp,False,69.5,-0.399,frustracion,3,Sin acuerdo,65650.0,0.0
GE-0001650,G04,Gestor 04,2025-11,KB-110970,Corporativo,Préstamo personal,Montevideo,31-60,WhatsApp,False,68.9,-0.723,enojo,3,Promesa,1258930.0,596414.0
GE-0001651,G04,Gestor 04,2025-11,KB-103447,Retail,Préstamo personal,San José,61-90,WhatsApp,False,74.9,-0.356,frustracion,2,Promesa,26860.0,11220.0
GE-0001652,G04,Gestor 04,2025-11,KB-108809,Pyme,Préstamo personal,Montevideo,1-30,Llamada,False,76.4,-0.14,ansiedad,3,Pago,123510.0,102057.0
GE-0001653,G04,Gestor 04,2025-11,KB-111713,Pyme,Préstamo personal,Montevideo,1-30,WhatsApp,False,67.9,-0.093,ansiedad,4,Pago,70660.0,64123.0
GE-0001654,G04,Gestor 04,2025-11,KB-110176,Retail,Crédito automotor,Maldonado,31-60,Llamada,False,74.1,0.596,intencion_pago,4,Sin acuerdo,13910.0,0.0
GE-0001655,G04,Gestor 04,2025-11,KB-110010,Retail,Tarjeta de crédito,Montevideo,31-60,WhatsApp,False,74.6,-0.513,enojo,2,No contacto,25840.0,0.0
GE-0001656,G04,Gestor 04,2025-11,KB-107616,Retail,Microcrédito,Trinidad,91-180,WhatsApp,False,60.8,-0.568,enojo,4,Promesa,24770.0,12194.0
GE-0001657,G04,Gestor 04,2025-11,KB-109564,Retail,Préstamo personal,Canelones,31-60,WhatsApp,False,56.1,-0.217,neutro,2,Promesa,16720.0,8335.0
GE-0001658,G04,Gestor 04,2025-11,KB-101047,Pyme,Microcrédito,Montevideo,61-90,WhatsApp,False,72.3,-0.165,ansiedad,4,Promesa,335380.0,141670.0
GE-0001659,G04,Gestor 04,2025-11,KB-100277,Pyme,Financiación retail,Florida,91-180,Llamada,False,81.9,-0.28,dificultad_economica,4,Pago,245860.0,233948.0
GE-0001660,G04,Gestor 04,2025-11,KB-100820,Retail,Préstamo personal,Canelones,1-30,Llamada,False,71.1,-0.109,frustracion,3,No contacto,33880.0,0.0
GE-0001661,G04,Gestor 04,2025-11,KB-109640,Retail,Financiación retail,Canelones,31-60,Llamada,False,66.1,-0.14,ansiedad,4,Promesa,28970.0,16789.0
GE-0001662,G04,Gestor 04,2025-11,KB-103390,Corporativo,Préstamo personal,Montevideo,61-90,WhatsApp,False,92.6,0.056,objecion,6,Pago,1037980.0,929226.0
GE-0001663,G04,Gestor 04,2025-11,KB-111950,Corporativo,Tarjeta de crédito,Montevideo,91-180,Llamada,False,67.4,-0.133,ansiedad,4,Promesa,1920270.0,783508.0
GE-0001664,G05,Gestor 05,2025-11,KB-102655,Retail,Préstamo personal,Canelones,61-90,Llamada,True,46.5,0.053,objecion,4,Promesa,43430.0,22206.0
GE-0001665,G05,Gestor 05,2025-11,KB-104607,Pyme,Financiación retail,Tacuarembó,31-60,Llamada,True,49.0,0.086,neutro,2,Promesa,128640.0,71173.0
GE-0001666,G05,Gestor 05,2025-11,KB-106385,Retail,Crédito automotor,Montevideo,1-30,Llamada,True,45.5,0.505,intencion_pago,2,Sin acuerdo,32460.0,0.0
GE-0001667,G05,Gestor 05,2025-11,KB-102267,Corporativo,Financiación retail,Salto,1-30,WhatsApp,True,45.9,0.074,neutro,2,Pago,164630.0,150792.0
GE-0001668,G05,Gestor 05,2025-11,KB-108860,Retail,Crédito automotor,Montevideo,31-60,Llamada,True,38.0,0.267,intencion_pago,2,Sin acuerdo,29930.0,0.0
GE-0001669,G05,Gestor 05,2025-11,KB-106586,Retail,Crédito automotor,Montevideo,31-60,WhatsApp,True,41.4,0.353,intencion_pago,2,Pago,12990.0,10512.0
GE-0001670,G05,Gestor 05,2025-11,KB-103105,Retail,Tarjeta de crédito,Montevideo,1-30,WhatsApp,True,52.6,0.671,intencion_pago,3,Pago,45620.0,45329.0
GE-0001671,G05,Gestor 05,2025-11,KB-106410,Pyme,Crédito automotor,Montevideo,61-90,Llamada,True,30.3,-0.281,objecion,2,Sin acuerdo,135880.0,0.0
GE-0001672,G05,Gestor 05,2025-11,KB-100668,Pyme,Préstamo personal,Colonia,31-60,WhatsApp,True,42.5,-0.218,objecion,2,Promesa,117970.0,58567.0
GE-0001673,G05,Gestor 05,2025-11,KB-107094,Retail,Microcrédito,Canelones,31-60,WhatsApp,True,53.1,-0.241,neutro,3,Promesa,28870.0,14876.0
GE-0001674,G05,Gestor 05,2025-11,KB-104138,Pyme,Tarjeta de crédito,Rivera,1-30,Llamada,True,39.1,0.271,intencion_pago,1,Promesa,252600.0,144303.0
GE-0001675,G05,Gestor 05,2025-11,KB-111000,Pyme,Tarjeta de crédito,Montevideo,91-180,WhatsApp,True,44.4,-0.268,dificultad_economica,3,No contacto,79060.0,0.0
GE-0001676,G05,Gestor 05,2025-11,KB-103825,Pyme,Financiación retail,Río Negro,31-60,WhatsApp,True,55.4,-0.443,ansiedad,2,Pago,105350.0,95573.0
GE-0001677,G05,Gestor 05,2025-11,KB-101889,Pyme,Tarjeta de crédito,Montevideo,180+,Llamada,True,57.4,-0.403,frustracion,4,Promesa,73490.0,25285.0
GE-0001678,G05,Gestor 05,2025-11,KB-105305,Retail,Cuenta corriente,Tacuarembó,31-60,WhatsApp,True,51.6,-0.026,neutro,3,Pago,15790.0,10945.0
GE-0001679,G05,Gestor 05,2025-11,KB-106092,Retail,Financiación retail,Salto,91-180,Llamada,True,31.8,-0.448,frustracion,2,No contacto,8980.0,0.0
GE-0001680,G05,Gestor 05,2025-11,KB-101933,Corporativo,Tarjeta de crédito,Colonia,91-180,Llamada,True,50.4,-0.733,enojo,3,Promesa,862460.0,381217.0
GE-0001681,G05,Gestor 05,2025-11,KB-100799,Pyme,Préstamo personal,Montevideo,1-30,WhatsApp,True,42.9,-0.136,objecion,2,No contacto,99890.0,0.0
GE-0001682,G05,Gestor 05,2025-11,KB-106613,Retail,Crédito automotor,Montevideo,91-180,WhatsApp,True,40.1,-0.59,dificultad_economica,1,Promesa,29570.0,14899.0
GE-0001683,G05,Gestor 05,2025-11,KB-109652,Retail,Crédito automotor,Montevideo,61-90,Llamada,True,49.2,-0.203,frustracion,2,No contacto,14610.0,0.0
GE-0001684,G05,Gestor 05,2025-11,KB-101022,Retail,Financiación retail,Treinta y Tres,61-90,WhatsApp,True,38.8,-0.195,objecion,3,Sin acuerdo,81560.0,0.0
GE-0001685,G05,Gestor 05,2025-11,KB-109747,Pyme,Microcrédito,Montevideo,31-60,Llamada,True,61.6,-0.288,objecion,4,No contacto,174520.0,0.0
GE-0001686,G05,Gestor 05,2025-11,KB-111754,Corporativo,Tarjeta de crédito,Montevideo,61-90,Llamada,True,48.6,-0.48,frustracion,1,Pago,255810.0,205976.0
GE-0001687,G05,Gestor 05,2025-11,KB-100783,Retail,Microcrédito,Montevideo,31-60,Llamada,True,44.6,-0.427,ansiedad,1,Sin acuerdo,15090.0,0.0
GE-0001688,G05,Gestor 05,2025-11,KB-109373,Corporativo,Financiación retail,Montevideo,31-60,WhatsApp,True,48.5,-0.423,objecion,3,No contacto,884200.0,0.0
GE-0001689,G05,Gestor 05,2025-11,KB-100500,Retail,Tarjeta de crédito,Canelones,31-60,Llamada,True,38.4,-0.19,objecion,4,No contacto,24920.0,0.0
GE-0001690,G05,Gestor 05,2025-11,KB-106000,Retail,Microcrédito,Montevideo,31-60,Llamada,True,47.3,-0.148,neutro,0,No contacto,17160.0,0.0
GE-0001691,G05,Gestor 05,2025-11,KB-105769,Retail,Préstamo personal,Canelones,31-60,WhatsApp,True,47.6,-0.198,neutro,2,No contacto,38800.0,0.0
GE-0001692,G05,Gestor 05,2025-11,KB-105237,Retail,Préstamo personal,Soriano,1-30,Llamada,True,39.9,0.115,neutro,2,Promesa,45230.0,18131.0
GE-0001693,G05,Gestor 05,2025-11,KB-108004,Retail,Tarjeta de crédito,Salto,61-90,Llamada,True,34.2,-0.504,frustracion,1,No contacto,17130.0,0.0
GE-0001694,G05,Gestor 05,2025-11,KB-103610,Retail,Tarjeta de crédito,Flores,1-30,Llamada,True,52.9,-0.07,frustracion,2,Promesa,17470.0,8519.0
GE-0001695,G05,Gestor 05,2025-11,KB-103387,Retail,Microcrédito,Montevideo,31-60,WhatsApp,True,42.8,-0.651,enojo,0,Sin acuerdo,220990.0,0.0
GE-0001696,G05,Gestor 05,2025-11,KB-111163,Retail,Tarjeta de crédito,Canelones,61-90,WhatsApp,True,41.4,0.233,neutro,1,Promesa,77240.0,26015.0
GE-0001697,G05,Gestor 05,2025-11,KB-101637,Pyme,Tarjeta de crédito,Canelones,1-30,Llamada,True,37.5,-0.214,ansiedad,1,Sin acuerdo,119270.0,0.0
GE-0001698,G05,Gestor 05,2025-11,KB-108700,Retail,Préstamo personal,Treinta y Tres,180+,WhatsApp,True,36.4,-0.295,dificultad_economica,1,Promesa,18260.0,6664.0
GE-0001699,G05,Gestor 05,2025-11,KB-101292,Pyme,Préstamo personal,Lavalleja,1-30,WhatsApp,True,31.3,0.286,intencion_pago,2,Sin acuerdo,135690.0,0.0
GE-0001700,G05,Gestor 05,2025-11,KB-101733,Retail,Préstamo personal,Canelones,91-180,WhatsApp,True,48.7,-0.261,dificultad_economica,1,No contacto,114200.0,0.0
GE-0001701,G05,Gestor 05,2025-11,KB-100634,Retail,Financiación retail,Florida,91-180,WhatsApp,True,36.4,-0.404,dificultad_economica,2,No contacto,63800.0,0.0
GE-0001702,G05,Gestor 05,2025-11,KB-106471,Pyme,Tarjeta de crédito,Maldonado,61-90,WhatsApp,True,46.0,-0.457,frustracion,2,Sin acuerdo,28180.0,0.0
GE-0001703,G05,Gestor 05,2025-11,KB-111991,Pyme,Tarjeta de crédito,Maldonado,61-90,WhatsApp,True,45.9,-0.255,objecion,3,Sin acuerdo,50910.0,0.0
GE-0001704,G05,Gestor 05,2025-11,KB-101092,Retail,Microcrédito,Montevideo,1-30,WhatsApp,True,46.2,0.133,neutro,3,No contacto,24890.0,0.0
GE-0001705,G05,Gestor 05,2025-11,KB-105078,Retail,Financiación retail,Tacuarembó,1-30,WhatsApp,True,37.2,0.38,intencion_pago,0,Pago,18950.0,13742.0
GE-0001706,G05,Gestor 05,2025-11,KB-109424,Pyme,Crédito automotor,Florida,1-30,Llamada,True,40.5,-0.104,neutro,2,Promesa,43180.0,21811.0
GE-0001707,G05,Gestor 05,2025-11,KB-111841,Retail,Financiación retail,Trinidad,1-30,Llamada,True,43.9,-0.084,neutro,1,Sin acuerdo,38340.0,0.0
GE-0001708,G05,Gestor 05,2025-11,KB-110070,Corporativo,Microcrédito,Montevideo,91-180,Llamada,True,42.8,-0.636,enojo,1,No contacto,881110.0,0.0
GE-0001709,G06,Gestor 06,2025-11,KB-103459,Retail,Tarjeta de crédito,Maldonado,61-90,Llamada,False,40.8,-0.39,frustracion,1,Pago,40920.0,38149.0
GE-0001710,G06,Gestor 06,2025-11,KB-108069,Corporativo,Préstamo personal,Rivera,1-30,WhatsApp,False,47.2,-0.064,neutro,3,No contacto,1727020.0,0.0
GE-0001711,G06,Gestor 06,2025-11,KB-108691,Retail,Microcrédito,Canelones,1-30,WhatsApp,False,57.2,0.48,intencion_pago,2,Promesa,43530.0,20956.0
GE-0001712,G06,Gestor 06,2025-11,KB-110005,Retail,Crédito automotor,Soriano,31-60,Llamada,False,45.8,-0.059,ansiedad,1,Pago,19340.0,18644.0
GE-0001713,G06,Gestor 06,2025-11,KB-109375,Retail,Préstamo personal,Maldonado,91-180,Llamada,False,49.1,-0.802,enojo,1,No contacto,21020.0,0.0
GE-0001714,G06,Gestor 06,2025-11,KB-101163,Retail,Préstamo personal,Treinta y Tres,91-180,Llamada,False,52.7,-0.434,frustracion,1,No contacto,16610.0,0.0
GE-0001715,G06,Gestor 06,2025-11,KB-101141,Pyme,Tarjeta de crédito,Rivera,91-180,Llamada,False,66.1,-0.383,dificultad_economica,3,Pago,58460.0,43125.0
GE-0001716,G06,Gestor 06,2025-11,KB-103595,Pyme,Cuenta corriente,Cerro Largo,91-180,Llamada,False,50.5,-0.544,dificultad_economica,3,No contacto,372210.0,0.0
GE-0001717,G06,Gestor 06,2025-11,KB-111534,Retail,Préstamo personal,Canelones,31-60,Llamada,False,56.8,0.066,neutro,2,No contacto,18760.0,0.0
GE-0001718,G06,Gestor 06,2025-11,KB-106212,Retail,Microcrédito,Montevideo,31-60,WhatsApp,False,54.5,-0.283,ansiedad,3,Sin acuerdo,46830.0,0.0
GE-0001719,G06,Gestor 06,2025-11,KB-101010,Retail,Préstamo personal,Canelones,61-90,Llamada,False,59.6,-0.598,enojo,3,Sin acuerdo,38550.0,0.0
GE-0001720,G06,Gestor 06,2025-11,KB-101526,Retail,Préstamo personal,Salto,1-30,WhatsApp,False,44.5,0.044,objecion,3,Sin acuerdo,5670.0,0.0
GE-0001721,G06,Gestor 06,2025-11,KB-102366,Retail,Préstamo personal,Canelones,91-180,WhatsApp,False,49.0,-0.359,frustracion,2,No contacto,18420.0,0.0
GE-0001722,G06,Gestor 06,2025-11,KB-109002,Retail,Préstamo personal,Rocha,1-30,WhatsApp,False,49.8,0.051,neutro,2,No contacto,153070.0,0.0
GE-0001723,G06,Gestor 06,2025-11,KB-103696,Retail,Cuenta corriente,Maldonado,31-60,Llamada,False,45.4,0.367,intencion_pago,2,Pago,16690.0,15723.0
GE-0001724,G06,Gestor 06,2025-11,KB-103393,Retail,Tarjeta de crédito,Canelones,1-30,Llamada,False,48.0,0.204,neutro,2,Sin acuerdo,14630.0,0.0
GE-0001725,G06,Gestor 06,2025-11,KB-102231,Pyme,Tarjeta de crédito,Montevideo,91-180,Llamada,False,58.6,-0.311,ansiedad,2,No contacto,57420.0,0.0
GE-0001726,G06,Gestor 06,2025-11,KB-100513,Retail,Tarjeta de crédito,Trinidad,91-180,Llamada,False,51.6,-0.583,enojo,2,No contacto,8100.0,0.0
GE-0001727,G06,Gestor 06,2025-11,KB-103137,Retail,Tarjeta de crédito,Artigas,91-180,Llamada,False,56.8,-0.647,enojo,3,No contacto,19620.0,0.0
GE-0001728,G06,Gestor 06,2025-11,KB-103268,Pyme,Préstamo personal,Tacuarembó,61-90,WhatsApp,False,41.2,-0.223,objecion,3,No contacto,152590.0,0.0
GE-0001729,G06,Gestor 06,2025-11,KB-103659,Retail,Tarjeta de crédito,Canelones,61-90,WhatsApp,False,45.5,0.073,neutro,2,Pago,141680.0,138865.0
GE-0001730,G06,Gestor 06,2025-11,KB-100360,Pyme,Tarjeta de crédito,Canelones,1-30,WhatsApp,False,54.1,-0.308,ansiedad,2,Pago,88580.0,80419.0
GE-0001731,G06,Gestor 06,2025-11,KB-100107,Pyme,Crédito automotor,Montevideo,1-30,WhatsApp,False,43.5,0.427,intencion_pago,3,Pago,897880.0,835169.0
GE-0001732,G06,Gestor 06,2025-11,KB-108854,Pyme,Crédito automotor,Montevideo,61-90,WhatsApp,False,47.5,-0.023,objecion,3,No contacto,41970.0,0.0
GE-0001733,G06,Gestor 06,2025-11,KB-111047,Retail,Cuenta corriente,Canelones,31-60,WhatsApp,False,47.4,-0.033,neutro,3,Sin acuerdo,25080.0,0.0
GE-0001734,G06,Gestor 06,2025-11,KB-102347,Corporativo,Crédito automotor,Canelones,61-90,WhatsApp,False,57.0,-0.284,ansiedad,2,Promesa,238830.0,140086.0
GE-0001735,G06,Gestor 06,2025-11,KB-111424,Corporativo,Tarjeta de crédito,Canelones,180+,Llamada,False,39.3,-0.561,frustracion,4,No contacto,604880.0,0.0
GE-0001736,G06,Gestor 06,2025-11,KB-104815,Retail,Préstamo personal,Salto,1-30,Llamada,False,44.7,0.365,intencion_pago,4,Promesa,14220.0,7796.0
GE-0001737,G06,Gestor 06,2025-11,KB-104381,Pyme,Préstamo personal,Montevideo,91-180,WhatsApp,False,35.7,-0.486,dificultad_economica,1,No contacto,141780.0,0.0
GE-0001738,G06,Gestor 06,2025-11,KB-106606,Retail,Tarjeta de crédito,Montevideo,31-60,WhatsApp,False,49.5,-0.502,frustracion,4,Pago,15920.0,15019.0
GE-0001739,G06,Gestor 06,2025-11,KB-105786,Retail,Tarjeta de crédito,Montevideo,31-60,Llamada,False,43.9,-0.463,frustracion,1,Promesa,15600.0,7219.0
GE-0001740,G06,Gestor 06,2025-11,KB-109094,Pyme,Microcrédito,Rocha,1-30,WhatsApp,False,49.3,-0.005,neutro,3,Sin acuerdo,399860.0,0.0
GE-0001741,G06,Gestor 06,2025-11,KB-110181,Corporativo,Microcrédito,Montevideo,31-60,WhatsApp,False,45.4,0.053,neutro,3,No contacto,204270.0,0.0
GE-0001742,G06,Gestor 06,2025-11,KB-111987,Pyme,Tarjeta de crédito,Montevideo,1-30,Llamada,False,39.4,0.33,intencion_pago,4,Promesa,196820.0,104351.0
GE-0001743,G06,Gestor 06,2025-11,KB-100589,Pyme,Cuenta corriente,Montevideo,1-30,Llamada,False,44.9,-0.666,enojo,2,Pago,34810.0,33062.0
GE-0001744,G06,Gestor 06,2025-11,KB-111234,Retail,Crédito automotor,Montevideo,31-60,WhatsApp,False,48.7,-0.091,neutro,3,Sin acuerdo,8950.0,0.0
GE-0001745,G06,Gestor 06,2025-11,KB-101585,Pyme,Financiación retail,Durazno,91-180,WhatsApp,False,53.3,-0.038,objecion,1,No contacto,180730.0,0.0
GE-0001746,G06,Gestor 06,2025-11,KB-104147,Retail,Tarjeta de crédito,Montevideo,91-180,Llamada,False,38.7,-0.751,enojo,3,Promesa,17110.0,5620.0
GE-0001747,G06,Gestor 06,2025-11,KB-109121,Retail,Cuenta corriente,Montevideo,1-30,Llamada,False,52.7,0.03,neutro,3,Promesa,7680.0,3940.0
GE-0001748,G06,Gestor 06,2025-11,KB-100859,Retail,Crédito automotor,Montevideo,61-90,Llamada,False,37.1,-0.754,enojo,0,No contacto,38350.0,0.0
GE-0001749,G06,Gestor 06,2025-11,KB-106150,Corporativo,Tarjeta de crédito,Canelones,91-180,Llamada,False,45.2,-0.251,dificultad_economica,1,No contacto,204530.0,0.0
GE-0001750,G06,Gestor 06,2025-11,KB-109173,Pyme,Financiación retail,Canelones,61-90,Llamada,False,51.2,-0.501,enojo,4,No contacto,234240.0,0.0
GE-0001751,G06,Gestor 06,2025-11,KB-103641,Retail,Préstamo personal,Montevideo,31-60,Llamada,False,44.9,-0.106,neutro,1,No contacto,109450.0,0.0
GE-0001752,G07,Gestor 07,2025-11,KB-105479,Retail,Cuenta corriente,Montevideo,61-90,Llamada,True,68.1,-0.566,frustracion,2,No contacto,12530.0,0.0
GE-0001753,G07,Gestor 07,2025-11,KB-104803,Pyme,Préstamo personal,Paysandú,91-180,Llamada,True,56.8,-0.34,dificultad_economica,2,Promesa,65550.0,36402.0
GE-0001754,G07,Gestor 07,2025-11,KB-104094,Retail,Préstamo personal,Treinta y Tres,1-30,WhatsApp,True,63.0,-0.053,objecion,3,Pago,13850.0,10810.0
GE-0001755,G07,Gestor 07,2025-11,KB-107644,Pyme,Préstamo personal,Maldonado,1-30,WhatsApp,True,70.6,0.227,neutro,5,Promesa,150150.0,79574.0
GE-0001756,G07,Gestor 07,2025-11,KB-108245,Retail,Financiación retail,Rocha,31-60,WhatsApp,True,71.5,0.42,neutro,4,Promesa,19170.0,10938.0
GE-0001757,G07,Gestor 07,2025-11,KB-102374,Retail,Préstamo personal,Montevideo,1-30,Llamada,True,62.4,-0.153,ansiedad,4,Pago,34610.0,28829.0
GE-0001758,G07,Gestor 07,2025-11,KB-101115,Pyme,Tarjeta de crédito,Soriano,1-30,Llamada,True,59.4,0.338,intencion_pago,5,Sin acuerdo,74310.0,0.0
GE-0001759,G07,Gestor 07,2025-11,KB-109939,Retail,Microcrédito,Maldonado,1-30,WhatsApp,True,65.4,-0.087,objecion,2,Sin acuerdo,22320.0,0.0
GE-0001760,G07,Gestor 07,2025-11,KB-103609,Retail,Crédito automotor,Rocha,1-30,WhatsApp,True,64.1,0.237,neutro,3,Sin acuerdo,11310.0,0.0
GE-0001761,G07,Gestor 07,2025-11,KB-107791,Retail,Financiación retail,Treinta y Tres,91-180,Llamada,True,53.9,-0.56,enojo,2,No contacto,68030.0,0.0
GE-0001762,G07,Gestor 07,2025-11,KB-107106,Retail,Tarjeta de crédito,Artigas,31-60,Llamada,True,80.0,-0.04,ansiedad,4,Pago,27490.0,23029.0
GE-0001763,G07,Gestor 07,2025-11,KB-108049,Pyme,Préstamo personal,Florida,91-180,Llamada,True,68.5,-0.235,dificultad_economica,5,Sin acuerdo,44640.0,0.0
GE-0001764,G07,Gestor 07,2025-11,KB-110556,Pyme,Tarjeta de crédito,Tacuarembó,1-30,Llamada,True,58.8,-0.046,objecion,2,Pago,92090.0,88552.0
GE-0001765,G07,Gestor 07,2025-11,KB-100936,Retail,Tarjeta de crédito,Montevideo,91-180,WhatsApp,True,63.7,-0.523,frustracion,4,No contacto,31310.0,0.0
GE-0001766,G07,Gestor 07,2025-11,KB-106898,Pyme,Microcrédito,Montevideo,1-30,WhatsApp,True,66.1,0.586,intencion_pago,4,Pago,175770.0,165725.0
GE-0001767,G07,Gestor 07,2025-11,KB-110219,Retail,Préstamo personal,Montevideo,1-30,Llamada,True,64.0,0.204,neutro,3,Promesa,24850.0,12357.0
GE-0001768,G07,Gestor 07,2025-11,KB-111915,Corporativo,Préstamo personal,Montevideo,91-180,WhatsApp,True,64.2,-0.141,dificultad_economica,5,Sin acuerdo,732160.0,0.0
GE-0001769,G07,Gestor 07,2025-11,KB-102316,Corporativo,Microcrédito,Canelones,91-180,Llamada,True,59.9,-0.271,dificultad_economica,2,Sin acuerdo,637000.0,0.0
GE-0001770,G07,Gestor 07,2025-11,KB-106718,Pyme,Financiación retail,Montevideo,91-180,WhatsApp,True,61.4,0.031,objecion,4,Sin acuerdo,44560.0,0.0
GE-0001771,G07,Gestor 07,2025-11,KB-109821,Pyme,Crédito automotor,Montevideo,61-90,WhatsApp,True,55.5,-0.281,objecion,3,Sin acuerdo,31080.0,0.0
GE-0001772,G07,Gestor 07,2025-11,KB-101534,Pyme,Préstamo personal,Maldonado,91-180,WhatsApp,True,60.5,-0.287,frustracion,2,Promesa,248080.0,122181.0
GE-0001773,G07,Gestor 07,2025-11,KB-100395,Pyme,Tarjeta de crédito,Montevideo,180+,WhatsApp,True,58.6,-0.393,dificultad_economica,4,No contacto,59900.0,0.0
GE-0001774,G07,Gestor 07,2025-11,KB-104461,Retail,Préstamo personal,Paysandú,31-60,WhatsApp,True,61.8,-0.081,neutro,4,Pago,31610.0,21936.0
GE-0001775,G07,Gestor 07,2025-11,KB-103377,Pyme,Préstamo personal,Canelones,31-60,Llamada,True,60.2,-0.277,objecion,3,Promesa,115310.0,65772.0
GE-0001776,G07,Gestor 07,2025-11,KB-107832,Retail,Préstamo personal,Trinidad,31-60,Llamada,True,61.9,0.579,intencion_pago,4,Pago,16720.0,16286.0
GE-0001777,G07,Gestor 07,2025-11,KB-108309,Retail,Tarjeta de crédito,Canelones,1-30,Llamada,True,73.7,-0.233,ansiedad,3,Sin acuerdo,22280.0,0.0
GE-0001778,G07,Gestor 07,2025-11,KB-110055,Pyme,Tarjeta de crédito,Maldonado,91-180,WhatsApp,True,49.0,-0.5,enojo,3,No contacto,252870.0,0.0
GE-0001779,G07,Gestor 07,2025-11,KB-107870,Retail,Microcrédito,Montevideo,31-60,Llamada,True,65.5,0.131,neutro,4,Promesa,31820.0,16947.0
GE-0001780,G07,Gestor 07,2025-11,KB-105286,Retail,Microcrédito,Montevideo,180+,WhatsApp,True,64.9,-0.587,enojo,4,No contacto,43670.0,0.0
GE-0001781,G07,Gestor 07,2025-11,KB-100428,Corporativo,Microcrédito,San José,91-180,Llamada,True,66.6,-0.598,enojo,2,Promesa,608260.0,357360.0
GE-0001782,G07,Gestor 07,2025-11,KB-107923,Retail,Préstamo personal,San José,91-180,Llamada,True,67.2,-0.413,dificultad_economica,2,Promesa,7660.0,2819.0
GE-0001783,G07,Gestor 07,2025-11,KB-110410,Retail,Microcrédito,San José,1-30,Llamada,True,58.5,0.623,intencion_pago,4,Pago,14880.0,14694.0
GE-0001784,G07,Gestor 07,2025-11,KB-109652,Retail,Crédito automotor,Montevideo,61-90,Llamada,True,70.9,-0.389,dificultad_economica,5,No contacto,14610.0,0.0
GE-0001785,G07,Gestor 07,2025-11,KB-111235,Retail,Tarjeta de crédito,Salto,1-30,Llamada,True,61.3,-0.092,objecion,2,Pago,16060.0,14662.0
GE-0001786,G07,Gestor 07,2025-11,KB-104985,Retail,Financiación retail,San José,61-90,Llamada,True,69.9,0.129,neutro,5,Promesa,22150.0,7950.0
GE-0001787,G07,Gestor 07,2025-11,KB-107766,Pyme,Préstamo personal,Montevideo,91-180,WhatsApp,True,65.4,-0.235,dificultad_economica,3,Promesa,79000.0,34629.0
GE-0001788,G07,Gestor 07,2025-11,KB-106303,Pyme,Tarjeta de crédito,Montevideo,31-60,Llamada,True,44.6,0.378,intencion_pago,2,Sin acuerdo,109690.0,0.0
GE-0001789,G07,Gestor 07,2025-11,KB-102917,Pyme,Préstamo personal,Paysandú,31-60,WhatsApp,True,67.4,-0.003,objecion,4,No contacto,47620.0,0.0
GE-0001790,G07,Gestor 07,2025-11,KB-102044,Retail,Préstamo personal,Montevideo,61-90,WhatsApp,True,70.8,0.034,neutro,4,Promesa,72420.0,27147.0
GE-0001791,G07,Gestor 07,2025-11,KB-106377,Pyme,Préstamo personal,Salto,91-180,WhatsApp,True,77.9,-0.393,frustracion,3,Promesa,510600.0,246381.0
GE-0001792,G07,Gestor 07,2025-11,KB-106499,Retail,Tarjeta de crédito,Montevideo,61-90,WhatsApp,True,61.2,-0.182,ansiedad,3,Promesa,6340.0,3614.0
GE-0001793,G07,Gestor 07,2025-11,KB-105933,Retail,Tarjeta de crédito,Maldonado,91-180,Llamada,True,60.2,-0.345,dificultad_economica,5,Promesa,15960.0,8432.0
GE-0001794,G07,Gestor 07,2025-11,KB-101109,Retail,Tarjeta de crédito,Montevideo,31-60,WhatsApp,True,58.8,-0.581,frustracion,2,No contacto,12130.0,0.0
GE-0001795,G07,Gestor 07,2025-11,KB-108005,Retail,Cuenta corriente,Rivera,91-180,WhatsApp,True,73.2,-0.448,enojo,5,Promesa,117780.0,59932.0
GE-0001796,G08,Gestor 08,2025-11,KB-103842,Retail,Tarjeta de crédito,Treinta y Tres,91-180,Llamada,True,60.1,0.021,ansiedad,2,Promesa,21890.0,12494.0
GE-0001797,G08,Gestor 08,2025-11,KB-103184,Retail,Cuenta corriente,Paysandú,61-90,Llamada,True,67.1,-0.129,objecion,1,Promesa,14100.0,6693.0
GE-0001798,G08,Gestor 08,2025-11,KB-108142,Pyme,Préstamo personal,Maldonado,91-180,Llamada,True,58.6,-0.17,objecion,4,Promesa,56460.0,24188.0
GE-0001799,G08,Gestor 08,2025-11,KB-107873,Retail,Préstamo personal,Montevideo,1-30,WhatsApp,True,60.4,-0.043,objecion,2,Pago,19800.0,17712.0
GE-0001800,G08,Gestor 08,2025-11,KB-109935,Pyme,Cuenta corriente,Montevideo,91-180,Llamada,True,68.4,-0.174,objecion,3,Promesa,75430.0,28158.0
GE-0001801,G08,Gestor 08,2025-11,KB-110005,Retail,Crédito automotor,Soriano,31-60,Llamada,True,58.2,-0.245,objecion,1,No contacto,19340.0,0.0
GE-0001802,G08,Gestor 08,2025-11,KB-103368,Pyme,Microcrédito,Montevideo,31-60,Llamada,True,58.1,0.106,objecion,2,Pago,230970.0,198119.0
GE-0001803,G08,Gestor 08,2025-11,KB-101308,Retail,Tarjeta de crédito,Montevideo,1-30,WhatsApp,True,48.7,0.416,intencion_pago,2,Sin acuerdo,15930.0,0.0
GE-0001804,G08,Gestor 08,2025-11,KB-108750,Retail,Tarjeta de crédito,Colonia,1-30,WhatsApp,True,56.5,-0.249,objecion,1,Pago,22990.0,22333.0
GE-0001805,G08,Gestor 08,2025-11,KB-107614,Retail,Tarjeta de crédito,Río Negro,91-180,WhatsApp,True,56.5,-0.425,frustracion,2,No contacto,43700.0,0.0
GE-0001806,G08,Gestor 08,2025-11,KB-101038,Retail,Financiación retail,Maldonado,31-60,WhatsApp,True,64.6,-0.692,enojo,3,Promesa,61880.0,32272.0
GE-0001807,G08,Gestor 08,2025-11,KB-104584,Pyme,Microcrédito,Montevideo,31-60,Llamada,True,62.0,0.127,neutro,3,Sin acuerdo,122780.0,0.0
GE-0001808,G08,Gestor 08,2025-11,KB-103869,Retail,Financiación retail,Montevideo,31-60,Llamada,True,64.5,0.6,intencion_pago,4,Sin acuerdo,71860.0,0.0
GE-0001809,G08,Gestor 08,2025-11,KB-102246,Pyme,Cuenta corriente,Florida,61-90,Llamada,True,60.5,-0.657,enojo,2,No contacto,221610.0,0.0
GE-0001810,G08,Gestor 08,2025-11,KB-111848,Corporativo,Cuenta corriente,Canelones,31-60,Llamada,True,49.5,0.019,objecion,1,Promesa,412830.0,210243.0
GE-0001811,G08,Gestor 08,2025-11,KB-111671,Retail,Crédito automotor,Montevideo,31-60,WhatsApp,True,56.0,-0.16,objecion,3,Promesa,51200.0,19835.0
GE-0001812,G08,Gestor 08,2025-11,KB-110964,Corporativo,Tarjeta de crédito,Montevideo,91-180,Llamada,True,59.7,-0.078,dificultad_economica,2,Promesa,613480.0,295595.0
GE-0001813,G08,Gestor 08,2025-11,KB-100863,Retail,Financiación retail,Paysandú,61-90,Llamada,True,50.9,-0.142,objecion,2,Pago,24870.0,19272.0
GE-0001814,G08,Gestor 08,2025-11,KB-111012,Retail,Tarjeta de crédito,San José,61-90,Llamada,True,55.4,-0.154,objecion,2,Promesa,28530.0,15753.0
GE-0001815,G08,Gestor 08,2025-11,KB-105940,Pyme,Crédito automotor,Canelones,1-30,WhatsApp,True,61.1,0.038,neutro,5,Pago,33700.0,31388.0
GE-0001816,G08,Gestor 08,2025-11,KB-109804,Pyme,Préstamo personal,Montevideo,91-180,WhatsApp,True,51.8,0.136,neutro,2,Sin acuerdo,114360.0,0.0
GE-0001817,G08,Gestor 08,2025-11,KB-103764,Pyme,Microcrédito,Montevideo,91-180,Llamada,True,59.1,-0.042,objecion,2,No contacto,53970.0,0.0
GE-0001818,G08,Gestor 08,2025-11,KB-101560,Retail,Crédito automotor,Montevideo,91-180,Llamada,True,69.9,-0.608,enojo,2,Sin acuerdo,29640.0,0.0
GE-0001819,G08,Gestor 08,2025-11,KB-111102,Pyme,Préstamo personal,Tacuarembó,180+,WhatsApp,True,39.7,-0.462,dificultad_economica,3,Pago,230060.0,203498.0
GE-0001820,G08,Gestor 08,2025-11,KB-109301,Pyme,Tarjeta de crédito,Montevideo,91-180,WhatsApp,True,55.5,-0.244,frustracion,2,Sin acuerdo,257690.0,0.0
GE-0001821,G08,Gestor 08,2025-11,KB-111778,Retail,Crédito automotor,Montevideo,91-180,WhatsApp,True,47.3,-0.339,dificultad_economica,4,Promesa,9250.0,5464.0
GE-0001822,G08,Gestor 08,2025-11,KB-104886,Pyme,Préstamo personal,Montevideo,61-90,Llamada,True,58.6,-0.113,neutro,4,Sin acuerdo,75200.0,0.0
GE-0001823,G08,Gestor 08,2025-11,KB-104873,Retail,Crédito automotor,Cerro Largo,31-60,Llamada,True,61.1,0.098,neutro,3,Sin acuerdo,36880.0,0.0
GE-0001824,G08,Gestor 08,2025-11,KB-109456,Retail,Tarjeta de crédito,Rivera,1-30,WhatsApp,True,68.7,0.41,intencion_pago,4,Pago,33850.0,31221.0
GE-0001825,G08,Gestor 08,2025-11,KB-104122,Corporativo,Préstamo personal,Río Negro,180+,Llamada,True,44.2,-0.537,dificultad_economica,2,Pago,152270.0,135878.0
GE-0001826,G08,Gestor 08,2025-11,KB-107752,Corporativo,Préstamo personal,Montevideo,61-90,WhatsApp,True,56.3,-0.429,enojo,3,Sin acuerdo,753090.0,0.0
GE-0001827,G08,Gestor 08,2025-11,KB-102822,Retail,Cuenta corriente,Montevideo,1-30,Llamada,True,71.6,0.448,intencion_pago,3,Pago,28560.0,24965.0
GE-0001828,G08,Gestor 08,2025-11,KB-105207,Retail,Tarjeta de crédito,San José,1-30,WhatsApp,True,45.5,0.594,intencion_pago,2,Pago,13240.0,10898.0
GE-0001829,G08,Gestor 08,2025-11,KB-107310,Retail,Tarjeta de crédito,Maldonado,61-90,Llamada,True,76.9,-0.084,dificultad_economica,3,No contacto,66030.0,0.0
GE-0001830,G08,Gestor 08,2025-11,KB-102684,Retail,Préstamo personal,San José,31-60,WhatsApp,True,53.0,0.571,intencion_pago,2,Pago,17960.0,15176.0
GE-0001831,G08,Gestor 08,2025-11,KB-108852,Retail,Crédito automotor,Maldonado,31-60,WhatsApp,True,52.6,-0.128,objecion,2,No contacto,25100.0,0.0
GE-0001832,G08,Gestor 08,2025-11,KB-109786,Pyme,Cuenta corriente,Montevideo,31-60,WhatsApp,True,62.1,-0.021,objecion,4,Promesa,119030.0,54959.0
GE-0001833,G08,Gestor 08,2025-11,KB-109938,Retail,Tarjeta de crédito,Soriano,31-60,Llamada,True,68.9,0.06,objecion,4,Pago,27410.0,24342.0
GE-0001834,G08,Gestor 08,2025-11,KB-105737,Pyme,Financiación retail,Montevideo,1-30,Llamada,True,51.3,-0.068,objecion,3,No contacto,132980.0,0.0
GE-0001835,G08,Gestor 08,2025-11,KB-111863,Retail,Microcrédito,Montevideo,180+,Llamada,True,60.5,-0.31,frustracion,2,No contacto,37310.0,0.0
GE-0001836,G08,Gestor 08,2025-11,KB-107503,Pyme,Microcrédito,Florida,1-30,WhatsApp,True,45.2,0.365,intencion_pago,3,Pago,174060.0,148468.0
GE-0001837,G08,Gestor 08,2025-11,KB-106160,Pyme,Préstamo personal,Montevideo,31-60,WhatsApp,True,77.3,0.028,objecion,2,Pago,921640.0,792439.0
GE-0001838,G08,Gestor 08,2025-11,KB-111353,Corporativo,Tarjeta de crédito,Montevideo,91-180,Llamada,True,58.7,-0.598,enojo,4,No contacto,849010.0,0.0
GE-0001839,G08,Gestor 08,2025-11,KB-107449,Corporativo,Cuenta corriente,Tacuarembó,61-90,Llamada,True,68.2,0.132,objecion,3,Promesa,637650.0,253229.0
GE-0001840,G08,Gestor 08,2025-11,KB-103162,Retail,Microcrédito,Canelones,91-180,Llamada,True,59.7,-0.424,frustracion,2,Promesa,113910.0,54516.0
GE-0001841,G09,Gestor 09,2025-11,KB-109208,Pyme,Préstamo personal,Montevideo,180+,Llamada,True,59.9,-0.379,dificultad_economica,5,Pago,54420.0,32893.0
GE-0001842,G09,Gestor 09,2025-11,KB-104252,Retail,Tarjeta de crédito,Montevideo,1-30,WhatsApp,True,70.1,0.15,objecion,5,Promesa,38940.0,20853.0
GE-0001843,G09,Gestor 09,2025-11,KB-111942,Pyme,Tarjeta de crédito,Rivera,1-30,WhatsApp,True,45.2,0.501,intencion_pago,2,Promesa,148690.0,76985.0
GE-0001844,G09,Gestor 09,2025-11,KB-100409,Retail,Cuenta corriente,Canelones,91-180,WhatsApp,True,53.8,-0.106,dificultad_economica,3,Sin acuerdo,32010.0,0.0
GE-0001845,G09,Gestor 09,2025-11,KB-108113,Pyme,Préstamo personal,Montevideo,61-90,Llamada,True,67.0,-0.249,objecion,4,Pago,68160.0,50196.0
GE-0001846,G09,Gestor 09,2025-11,KB-105040,Retail,Crédito automotor,Soriano,91-180,Llamada,True,75.0,-0.353,frustracion,4,No contacto,51530.0,0.0
GE-0001847,G09,Gestor 09,2025-11,KB-103225,Pyme,Préstamo personal,Montevideo,91-180,Llamada,True,64.0,-0.254,dificultad_economica,2,Sin acuerdo,118260.0,0.0
GE-0001848,G09,Gestor 09,2025-11,KB-111160,Pyme,Tarjeta de crédito,Montevideo,180+,Llamada,True,55.1,-0.374,frustracion,4,Promesa,70640.0,22396.0
GE-0001849,G09,Gestor 09,2025-11,KB-105027,Retail,Préstamo personal,Treinta y Tres,180+,Llamada,True,74.3,-0.525,enojo,4,Promesa,85880.0,27240.0
GE-0001850,G09,Gestor 09,2025-11,KB-102817,Retail,Tarjeta de crédito,Montevideo,31-60,Llamada,True,70.8,-0.001,neutro,5,Pago,44540.0,39931.0
GE-0001851,G09,Gestor 09,2025-11,KB-108498,Retail,Crédito automotor,San José,180+,WhatsApp,True,73.2,-0.165,frustracion,5,Promesa,15780.0,5149.0
GE-0001852,G09,Gestor 09,2025-11,KB-108200,Pyme,Cuenta corriente,Montevideo,1-30,Llamada,True,68.1,0.001,neutro,5,Sin acuerdo,93460.0,0.0
GE-0001853,G09,Gestor 09,2025-11,KB-102135,Retail,Tarjeta de crédito,Canelones,1-30,WhatsApp,True,60.9,-0.073,neutro,3,No contacto,23440.0,0.0
GE-0001854,G09,Gestor 09,2025-11,KB-105517,Pyme,Financiación retail,Montevideo,91-180,WhatsApp,True,57.5,-0.313,dificultad_economica,3,Promesa,230370.0,75019.0
GE-0001855,G09,Gestor 09,2025-11,KB-104065,Retail,Tarjeta de crédito,Artigas,1-30,Llamada,True,50.6,0.023,neutro,4,Promesa,31280.0,13178.0
GE-0001856,G09,Gestor 09,2025-11,KB-104189,Pyme,Tarjeta de crédito,Montevideo,1-30,Llamada,True,62.9,-0.11,neutro,4,Promesa,134120.0,68812.0
GE-0001857,G09,Gestor 09,2025-11,KB-109717,Pyme,Tarjeta de crédito,Cerro Largo,1-30,Llamada,True,86.1,0.527,intencion_pago,5,Pago,39830.0,32005.0
GE-0001858,G09,Gestor 09,2025-11,KB-108103,Corporativo,Crédito automotor,Montevideo,91-180,WhatsApp,True,78.7,0.035,objecion,4,Promesa,1378690.0,739997.0
GE-0001859,G09,Gestor 09,2025-11,KB-101659,Retail,Tarjeta de crédito,San José,61-90,Llamada,True,64.3,0.212,objecion,3,Pago,17470.0,12389.0
GE-0001860,G09,Gestor 09,2025-11,KB-102207,Retail,Financiación retail,Canelones,1-30,WhatsApp,True,65.6,0.477,intencion_pago,2,Promesa,20320.0,11229.0
GE-0001861,G09,Gestor 09,2025-11,KB-111776,Pyme,Préstamo personal,Montevideo,1-30,WhatsApp,True,56.7,0.18,neutro,2,Promesa,126210.0,68261.0
GE-0001862,G09,Gestor 09,2025-11,KB-110287,Retail,Préstamo personal,Montevideo,180+,Llamada,True,61.3,-0.458,frustracion,3,No contacto,9720.0,0.0
GE-0001863,G09,Gestor 09,2025-11,KB-105840,Pyme,Financiación retail,Montevideo,31-60,Llamada,True,76.6,-0.007,ansiedad,4,Pago,329470.0,283001.0
GE-0001864,G09,Gestor 09,2025-11,KB-107020,Pyme,Tarjeta de crédito,Montevideo,91-180,WhatsApp,True,66.5,-0.193,dificultad_economica,3,Sin acuerdo,56780.0,0.0
GE-0001865,G09,Gestor 09,2025-11,KB-101465,Retail,Préstamo personal,Montevideo,31-60,Llamada,True,68.9,0.444,intencion_pago,3,Pago,19380.0,16050.0
GE-0001866,G09,Gestor 09,2025-11,KB-100733,Retail,Préstamo personal,Canelones,91-180,WhatsApp,True,66.0,-0.13,objecion,4,Pago,76570.0,58941.0
GE-0001867,G09,Gestor 09,2025-11,KB-102589,Pyme,Préstamo personal,Colonia,1-30,Llamada,True,59.4,0.503,intencion_pago,3,Promesa,120580.0,63782.0
GE-0001868,G09,Gestor 09,2025-11,KB-105603,Retail,Préstamo personal,Canelones,91-180,Llamada,True,65.6,-0.571,frustracion,2,Promesa,29990.0,16751.0
GE-0001869,G09,Gestor 09,2025-11,KB-108945,Pyme,Tarjeta de crédito,Trinidad,31-60,WhatsApp,True,59.1,-0.37,ansiedad,3,No contacto,109260.0,0.0
GE-0001870,G09,Gestor 09,2025-11,KB-105619,Pyme,Préstamo personal,Montevideo,1-30,WhatsApp,True,58.9,0.546,intencion_pago,5,Promesa,79610.0,36862.0
GE-0001871,G09,Gestor 09,2025-11,KB-104184,Retail,Tarjeta de crédito,Montevideo,31-60,WhatsApp,True,50.8,-0.165,neutro,2,Pago,17840.0,12993.0
GE-0001872,G09,Gestor 09,2025-11,KB-104302,Retail,Tarjeta de crédito,Flores,1-30,WhatsApp,True,57.8,-0.604,frustracion,3,No contacto,86510.0,0.0
GE-0001873,G09,Gestor 09,2025-11,KB-110329,Corporativo,Tarjeta de crédito,Maldonado,31-60,WhatsApp,True,79.5,0.582,intencion_pago,7,Pago,1008850.0,685561.0
GE-0001874,G09,Gestor 09,2025-11,KB-103731,Pyme,Préstamo personal,Montevideo,91-180,WhatsApp,True,49.6,-0.514,dificultad_economica,3,Pago,44840.0,28056.0
GE-0001875,G09,Gestor 09,2025-11,KB-111741,Pyme,Crédito automotor,Montevideo,180+,Llamada,True,70.6,-0.008,objecion,4,Promesa,114220.0,35315.0
GE-0001876,G09,Gestor 09,2025-11,KB-102299,Retail,Tarjeta de crédito,Río Negro,61-90,Llamada,True,62.3,-0.218,frustracion,3,Promesa,35590.0,17034.0
GE-0001877,G09,Gestor 09,2025-11,KB-101885,Pyme,Préstamo personal,Tacuarembó,31-60,Llamada,True,64.5,0.49,intencion_pago,3,Sin acuerdo,189760.0,0.0
GE-0001878,G09,Gestor 09,2025-11,KB-111416,Retail,Tarjeta de crédito,Río Negro,91-180,Llamada,True,55.7,-0.335,neutro,2,No contacto,72090.0,0.0
GE-0001879,G09,Gestor 09,2025-11,KB-105827,Retail,Crédito automotor,Canelones,180+,Llamada,True,71.5,-0.61,enojo,4,Sin acuerdo,29550.0,0.0
GE-0001880,G09,Gestor 09,2025-11,KB-102610,Retail,Préstamo personal,Canelones,31-60,Llamada,True,62.6,0.012,neutro,2,Sin acuerdo,20200.0,0.0
GE-0001881,G09,Gestor 09,2025-11,KB-102846,Retail,Financiación retail,Rocha,1-30,WhatsApp,True,64.3,0.613,intencion_pago,4,Pago,28320.0,24672.0
GE-0001882,G09,Gestor 09,2025-11,KB-105691,Retail,Microcrédito,Montevideo,180+,Llamada,True,66.9,-0.101,objecion,2,Promesa,29610.0,15381.0
GE-0001883,G09,Gestor 09,2025-11,KB-106849,Corporativo,Tarjeta de crédito,Colonia,61-90,WhatsApp,True,76.0,-0.307,dificultad_economica,3,No contacto,992040.0,0.0
GE-0001884,G09,Gestor 09,2025-11,KB-100764,Corporativo,Préstamo personal,Colonia,61-90,WhatsApp,True,46.1,-0.332,dificultad_economica,3,Pago,901330.0,651165.0
GE-0001885,G09,Gestor 09,2025-11,KB-105158,Pyme,Financiación retail,Florida,31-60,Llamada,True,49.7,0.011,neutro,0,Sin acuerdo,87110.0,0.0
GE-0001886,G09,Gestor 09,2025-11,KB-110839,Retail,Tarjeta de crédito,Colonia,31-60,Llamada,True,59.4,-0.072,neutro,1,Sin acuerdo,40400.0,0.0
GE-0001887,G09,Gestor 09,2025-11,KB-109548,Pyme,Tarjeta de crédito,Montevideo,31-60,Llamada,True,50.8,0.419,intencion_pago,2,No contacto,32800.0,0.0
GE-0001888,G09,Gestor 09,2025-11,KB-109491,Retail,Préstamo personal,Maldonado,1-30,WhatsApp,True,52.0,0.363,intencion_pago,2,Promesa,20840.0,12015.0
GE-0001889,G10,Gestor 10,2025-11,KB-106143,Retail,Tarjeta de crédito,Montevideo,180+,WhatsApp,True,60.9,-0.809,enojo,3,No contacto,29810.0,0.0
GE-0001890,G10,Gestor 10,2025-11,KB-105336,Retail,Financiación retail,Montevideo,31-60,WhatsApp,True,54.2,-0.102,objecion,4,Sin acuerdo,22640.0,0.0
GE-0001891,G10,Gestor 10,2025-11,KB-101993,Retail,Financiación retail,Montevideo,1-30,Llamada,True,64.9,-0.369,ansiedad,1,Promesa,20010.0,10894.0
GE-0001892,G10,Gestor 10,2025-11,KB-109371,Retail,Tarjeta de crédito,Montevideo,91-180,Llamada,True,63.7,-0.663,enojo,3,Sin acuerdo,5210.0,0.0
GE-0001893,G10,Gestor 10,2025-11,KB-111838,Pyme,Préstamo personal,Montevideo,1-30,WhatsApp,True,71.8,0.149,neutro,5,Pago,49810.0,43797.0
GE-0001894,G10,Gestor 10,2025-11,KB-100543,Pyme,Crédito automotor,Salto,1-30,WhatsApp,True,57.3,-0.135,objecion,2,Sin acuerdo,100110.0,0.0
GE-0001895,G10,Gestor 10,2025-11,KB-100641,Retail,Crédito automotor,Montevideo,31-60,Llamada,True,69.7,-0.323,enojo,2,Sin acuerdo,3000.0,0.0
GE-0001896,G10,Gestor 10,2025-11,KB-101032,Corporativo,Préstamo personal,Paysandú,31-60,Llamada,True,68.8,0.515,intencion_pago,3,Promesa,2474980.0,1268298.0
GE-0001897,G10,Gestor 10,2025-11,KB-109365,Corporativo,Microcrédito,Florida,1-30,WhatsApp,True,64.7,0.121,neutro,1,Promesa,499240.0,209256.0
GE-0001898,G10,Gestor 10,2025-11,KB-106541,Retail,Financiación retail,Colonia,61-90,WhatsApp,True,55.3,-0.256,objecion,4,Promesa,55310.0,28676.0
GE-0001899,G10,Gestor 10,2025-11,KB-111831,Retail,Crédito automotor,Canelones,91-180,WhatsApp,True,53.2,-0.794,enojo,3,No contacto,81570.0,0.0
GE-0001900,G10,Gestor 10,2025-11,KB-111373,Pyme,Préstamo personal,Salto,31-60,WhatsApp,True,55.7,0.262,intencion_pago,2,Promesa,135650.0,54321.0
GE-0001901,G10,Gestor 10,2025-11,KB-107548,Retail,Tarjeta de crédito,Canelones,61-90,Llamada,True,59.9,-0.341,dificultad_economica,2,Promesa,10880.0,6324.0
GE-0001902,G10,Gestor 10,2025-11,KB-106499,Retail,Tarjeta de crédito,Montevideo,61-90,Llamada,True,64.1,0.027,objecion,3,Pago,6340.0,6086.0
GE-0001903,G10,Gestor 10,2025-11,KB-111078,Pyme,Préstamo personal,San José,61-90,WhatsApp,True,50.5,-0.173,objecion,3,Pago,209060.0,208169.0
GE-0001904,G10,Gestor 10,2025-11,KB-105574,Pyme,Microcrédito,Paysandú,1-30,Llamada,True,47.3,0.031,neutro,3,No contacto,254070.0,0.0
GE-0001905,G10,Gestor 10,2025-11,KB-107154,Pyme,Microcrédito,Canelones,1-30,Llamada,True,62.6,0.478,intencion_pago,5,Promesa,56300.0,27206.0
GE-0001906,G10,Gestor 10,2025-11,KB-102056,Retail,Préstamo personal,Montevideo,31-60,Llamada,True,49.1,-0.07,objecion,2,Promesa,16090.0,5822.0
GE-0001907,G10,Gestor 10,2025-11,KB-104440,Corporativo,Microcrédito,Montevideo,61-90,WhatsApp,True,53.4,-0.462,dificultad_economica,3,Promesa,2105570.0,765333.0
GE-0001908,G10,Gestor 10,2025-11,KB-106596,Retail,Financiación retail,Canelones,180+,Llamada,True,49.1,-0.515,frustracion,1,No contacto,13600.0,0.0
GE-0001909,G10,Gestor 10,2025-11,KB-105448,Retail,Préstamo personal,Montevideo,31-60,WhatsApp,True,47.8,0.396,intencion_pago,0,Sin acuerdo,13460.0,0.0
GE-0001910,G10,Gestor 10,2025-11,KB-107504,Pyme,Tarjeta de crédito,Montevideo,31-60,Llamada,True,52.2,-0.092,neutro,3,Promesa,224280.0,101085.0
GE-0001911,G10,Gestor 10,2025-11,KB-103958,Pyme,Préstamo personal,Montevideo,91-180,Llamada,True,47.3,-0.023,objecion,2,Promesa,39980.0,21106.0
GE-0001912,G10,Gestor 10,2025-11,KB-104053,Corporativo,Préstamo personal,Canelones,31-60,WhatsApp,True,59.4,-0.676,enojo,2,Promesa,1658790.0,774887.0
GE-0001913,G10,Gestor 10,2025-11,KB-107885,Retail,Préstamo personal,Maldonado,1-30,Llamada,True,62.0,-0.052,neutro,3,Promesa,21470.0,10248.0
GE-0001914,G10,Gestor 10,2025-11,KB-101972,Pyme,Crédito automotor,Cerro Largo,180+,WhatsApp,True,57.4,-0.358,frustracion,3,Promesa,127040.0,45627.0
GE-0001915,G10,Gestor 10,2025-11,KB-102339,Retail,Cuenta corriente,Montevideo,61-90,Llamada,True,66.8,-0.118,neutro,4,Promesa,16670.0,7861.0
GE-0001916,G10,Gestor 10,2025-11,KB-105894,Retail,Cuenta corriente,Cerro Largo,1-30,WhatsApp,True,49.1,-0.39,objecion,2,Pago,44760.0,41646.0
GE-0001917,G10,Gestor 10,2025-11,KB-108951,Pyme,Crédito automotor,Soriano,1-30,WhatsApp,True,62.7,0.697,intencion_pago,2,Pago,133510.0,83555.0
GE-0001918,G10,Gestor 10,2025-11,KB-107458,Retail,Microcrédito,Montevideo,31-60,Llamada,True,51.2,-0.305,ansiedad,3,No contacto,12490.0,0.0
GE-0001919,G10,Gestor 10,2025-11,KB-106481,Retail,Préstamo personal,Tacuarembó,91-180,Llamada,True,55.0,-0.33,dificultad_economica,4,Promesa,100870.0,38091.0
GE-0001920,G10,Gestor 10,2025-11,KB-105178,Retail,Cuenta corriente,Canelones,31-60,Llamada,True,64.6,0.13,neutro,1,Pago,63680.0,53416.0
GE-0001921,G10,Gestor 10,2025-11,KB-103419,Pyme,Financiación retail,Canelones,61-90,Llamada,True,48.2,-0.374,frustracion,2,No contacto,143700.0,0.0
GE-0001922,G10,Gestor 10,2025-11,KB-100060,Corporativo,Cuenta corriente,Artigas,91-180,WhatsApp,True,74.9,-0.321,dificultad_economica,3,Pago,1150760.0,1088180.0
GE-0001923,G10,Gestor 10,2025-11,KB-111142,Retail,Tarjeta de crédito,San José,1-30,Llamada,True,53.3,0.086,neutro,2,Pago,45080.0,35316.0
GE-0001924,G10,Gestor 10,2025-11,KB-101366,Pyme,Financiación retail,Canelones,1-30,WhatsApp,True,58.4,-0.622,frustracion,2,No contacto,140270.0,0.0
GE-0001925,G10,Gestor 10,2025-11,KB-108126,Retail,Microcrédito,Paysandú,91-180,Llamada,True,49.5,-0.208,objecion,4,Promesa,26330.0,10821.0
GE-0001926,G11,Gestor 11,2025-11,KB-110660,Pyme,Tarjeta de crédito,Montevideo,91-180,WhatsApp,True,74.8,-0.192,dificultad_economica,4,No contacto,42140.0,0.0
GE-0001927,G11,Gestor 11,2025-11,KB-108496,Retail,Financiación retail,Montevideo,91-180,Llamada,True,68.1,-0.155,objecion,4,No contacto,14110.0,0.0
GE-0001928,G11,Gestor 11,2025-11,KB-101290,Retail,Crédito automotor,Salto,180+,Llamada,True,79.5,-0.142,dificultad_economica,5,Pago,40490.0,24981.0
GE-0001929,G11,Gestor 11,2025-11,KB-100427,Retail,Tarjeta de crédito,Canelones,61-90,Llamada,True,72.7,0.086,objecion,4,Pago,9180.0,6962.0
GE-0001930,G11,Gestor 11,2025-11,KB-108864,Retail,Préstamo personal,Canelones,1-30,Llamada,True,76.6,0.191,neutro,4,Pago,15660.0,14762.0
GE-0001931,G11,Gestor 11,2025-11,KB-101957,Pyme,Financiación retail,Salto,31-60,Llamada,True,76.4,0.227,neutro,3,Pago,150530.0,140246.0
GE-0001932,G11,Gestor 11,2025-11,KB-108945,Pyme,Tarjeta de crédito,Trinidad,31-60,Llamada,True,87.2,0.059,objecion,4,Promesa,109260.0,42939.0
GE-0001933,G11,Gestor 11,2025-11,KB-108678,Retail,Préstamo personal,Paysandú,180+,Llamada,True,81.3,-0.339,enojo,4,Sin acuerdo,37800.0,0.0
GE-0001934,G11,Gestor 11,2025-11,KB-109602,Retail,Préstamo personal,Canelones,61-90,Llamada,True,70.4,-0.118,dificultad_economica,5,Pago,47420.0,37566.0
GE-0001935,G11,Gestor 11,2025-11,KB-107562,Retail,Tarjeta de crédito,Montevideo,91-180,Llamada,True,77.6,-0.379,frustracion,5,Sin acuerdo,76450.0,0.0
GE-0001936,G11,Gestor 11,2025-11,KB-106538,Retail,Crédito automotor,Montevideo,61-90,WhatsApp,True,91.8,0.078,neutro,4,Sin acuerdo,44970.0,0.0
GE-0001937,G11,Gestor 11,2025-11,KB-111015,Retail,Microcrédito,Montevideo,31-60,Llamada,True,84.8,-0.33,enojo,5,Promesa,39020.0,20304.0
GE-0001938,G11,Gestor 11,2025-11,KB-111667,Retail,Préstamo personal,Montevideo,1-30,Llamada,True,82.6,0.251,neutro,6,Sin acuerdo,6800.0,0.0
GE-0001939,G11,Gestor 11,2025-11,KB-100314,Retail,Tarjeta de crédito,Canelones,1-30,WhatsApp,True,80.5,0.445,intencion_pago,5,Pago,124330.0,85044.0
GE-0001940,G11,Gestor 11,2025-11,KB-105458,Corporativo,Cuenta corriente,Montevideo,61-90,Llamada,True,76.9,0.138,objecion,5,Promesa,243770.0,79348.0
GE-0001941,G11,Gestor 11,2025-11,KB-101431,Corporativo,Crédito automotor,Montevideo,91-180,WhatsApp,True,74.0,-0.108,ansiedad,4,No contacto,480720.0,0.0
GE-0001942,G11,Gestor 11,2025-11,KB-102500,Retail,Préstamo personal,Montevideo,61-90,WhatsApp,True,76.4,0.014,neutro,6,Promesa,49920.0,25517.0
GE-0001943,G11,Gestor 11,2025-11,KB-105591,Pyme,Cuenta corriente,Montevideo,61-90,Llamada,True,81.3,0.007,objecion,4,Pago,236600.0,218078.0
GE-0001944,G11,Gestor 11,2025-11,KB-108801,Pyme,Préstamo personal,Montevideo,31-60,WhatsApp,True,63.5,0.163,neutro,4,Sin acuerdo,141690.0,0.0
GE-0001945,G11,Gestor 11,2025-11,KB-103988,Retail,Financiación retail,Paysandú,91-180,Llamada,True,87.8,0.279,neutro,5,Pago,26930.0,24717.0
GE-0001946,G11,Gestor 11,2025-11,KB-102357,Retail,Préstamo personal,Artigas,1-30,WhatsApp,True,80.9,0.024,ansiedad,3,Pago,15610.0,14946.0
GE-0001947,G11,Gestor 11,2025-11,KB-101493,Retail,Préstamo personal,Canelones,61-90,WhatsApp,True,84.5,0.035,objecion,4,Promesa,9600.0,5533.0
GE-0001948,G11,Gestor 11,2025-11,KB-105064,Retail,Crédito automotor,Montevideo,31-60,Llamada,True,71.8,-0.102,objecion,3,Promesa,7340.0,4265.0
GE-0001949,G11,Gestor 11,2025-11,KB-106347,Corporativo,Financiación retail,Montevideo,1-30,WhatsApp,True,66.4,0.755,intencion_pago,2,Promesa,478920.0,263921.0
GE-0001950,G11,Gestor 11,2025-11,KB-107087,Pyme,Cuenta corriente,Montevideo,31-60,Llamada,True,85.5,0.576,intencion_pago,4,Pago,49160.0,44970.0
GE-0001951,G11,Gestor 11,2025-11,KB-108254,Corporativo,Crédito automotor,Paysandú,31-60,Llamada,True,66.2,0.659,intencion_pago,2,Pago,1131790.0,796269.0
GE-0001952,G11,Gestor 11,2025-11,KB-109020,Retail,Crédito automotor,Artigas,1-30,Llamada,True,67.5,0.007,neutro,3,Sin acuerdo,20120.0,0.0
GE-0001953,G11,Gestor 11,2025-11,KB-109689,Corporativo,Tarjeta de crédito,Maldonado,61-90,WhatsApp,True,86.0,-0.485,enojo,2,Sin acuerdo,208160.0,0.0
GE-0001954,G11,Gestor 11,2025-11,KB-101452,Retail,Tarjeta de crédito,Montevideo,31-60,WhatsApp,True,80.1,-0.598,enojo,1,Sin acuerdo,122720.0,0.0
GE-0001955,G11,Gestor 11,2025-11,KB-105253,Pyme,Tarjeta de crédito,Montevideo,31-60,WhatsApp,True,76.9,0.414,intencion_pago,3,Promesa,121170.0,49129.0
GE-0001956,G11,Gestor 11,2025-11,KB-102962,Retail,Préstamo personal,Montevideo,31-60,WhatsApp,True,73.4,-0.224,ansiedad,4,Sin acuerdo,11320.0,0.0
GE-0001957,G11,Gestor 11,2025-11,KB-106143,Retail,Tarjeta de crédito,Montevideo,180+,WhatsApp,True,78.2,-0.133,objecion,3,Promesa,29810.0,11102.0
GE-0001958,G11,Gestor 11,2025-11,KB-101251,Retail,Tarjeta de crédito,San José,91-180,Llamada,True,65.9,-0.259,dificultad_economica,3,Promesa,21140.0,9530.0
GE-0001959,G11,Gestor 11,2025-11,KB-104812,Pyme,Préstamo personal,Tacuarembó,1-30,Llamada,True,74.9,0.192,objecion,5,Sin acuerdo,19220.0,0.0
GE-0001960,G11,Gestor 11,2025-11,KB-107587,Pyme,Préstamo personal,Montevideo,180+,WhatsApp,True,75.6,-0.216,dificultad_economica,4,Pago,60030.0,40799.0
GE-0001961,G11,Gestor 11,2025-11,KB-105000,Retail,Préstamo personal,Montevideo,1-30,Llamada,True,78.4,-0.261,ansiedad,4,Pago,22690.0,17308.0
GE-0001962,G11,Gestor 11,2025-11,KB-103116,Retail,Tarjeta de crédito,Montevideo,31-60,WhatsApp,True,72.2,0.337,neutro,4,Pago,81140.0,73538.0
GE-0001963,G11,Gestor 11,2025-11,KB-100706,Retail,Préstamo personal,Montevideo,31-60,WhatsApp,True,85.7,0.541,intencion_pago,3,Promesa,25960.0,9115.0
GE-0001964,G12,Gestor 12,2025-11,KB-109828,Pyme,Financiación retail,Canelones,61-90,WhatsApp,True,67.0,0.13,objecion,2,Pago,66620.0,56015.0
GE-0001965,G12,Gestor 12,2025-11,KB-101101,Pyme,Crédito automotor,Rivera,91-180,Llamada,True,56.4,-0.398,dificultad_economica,3,No contacto,44940.0,0.0
GE-0001966,G12,Gestor 12,2025-11,KB-107910,Corporativo,Préstamo personal,Cerro Largo,31-60,Llamada,True,57.3,0.045,neutro,3,Pago,431310.0,291403.0
GE-0001967,G12,Gestor 12,2025-11,KB-111530,Retail,Préstamo personal,Montevideo,180+,Llamada,True,84.3,-0.145,dificultad_economica,3,Pago,71880.0,43558.0
GE-0001968,G12,Gestor 12,2025-11,KB-103025,Retail,Tarjeta de crédito,Rivera,31-60,WhatsApp,True,61.1,0.197,intencion_pago,3,Promesa,67700.0,37689.0
GE-0001969,G12,Gestor 12,2025-11,KB-103706,Pyme,Préstamo personal,Canelones,1-30,Llamada,True,81.1,0.577,intencion_pago,3,Pago,61950.0,57161.0
GE-0001970,G12,Gestor 12,2025-11,KB-107904,Retail,Cuenta corriente,Montevideo,31-60,Llamada,True,88.8,-0.126,frustracion,6,Pago,17450.0,13996.0
GE-0001971,G12,Gestor 12,2025-11,KB-103107,Retail,Préstamo personal,Montevideo,1-30,Llamada,True,75.3,0.619,intencion_pago,2,Sin acuerdo,9590.0,0.0
GE-0001972,G12,Gestor 12,2025-11,KB-108650,Retail,Cuenta corriente,Montevideo,180+,Llamada,True,56.0,-0.554,frustracion,3,No contacto,14010.0,0.0
GE-0001973,G12,Gestor 12,2025-11,KB-108464,Retail,Crédito automotor,Canelones,91-180,Llamada,True,61.8,-0.202,ansiedad,4,No contacto,36090.0,0.0
GE-0001974,G12,Gestor 12,2025-11,KB-106145,Retail,Financiación retail,Florida,61-90,WhatsApp,True,77.8,-0.407,frustracion,3,Pago,7000.0,5088.0
GE-0001975,G12,Gestor 12,2025-11,KB-106481,Retail,Préstamo personal,Tacuarembó,91-180,WhatsApp,True,57.8,-0.335,frustracion,2,Sin acuerdo,100870.0,0.0
GE-0001976,G12,Gestor 12,2025-11,KB-106688,Retail,Tarjeta de crédito,Tacuarembó,61-90,Llamada,True,77.4,-0.182,ansiedad,3,Promesa,21990.0,8217.0
GE-0001977,G12,Gestor 12,2025-11,KB-110462,Retail,Financiación retail,Salto,1-30,WhatsApp,True,67.9,0.243,neutro,5,Sin acuerdo,15180.0,0.0
GE-0001978,G12,Gestor 12,2025-11,KB-100139,Retail,Microcrédito,Montevideo,31-60,WhatsApp,True,70.8,0.143,neutro,2,Pago,18040.0,16933.0
GE-0001979,G12,Gestor 12,2025-11,KB-102367,Retail,Cuenta corriente,Montevideo,91-180,WhatsApp,True,62.1,-0.494,dificultad_economica,3,Sin acuerdo,24870.0,0.0
GE-0001980,G12,Gestor 12,2025-11,KB-104674,Pyme,Préstamo personal,Trinidad,61-90,WhatsApp,True,75.2,-0.527,enojo,3,Sin acuerdo,121660.0,0.0
GE-0001981,G12,Gestor 12,2025-11,KB-103296,Pyme,Préstamo personal,Montevideo,31-60,WhatsApp,True,60.3,-0.134,objecion,3,Promesa,75740.0,38378.0
GE-0001982,G12,Gestor 12,2025-11,KB-100623,Retail,Préstamo personal,Canelones,180+,Llamada,True,56.8,-0.316,dificultad_economica,5,Promesa,35700.0,13885.0
GE-0001983,G12,Gestor 12,2025-11,KB-105961,Pyme,Préstamo personal,Montevideo,31-60,Llamada,True,91.6,0.2,neutro,4,Promesa,195350.0,107093.0
GE-0001984,G12,Gestor 12,2025-11,KB-104904,Pyme,Préstamo personal,Montevideo,180+,WhatsApp,True,72.4,-0.361,frustracion,2,Sin acuerdo,115630.0,0.0
GE-0001985,G12,Gestor 12,2025-11,KB-107631,Retail,Tarjeta de crédito,Rivera,180+,WhatsApp,True,59.3,-0.664,enojo,3,Sin acuerdo,75310.0,0.0
GE-0001986,G12,Gestor 12,2025-11,KB-104336,Retail,Tarjeta de crédito,Canelones,61-90,Llamada,True,51.4,-0.155,objecion,2,Promesa,10030.0,4628.0
GE-0001987,G12,Gestor 12,2025-11,KB-106632,Retail,Préstamo personal,Paysandú,61-90,WhatsApp,True,70.5,-0.182,ansiedad,4,Sin acuerdo,46000.0,0.0
GE-0001988,G12,Gestor 12,2025-11,KB-100875,Retail,Microcrédito,Montevideo,1-30,WhatsApp,True,80.6,0.552,intencion_pago,3,Sin acuerdo,30290.0,0.0
GE-0001989,G12,Gestor 12,2025-11,KB-107737,Retail,Préstamo personal,Tacuarembó,91-180,Llamada,True,63.1,-0.466,frustracion,2,No contacto,28750.0,0.0
GE-0001990,G12,Gestor 12,2025-11,KB-107278,Pyme,Financiación retail,Montevideo,180+,Llamada,True,69.1,-0.041,objecion,4,Sin acuerdo,719790.0,0.0
GE-0001991,G12,Gestor 12,2025-11,KB-102913,Retail,Tarjeta de crédito,Montevideo,180+,WhatsApp,True,72.1,-0.232,frustracion,4,No contacto,15120.0,0.0
GE-0001992,G12,Gestor 12,2025-11,KB-100006,Retail,Tarjeta de crédito,Montevideo,1-30,Llamada,True,66.7,0.496,intencion_pago,4,Promesa,19140.0,11310.0
GE-0001993,G12,Gestor 12,2025-11,KB-109266,Retail,Microcrédito,Montevideo,91-180,WhatsApp,True,85.1,0.111,ansiedad,3,Sin acuerdo,35100.0,0.0
GE-0001994,G12,Gestor 12,2025-11,KB-105171,Retail,Préstamo personal,Rivera,61-90,Llamada,True,69.3,-0.25,objecion,5,Pago,36900.0,27215.0
GE-0001995,G12,Gestor 12,2025-11,KB-103201,Retail,Financiación retail,Montevideo,1-30,Llamada,True,77.7,0.487,intencion_pago,4,Promesa,31210.0,15123.0
GE-0001996,G12,Gestor 12,2025-11,KB-110658,Corporativo,Préstamo personal,Paysandú,91-180,Llamada,True,65.4,0.218,neutro,2,No contacto,685820.0,0.0
GE-0001997,G12,Gestor 12,2025-11,KB-108128,Retail,Microcrédito,Montevideo,91-180,Llamada,True,69.6,-0.449,frustracion,5,Promesa,16810.0,9472.0
GE-0001998,G12,Gestor 12,2025-11,KB-103369,Corporativo,Microcrédito,Montevideo,1-30,WhatsApp,True,71.6,0.627,intencion_pago,3,Pago,154550.0,129538.0
GE-0001999,G12,Gestor 12,2025-11,KB-108503,Pyme,Tarjeta de crédito,Montevideo,1-30,WhatsApp,True,66.9,0.526,intencion_pago,1,Pago,59510.0,56749.0
GE-0002000,G12,Gestor 12,2025-11,KB-106313,Retail,Financiación retail,Lavalleja,31-60,Llamada,True,69.8,0.089,neutro,3,Promesa,32220.0,17253.0
GE-0002001,G12,Gestor 12,2025-11,KB-104766,Pyme,Tarjeta de crédito,San José,1-30,WhatsApp,True,61.8,0.09,neutro,3,Promesa,143870.0,59061.0
GE-0002002,G12,Gestor 12,2025-11,KB-102013,Pyme,Crédito automotor,Canelones,31-60,Llamada,True,66.8,-0.217,ansiedad,2,Sin acuerdo,79650.0,0.0
GE-0002003,G12,Gestor 12,2025-11,KB-111284,Pyme,Tarjeta de crédito,Montevideo,1-30,Llamada,True,64.5,-0.046,neutro,1,Sin acuerdo,147490.0,0.0
GE-0002004,G12,Gestor 12,2025-11,KB-108978,Pyme,Préstamo personal,Montevideo,1-30,WhatsApp,True,70.6,-0.057,ansiedad,4,Pago,37650.0,28476.0
GE-0002005,G12,Gestor 12,2025-11,KB-100894,Retail,Financiación retail,Florida,91-180,Llamada,True,69.5,0.033,ansiedad,3,No contacto,11620.0,0.0
GE-0002006,G12,Gestor 12,2025-11,KB-106021,Corporativo,Tarjeta de crédito,Montevideo,91-180,Llamada,True,62.5,-0.138,ansiedad,3,Pago,141960.0,105348.0
GE-0002007,G12,Gestor 12,2025-11,KB-103624,Pyme,Financiación retail,Montevideo,1-30,WhatsApp,True,70.3,0.445,neutro,4,Promesa,150200.0,84722.0
GE-0002008,G12,Gestor 12,2025-11,KB-111994,Retail,Tarjeta de crédito,Canelones,61-90,WhatsApp,True,79.4,0.052,neutro,4,Promesa,60180.0,21926.0
GE-0002009,G12,Gestor 12,2025-11,KB-110825,Retail,Financiación retail,Colonia,1-30,Llamada,True,69.2,-0.126,ansiedad,4,No contacto,9320.0,0.0
GE-0002010,G01,Gestor 01,2025-12,KB-105745,Retail,Préstamo personal,Salto,91-180,Llamada,False,58.2,-0.519,enojo,1,Sin acuerdo,17110.0,0.0
GE-0002011,G01,Gestor 01,2025-12,KB-101447,Corporativo,Tarjeta de crédito,Rocha,91-180,Llamada,False,76.9,-0.203,dificultad_economica,3,Pago,198640.0,191417.0
GE-0002012,G01,Gestor 01,2025-12,KB-108057,Retail,Préstamo personal,Montevideo,61-90,Llamada,False,54.4,-0.164,objecion,3,Promesa,95080.0,55443.0
GE-0002013,G01,Gestor 01,2025-12,KB-108373,Pyme,Tarjeta de crédito,Canelones,91-180,Llamada,False,61.4,-0.059,objecion,3,Pago,106420.0,80414.0
GE-0002014,G01,Gestor 01,2025-12,KB-111077,Retail,Préstamo personal,Canelones,1-30,WhatsApp,False,53.6,0.475,intencion_pago,1,Promesa,38990.0,21280.0
GE-0002015,G01,Gestor 01,2025-12,KB-101173,Retail,Préstamo personal,Rivera,31-60,WhatsApp,False,58.7,0.159,neutro,2,Pago,39380.0,37456.0
GE-0002016,G01,Gestor 01,2025-12,KB-102755,Pyme,Préstamo personal,Salto,1-30,WhatsApp,False,67.1,-0.483,ansiedad,2,Pago,63520.0,52231.0
GE-0002017,G01,Gestor 01,2025-12,KB-104233,Pyme,Préstamo personal,San José,1-30,Llamada,False,50.4,-0.283,objecion,3,Sin acuerdo,112450.0,0.0
GE-0002018,G01,Gestor 01,2025-12,KB-104409,Retail,Financiación retail,Montevideo,180+,Llamada,False,73.3,-0.13,dificultad_economica,3,Promesa,35790.0,10749.0
GE-0002019,G01,Gestor 01,2025-12,KB-106652,Retail,Microcrédito,Montevideo,1-30,Llamada,False,55.0,0.133,neutro,4,Promesa,48510.0,27463.0
GE-0002020,G01,Gestor 01,2025-12,KB-103211,Retail,Tarjeta de crédito,Rocha,91-180,Llamada,False,48.1,-0.484,frustracion,4,Sin acuerdo,26430.0,0.0
GE-0002021,G01,Gestor 01,2025-12,KB-105138,Pyme,Préstamo personal,Salto,31-60,Llamada,False,60.2,-0.061,objecion,3,Promesa,119170.0,50430.0
GE-0002022,G01,Gestor 01,2025-12,KB-101755,Retail,Tarjeta de crédito,Salto,91-180,Llamada,False,63.3,-0.465,enojo,3,Pago,25380.0,19944.0
GE-0002023,G01,Gestor 01,2025-12,KB-107371,Retail,Tarjeta de crédito,Salto,31-60,Llamada,False,85.6,-0.329,objecion,4,Sin acuerdo,35800.0,0.0
GE-0002024,G01,Gestor 01,2025-12,KB-100402,Pyme,Préstamo personal,Canelones,1-30,Llamada,False,61.1,0.572,intencion_pago,2,Sin acuerdo,249840.0,0.0
GE-0002025,G01,Gestor 01,2025-12,KB-103271,Pyme,Préstamo personal,Rocha,61-90,Llamada,False,57.3,-0.149,neutro,2,No contacto,82050.0,0.0
GE-0002026,G01,Gestor 01,2025-12,KB-106905,Retail,Cuenta corriente,Maldonado,91-180,Llamada,False,59.3,-0.024,neutro,3,Pago,98920.0,77462.0
GE-0002027,G01,Gestor 01,2025-12,KB-104728,Pyme,Préstamo personal,Maldonado,31-60,WhatsApp,False,76.0,-0.427,frustracion,5,Sin acuerdo,104150.0,0.0
GE-0002028,G01,Gestor 01,2025-12,KB-109022,Corporativo,Financiación retail,San José,91-180,Llamada,False,61.4,-0.349,dificultad_economica,3,Pago,198920.0,148191.0
GE-0002029,G01,Gestor 01,2025-12,KB-102317,Pyme,Microcrédito,Montevideo,61-90,Llamada,False,54.6,-0.402,frustracion,3,No contacto,40920.0,0.0
GE-0002030,G01,Gestor 01,2025-12,KB-109877,Retail,Cuenta corriente,Montevideo,91-180,Llamada,False,67.9,-0.454,frustracion,3,Pago,21800.0,16590.0
GE-0002031,G01,Gestor 01,2025-12,KB-110862,Corporativo,Crédito automotor,Florida,180+,WhatsApp,False,64.6,-0.434,dificultad_economica,3,No contacto,376280.0,0.0
GE-0002032,G01,Gestor 01,2025-12,KB-110215,Retail,Crédito automotor,Canelones,31-60,Llamada,False,55.2,0.192,neutro,5,Sin acuerdo,57990.0,0.0
GE-0002033,G01,Gestor 01,2025-12,KB-103574,Retail,Préstamo personal,Montevideo,91-180,WhatsApp,False,68.4,-0.024,objecion,3,Sin acuerdo,20050.0,0.0
GE-0002034,G01,Gestor 01,2025-12,KB-110565,Pyme,Tarjeta de crédito,Paysandú,31-60,Llamada,False,70.5,0.001,objecion,4,Sin acuerdo,83800.0,0.0
GE-0002035,G01,Gestor 01,2025-12,KB-104264,Retail,Préstamo personal,Canelones,180+,WhatsApp,False,62.5,-0.078,dificultad_economica,3,Pago,40260.0,26171.0
GE-0002036,G01,Gestor 01,2025-12,KB-111600,Retail,Préstamo personal,Montevideo,180+,WhatsApp,False,63.0,-0.56,enojo,3,Pago,6360.0,3845.0
GE-0002037,G01,Gestor 01,2025-12,KB-109565,Pyme,Financiación retail,Salto,1-30,Llamada,False,65.6,0.053,neutro,1,Promesa,166670.0,68400.0
GE-0002038,G01,Gestor 01,2025-12,KB-111174,Pyme,Tarjeta de crédito,Rivera,1-30,Llamada,False,56.8,0.316,intencion_pago,4,Promesa,80280.0,25235.0
GE-0002039,G01,Gestor 01,2025-12,KB-100518,Retail,Préstamo personal,Maldonado,61-90,Llamada,False,66.2,0.014,neutro,3,Sin acuerdo,14850.0,0.0
GE-0002040,G01,Gestor 01,2025-12,KB-101967,Corporativo,Microcrédito,Montevideo,1-30,Llamada,False,49.9,-0.03,neutro,2,No contacto,34980.0,0.0
GE-0002041,G01,Gestor 01,2025-12,KB-108447,Retail,Préstamo personal,Artigas,91-180,WhatsApp,False,54.4,-0.398,dificultad_economica,2,Promesa,18150.0,10388.0
GE-0002042,G01,Gestor 01,2025-12,KB-108706,Retail,Préstamo personal,Montevideo,180+,Llamada,False,64.8,-0.512,enojo,2,Pago,17570.0,11137.0
GE-0002043,G01,Gestor 01,2025-12,KB-107026,Retail,Cuenta corriente,Montevideo,180+,WhatsApp,False,51.4,-0.757,enojo,2,No contacto,37170.0,0.0
GE-0002044,G01,Gestor 01,2025-12,KB-100177,Pyme,Préstamo personal,Montevideo,1-30,Llamada,False,55.0,0.585,intencion_pago,1,Pago,60640.0,56376.0
GE-0002045,G01,Gestor 01,2025-12,KB-106479,Pyme,Cuenta corriente,Montevideo,91-180,Llamada,False,62.5,-0.014,objecion,3,Promesa,57120.0,32127.0
GE-0002046,G01,Gestor 01,2025-12,KB-111445,Pyme,Préstamo personal,Montevideo,1-30,WhatsApp,False,54.5,-0.077,objecion,2,Sin acuerdo,76940.0,0.0
GE-0002047,G01,Gestor 01,2025-12,KB-105726,Pyme,Préstamo personal,Canelones,91-180,WhatsApp,False,63.0,-0.337,dificultad_economica,3,Pago,85710.0,72084.0
GE-0002048,G01,Gestor 01,2025-12,KB-102069,Pyme,Tarjeta de crédito,Montevideo,61-90,Llamada,False,65.1,-0.14,neutro,3,Sin acuerdo,49300.0,0.0
GE-0002049,G01,Gestor 01,2025-12,KB-108212,Retail,Microcrédito,Maldonado,91-180,Llamada,False,63.4,-0.395,dificultad_economica,1,Pago,18150.0,16514.0
GE-0002050,G01,Gestor 01,2025-12,KB-109992,Retail,Microcrédito,Montevideo,180+,Llamada,False,65.7,-0.429,frustracion,3,Sin acuerdo,93430.0,0.0
GE-0002051,G01,Gestor 01,2025-12,KB-110251,Retail,Cuenta corriente,Montevideo,91-180,WhatsApp,False,56.2,-0.191,dificultad_economica,3,Sin acuerdo,29890.0,0.0
GE-0002052,G01,Gestor 01,2025-12,KB-101870,Retail,Cuenta corriente,Montevideo,1-30,Llamada,False,48.3,-0.056,neutro,1,Promesa,12650.0,4473.0
GE-0002053,G01,Gestor 01,2025-12,KB-110672,Retail,Microcrédito,Montevideo,91-180,Llamada,False,72.7,-0.248,ansiedad,3,Pago,91550.0,71622.0
GE-0002054,G01,Gestor 01,2025-12,KB-102836,Retail,Tarjeta de crédito,Salto,1-30,WhatsApp,False,65.9,0.144,neutro,3,Promesa,20470.0,12041.0
GE-0002055,G02,Gestor 02,2025-12,KB-103251,Pyme,Préstamo personal,Treinta y Tres,1-30,Llamada,False,50.8,-0.497,frustracion,3,No contacto,194810.0,0.0
GE-0002056,G02,Gestor 02,2025-12,KB-102789,Retail,Tarjeta de crédito,Colonia,91-180,WhatsApp,False,57.9,-0.012,objecion,3,Promesa,8580.0,3267.0
GE-0002057,G02,Gestor 02,2025-12,KB-108167,Pyme,Microcrédito,Montevideo,31-60,WhatsApp,False,48.2,0.668,intencion_pago,2,Promesa,14500.0,6429.0
GE-0002058,G02,Gestor 02,2025-12,KB-104594,Retail,Tarjeta de crédito,Canelones,1-30,Llamada,False,52.8,-0.089,neutro,3,Pago,31700.0,20237.0
GE-0002059,G02,Gestor 02,2025-12,KB-103004,Pyme,Crédito automotor,Montevideo,61-90,Llamada,False,60.8,-0.224,ansiedad,4,Sin acuerdo,95550.0,0.0
GE-0002060,G02,Gestor 02,2025-12,KB-101933,Corporativo,Tarjeta de crédito,Colonia,91-180,WhatsApp,False,45.6,-0.443,dificultad_economica,1,No contacto,862460.0,0.0
GE-0002061,G02,Gestor 02,2025-12,KB-101982,Pyme,Préstamo personal,Montevideo,31-60,Llamada,False,50.9,-0.439,frustracion,4,Sin acuerdo,35220.0,0.0
GE-0002062,G02,Gestor 02,2025-12,KB-111676,Retail,Financiación retail,Colonia,1-30,Llamada,False,46.8,-0.709,enojo,4,Pago,14850.0,12116.0
GE-0002063,G02,Gestor 02,2025-12,KB-102197,Retail,Microcrédito,Montevideo,31-60,Llamada,False,62.2,-0.174,ansiedad,1,Pago,34110.0,21483.0
GE-0002064,G02,Gestor 02,2025-12,KB-107139,Pyme,Crédito automotor,Montevideo,31-60,Llamada,False,53.1,-0.218,ansiedad,5,Sin acuerdo,53910.0,0.0
GE-0002065,G02,Gestor 02,2025-12,KB-110263,Retail,Crédito automotor,Montevideo,31-60,Llamada,False,53.7,-0.378,ansiedad,3,No contacto,108810.0,0.0
GE-0002066,G02,Gestor 02,2025-12,KB-110555,Retail,Cuenta corriente,Colonia,1-30,Llamada,False,62.4,0.059,objecion,2,Pago,20610.0,15079.0
GE-0002067,G02,Gestor 02,2025-12,KB-100430,Pyme,Microcrédito,Canelones,91-180,WhatsApp,False,52.3,-0.353,ansiedad,4,Sin acuerdo,48620.0,0.0
GE-0002068,G02,Gestor 02,2025-12,KB-101137,Retail,Cuenta corriente,Montevideo,31-60,Llamada,False,52.7,-0.069,objecion,2,Promesa,33580.0,19355.0
GE-0002069,G02,Gestor 02,2025-12,KB-109864,Retail,Financiación retail,Montevideo,31-60,Llamada,False,54.7,-0.544,enojo,3,No contacto,34390.0,0.0
GE-0002070,G02,Gestor 02,2025-12,KB-110081,Pyme,Préstamo personal,Soriano,31-60,WhatsApp,False,58.7,-0.077,objecion,3,Pago,188300.0,158284.0
GE-0002071,G02,Gestor 02,2025-12,KB-101390,Retail,Tarjeta de crédito,Montevideo,91-180,WhatsApp,False,46.8,-0.571,enojo,1,Pago,35020.0,31778.0
GE-0002072,G02,Gestor 02,2025-12,KB-110509,Retail,Crédito automotor,Soriano,180+,WhatsApp,False,53.9,-0.384,dificultad_economica,1,Sin acuerdo,53930.0,0.0
GE-0002073,G02,Gestor 02,2025-12,KB-106872,Retail,Tarjeta de crédito,Tacuarembó,91-180,Llamada,False,42.5,-0.543,frustracion,2,Promesa,54320.0,23766.0
GE-0002074,G02,Gestor 02,2025-12,KB-109297,Retail,Tarjeta de crédito,Canelones,1-30,Llamada,False,56.6,0.055,neutro,3,Pago,54200.0,52427.0
GE-0002075,G02,Gestor 02,2025-12,KB-108715,Retail,Financiación retail,Artigas,180+,WhatsApp,False,53.8,-0.585,frustracion,2,No contacto,24630.0,0.0
GE-0002076,G02,Gestor 02,2025-12,KB-106160,Pyme,Préstamo personal,Montevideo,31-60,Llamada,False,41.4,0.021,neutro,1,Pago,921640.0,792439.0
GE-0002077,G02,Gestor 02,2025-12,KB-110907,Corporativo,Cuenta corriente,Montevideo,61-90,Llamada,False,60.2,-0.197,dificultad_economica,3,Promesa,445880.0,138396.0
GE-0002078,G02,Gestor 02,2025-12,KB-109800,Retail,Préstamo personal,Montevideo,31-60,WhatsApp,False,54.0,-0.182,objecion,3,Pago,24950.0,18505.0
GE-0002079,G02,Gestor 02,2025-12,KB-104170,Retail,Préstamo personal,Montevideo,61-90,WhatsApp,False,67.0,-0.136,neutro,4,Pago,30180.0,21614.0
GE-0002080,G02,Gestor 02,2025-12,KB-103112,Retail,Microcrédito,Flores,1-30,Llamada,False,38.5,-0.238,neutro,1,Pago,25160.0,21032.0
GE-0002081,G02,Gestor 02,2025-12,KB-100371,Retail,Préstamo personal,Florida,1-30,WhatsApp,False,62.6,-0.132,neutro,4,Promesa,12350.0,5916.0
GE-0002082,G02,Gestor 02,2025-12,KB-110096,Corporativo,Financiación retail,Montevideo,31-60,WhatsApp,False,59.1,-0.18,ansiedad,2,Promesa,255600.0,149299.0
GE-0002083,G02,Gestor 02,2025-12,KB-105864,Retail,Préstamo personal,Colonia,61-90,WhatsApp,False,47.0,-0.372,dificultad_economica,1,Pago,57820.0,54802.0
GE-0002084,G02,Gestor 02,2025-12,KB-109666,Pyme,Cuenta corriente,Maldonado,91-180,Llamada,False,64.2,-0.257,dificultad_economica,1,Promesa,74400.0,34373.0
GE-0002085,G02,Gestor 02,2025-12,KB-107297,Retail,Financiación retail,Montevideo,31-60,Llamada,False,47.3,0.457,intencion_pago,1,Promesa,10060.0,4739.0
GE-0002086,G02,Gestor 02,2025-12,KB-101936,Pyme,Tarjeta de crédito,San José,61-90,Llamada,False,50.8,-0.167,objecion,3,Pago,18880.0,16118.0
GE-0002087,G02,Gestor 02,2025-12,KB-108436,Pyme,Tarjeta de crédito,Colonia,31-60,Llamada,False,67.1,-0.146,objecion,4,Sin acuerdo,92950.0,0.0
GE-0002088,G02,Gestor 02,2025-12,KB-100003,Pyme,Tarjeta de crédito,San José,1-30,Llamada,False,64.8,-0.018,objecion,5,Promesa,179960.0,76636.0
GE-0002089,G02,Gestor 02,2025-12,KB-108606,Retail,Crédito automotor,Canelones,61-90,WhatsApp,False,42.4,-0.369,dificultad_economica,2,Promesa,31100.0,12091.0
GE-0002090,G02,Gestor 02,2025-12,KB-102030,Corporativo,Préstamo personal,San José,1-30,WhatsApp,False,46.1,0.669,intencion_pago,1,Promesa,606060.0,237112.0
GE-0002091,G02,Gestor 02,2025-12,KB-109096,Retail,Préstamo personal,Cerro Largo,31-60,Llamada,False,57.7,0.381,intencion_pago,3,Sin acuerdo,46660.0,0.0
GE-0002092,G02,Gestor 02,2025-12,KB-100246,Retail,Préstamo personal,Flores,1-30,WhatsApp,False,74.1,0.559,intencion_pago,3,Promesa,13320.0,7590.0
GE-0002093,G03,Gestor 03,2025-12,KB-101165,Retail,Préstamo personal,Soriano,180+,Llamada,True,65.0,-0.372,frustracion,4,Promesa,18260.0,6334.0
GE-0002094,G03,Gestor 03,2025-12,KB-108967,Retail,Cuenta corriente,Paysandú,91-180,WhatsApp,True,67.5,-0.08,objecion,4,Pago,20030.0,14886.0
GE-0002095,G03,Gestor 03,2025-12,KB-100892,Retail,Préstamo personal,Canelones,1-30,Llamada,True,60.1,0.538,intencion_pago,2,Promesa,38550.0,20405.0
GE-0002096,G03,Gestor 03,2025-12,KB-102784,Retail,Crédito automotor,Maldonado,31-60,Llamada,True,58.7,-0.115,objecion,5,Promesa,49830.0,25069.0
GE-0002097,G03,Gestor 03,2025-12,KB-100001,Retail,Microcrédito,Paysandú,61-90,WhatsApp,True,70.8,-0.226,dificultad_economica,3,Pago,20240.0,18422.0
GE-0002098,G03,Gestor 03,2025-12,KB-103085,Retail,Cuenta corriente,Montevideo,180+,Llamada,True,68.6,-0.55,enojo,5,Promesa,20460.0,10553.0
GE-0002099,G03,Gestor 03,2025-12,KB-101441,Corporativo,Préstamo personal,Maldonado,31-60,WhatsApp,True,63.7,-0.258,objecion,3,Sin acuerdo,567770.0,0.0
GE-0002100,G03,Gestor 03,2025-12,KB-103097,Retail,Préstamo personal,Montevideo,1-30,Llamada,True,73.0,-0.508,frustracion,3,Sin acuerdo,104540.0,0.0
GE-0002101,G03,Gestor 03,2025-12,KB-109152,Retail,Préstamo personal,Colonia,1-30,WhatsApp,True,73.1,0.651,intencion_pago,2,No contacto,33460.0,0.0
GE-0002102,G03,Gestor 03,2025-12,KB-110845,Pyme,Tarjeta de crédito,Montevideo,1-30,WhatsApp,True,75.1,0.112,neutro,4,Promesa,121110.0,67738.0
GE-0002103,G03,Gestor 03,2025-12,KB-101874,Corporativo,Préstamo personal,Montevideo,91-180,WhatsApp,True,77.2,-0.074,ansiedad,6,Pago,796140.0,601253.0
GE-0002104,G03,Gestor 03,2025-12,KB-102839,Retail,Tarjeta de crédito,Salto,31-60,Llamada,True,72.2,0.583,intencion_pago,4,Pago,68940.0,55548.0
GE-0002105,G03,Gestor 03,2025-12,KB-109963,Retail,Microcrédito,Florida,31-60,WhatsApp,True,75.7,-0.225,neutro,5,Promesa,15570.0,8348.0
GE-0002106,G03,Gestor 03,2025-12,KB-104078,Pyme,Préstamo personal,Montevideo,61-90,WhatsApp,True,59.8,-0.169,objecion,2,Sin acuerdo,91260.0,0.0
GE-0002107,G03,Gestor 03,2025-12,KB-109812,Retail,Tarjeta de crédito,Colonia,31-60,Llamada,True,85.0,0.16,objecion,4,Pago,75840.0,55860.0
GE-0002108,G03,Gestor 03,2025-12,KB-109301,Pyme,Tarjeta de crédito,Montevideo,91-180,WhatsApp,True,69.6,-0.331,dificultad_economica,3,Promesa,257690.0,124420.0
GE-0002109,G03,Gestor 03,2025-12,KB-110366,Retail,Financiación retail,Montevideo,1-30,WhatsApp,True,69.3,0.511,intencion_pago,2,Sin acuerdo,38030.0,0.0
GE-0002110,G03,Gestor 03,2025-12,KB-102137,Retail,Préstamo personal,Montevideo,31-60,Llamada,True,66.6,0.583,intencion_pago,4,Pago,22260.0,16478.0
GE-0002111,G03,Gestor 03,2025-12,KB-104036,Retail,Tarjeta de crédito,Montevideo,1-30,Llamada,True,72.0,0.528,intencion_pago,4,Pago,21700.0,16577.0
GE-0002112,G03,Gestor 03,2025-12,KB-103728,Retail,Tarjeta de crédito,Canelones,61-90,WhatsApp,True,77.9,0.155,objecion,4,Sin acuerdo,15740.0,0.0
GE-0002113,G03,Gestor 03,2025-12,KB-110954,Retail,Tarjeta de crédito,Salto,91-180,WhatsApp,True,85.7,-0.11,frustracion,4,Promesa,13330.0,5422.0
GE-0002114,G03,Gestor 03,2025-12,KB-102871,Pyme,Préstamo personal,Canelones,31-60,WhatsApp,True,60.1,0.243,intencion_pago,3,Promesa,505930.0,268223.0
GE-0002115,G03,Gestor 03,2025-12,KB-101181,Retail,Microcrédito,Montevideo,61-90,WhatsApp,True,92.1,-0.112,objecion,5,Sin acuerdo,29780.0,0.0
GE-0002116,G03,Gestor 03,2025-12,KB-107408,Pyme,Cuenta corriente,Maldonado,1-30,Llamada,True,70.2,-0.311,ansiedad,2,Pago,121900.0,91009.0
GE-0002117,G03,Gestor 03,2025-12,KB-106585,Retail,Cuenta corriente,Artigas,31-60,Llamada,True,63.1,0.055,neutro,4,Promesa,105840.0,62790.0
GE-0002118,G03,Gestor 03,2025-12,KB-110336,Retail,Tarjeta de crédito,Lavalleja,91-180,WhatsApp,True,63.2,-0.127,objecion,4,Pago,14150.0,10735.0
GE-0002119,G03,Gestor 03,2025-12,KB-108288,Pyme,Tarjeta de crédito,Montevideo,91-180,Llamada,True,55.2,-0.313,dificultad_economica,3,Pago,271680.0,186109.0
GE-0002120,G03,Gestor 03,2025-12,KB-102074,Retail,Tarjeta de crédito,Soriano,91-180,WhatsApp,True,62.9,0.139,objecion,2,No contacto,23400.0,0.0
GE-0002121,G03,Gestor 03,2025-12,KB-102328,Retail,Microcrédito,Canelones,91-180,Llamada,True,65.3,-0.4,frustracion,1,Sin acuerdo,25520.0,0.0
GE-0002122,G03,Gestor 03,2025-12,KB-100306,Retail,Préstamo personal,Montevideo,180+,Llamada,True,60.2,-0.125,objecion,2,Promesa,65800.0,22999.0
GE-0002123,G03,Gestor 03,2025-12,KB-111573,Retail,Crédito automotor,Salto,91-180,Llamada,True,69.3,-0.138,ansiedad,3,Pago,25580.0,18137.0
GE-0002124,G03,Gestor 03,2025-12,KB-110339,Retail,Financiación retail,Montevideo,61-90,Llamada,True,73.4,-0.161,ansiedad,4,No contacto,55040.0,0.0
GE-0002125,G03,Gestor 03,2025-12,KB-108591,Pyme,Tarjeta de crédito,Montevideo,61-90,WhatsApp,True,66.7,0.103,neutro,3,Promesa,157450.0,88424.0
GE-0002126,G03,Gestor 03,2025-12,KB-105757,Retail,Tarjeta de crédito,Canelones,1-30,WhatsApp,True,79.5,0.536,intencion_pago,3,Pago,13300.0,10736.0
GE-0002127,G03,Gestor 03,2025-12,KB-102184,Corporativo,Crédito automotor,Montevideo,1-30,Llamada,True,62.3,-0.05,objecion,4,Promesa,1463860.0,775981.0
GE-0002128,G03,Gestor 03,2025-12,KB-105246,Retail,Tarjeta de crédito,Canelones,1-30,Llamada,True,67.2,-0.041,ansiedad,2,Promesa,37520.0,21910.0
GE-0002129,G03,Gestor 03,2025-12,KB-108671,Retail,Financiación retail,Colonia,91-180,WhatsApp,True,66.8,-0.611,enojo,4,Sin acuerdo,31690.0,0.0
GE-0002130,G03,Gestor 03,2025-12,KB-110310,Pyme,Microcrédito,Colonia,31-60,Llamada,True,56.1,0.007,neutro,4,Sin acuerdo,18190.0,0.0
GE-0002131,G03,Gestor 03,2025-12,KB-102592,Retail,Microcrédito,Durazno,1-30,Llamada,True,67.9,0.386,intencion_pago,3,Promesa,47770.0,20063.0
GE-0002132,G03,Gestor 03,2025-12,KB-104516,Corporativo,Préstamo personal,Montevideo,31-60,WhatsApp,True,66.1,0.036,neutro,4,Sin acuerdo,828160.0,0.0
GE-0002133,G03,Gestor 03,2025-12,KB-104146,Retail,Cuenta corriente,Canelones,1-30,Llamada,True,69.2,0.447,intencion_pago,5,Sin acuerdo,17560.0,0.0
GE-0002134,G03,Gestor 03,2025-12,KB-109597,Pyme,Microcrédito,Canelones,61-90,Llamada,True,89.5,-0.103,objecion,4,Promesa,75590.0,36318.0
GE-0002135,G03,Gestor 03,2025-12,KB-105196,Pyme,Crédito automotor,Durazno,1-30,Llamada,True,66.5,-0.025,neutro,4,Pago,69950.0,60033.0
GE-0002136,G04,Gestor 04,2025-12,KB-107044,Retail,Crédito automotor,Canelones,61-90,Llamada,True,61.4,-0.01,objecion,3,Promesa,11130.0,5475.0
GE-0002137,G04,Gestor 04,2025-12,KB-101699,Retail,Tarjeta de crédito,Montevideo,61-90,Llamada,True,70.2,-0.119,objecion,3,Promesa,43790.0,19664.0
GE-0002138,G04,Gestor 04,2025-12,KB-100140,Retail,Microcrédito,Montevideo,61-90,Llamada,True,56.7,-0.804,enojo,5,No contacto,34330.0,0.0
GE-0002139,G04,Gestor 04,2025-12,KB-110227,Retail,Financiación retail,Canelones,1-30,WhatsApp,True,67.5,0.242,neutro,5,Pago,17130.0,15886.0
GE-0002140,G04,Gestor 04,2025-12,KB-103738,Retail,Financiación retail,Montevideo,1-30,Llamada,True,63.2,0.529,intencion_pago,3,Pago,46860.0,37632.0
GE-0002141,G04,Gestor 04,2025-12,KB-110759,Pyme,Préstamo personal,Cerro Largo,91-180,Llamada,True,76.1,-0.359,frustracion,3,No contacto,259570.0,0.0
GE-0002142,G04,Gestor 04,2025-12,KB-110671,Retail,Tarjeta de crédito,Maldonado,91-180,WhatsApp,True,61.3,-0.388,frustracion,3,No contacto,12490.0,0.0
GE-0002143,G04,Gestor 04,2025-12,KB-111003,Pyme,Microcrédito,San José,61-90,Llamada,True,70.4,-0.208,dificultad_economica,4,Pago,187820.0,145487.0
GE-0002144,G04,Gestor 04,2025-12,KB-106512,Corporativo,Financiación retail,Canelones,91-180,Llamada,True,55.2,-0.449,frustracion,5,No contacto,658220.0,0.0
GE-0002145,G04,Gestor 04,2025-12,KB-110774,Pyme,Tarjeta de crédito,Montevideo,61-90,Llamada,True,76.2,-0.118,ansiedad,4,Promesa,252100.0,135152.0
GE-0002146,G04,Gestor 04,2025-12,KB-100570,Pyme,Préstamo personal,San José,91-180,Llamada,True,71.1,-0.188,ansiedad,2,Sin acuerdo,93870.0,0.0
GE-0002147,G04,Gestor 04,2025-12,KB-104701,Retail,Financiación retail,Montevideo,1-30,Llamada,True,69.9,0.484,intencion_pago,3,Pago,22740.0,19320.0
GE-0002148,G04,Gestor 04,2025-12,KB-105722,Pyme,Tarjeta de crédito,Artigas,31-60,WhatsApp,True,69.7,0.589,intencion_pago,3,Promesa,42170.0,18193.0
GE-0002149,G04,Gestor 04,2025-12,KB-102019,Retail,Crédito automotor,Canelones,61-90,Llamada,True,94.7,-0.066,frustracion,4,Pago,89780.0,74759.0
GE-0002150,G04,Gestor 04,2025-12,KB-104688,Pyme,Crédito automotor,Montevideo,180+,Llamada,True,60.0,-0.441,enojo,4,No contacto,86380.0,0.0
GE-0002151,G04,Gestor 04,2025-12,KB-100501,Retail,Préstamo personal,Montevideo,91-180,Llamada,True,76.5,-0.008,objecion,4,Promesa,46260.0,15345.0
GE-0002152,G04,Gestor 04,2025-12,KB-108466,Retail,Préstamo personal,Canelones,31-60,Llamada,True,65.2,-0.51,frustracion,2,Sin acuerdo,12270.0,0.0
GE-0002153,G04,Gestor 04,2025-12,KB-111378,Retail,Préstamo personal,Montevideo,91-180,WhatsApp,True,59.4,-0.009,objecion,1,Sin acuerdo,34180.0,0.0
GE-0002154,G04,Gestor 04,2025-12,KB-111427,Retail,Préstamo personal,Canelones,1-30,Llamada,True,74.9,0.653,intencion_pago,3,Promesa,28930.0,12620.0
GE-0002155,G04,Gestor 04,2025-12,KB-103144,Pyme,Microcrédito,Montevideo,91-180,WhatsApp,True,70.0,-0.249,dificultad_economica,3,Pago,86480.0,71470.0
GE-0002156,G04,Gestor 04,2025-12,KB-102737,Pyme,Préstamo personal,Soriano,31-60,WhatsApp,True,74.4,-0.072,neutro,5,Sin acuerdo,63290.0,0.0
GE-0002157,G04,Gestor 04,2025-12,KB-109930,Retail,Microcrédito,San José,91-180,Llamada,True,76.6,0.023,ansiedad,4,Promesa,54550.0,19437.0
GE-0002158,G04,Gestor 04,2025-12,KB-105008,Retail,Cuenta corriente,Colonia,1-30,WhatsApp,True,74.5,0.722,intencion_pago,4,Pago,26970.0,26517.0
GE-0002159,G04,Gestor 04,2025-12,KB-104778,Retail,Cuenta corriente,Canelones,31-60,Llamada,True,70.1,0.424,intencion_pago,1,Pago,17680.0,16824.0
GE-0002160,G04,Gestor 04,2025-12,KB-102936,Pyme,Préstamo personal,San José,1-30,WhatsApp,True,65.2,-0.026,objecion,3,Pago,98270.0,89258.0
GE-0002161,G04,Gestor 04,2025-12,KB-104365,Retail,Tarjeta de crédito,Montevideo,91-180,Llamada,True,85.6,-0.139,dificultad_economica,3,Sin acuerdo,13050.0,0.0
GE-0002162,G04,Gestor 04,2025-12,KB-100749,Retail,Préstamo personal,Colonia,1-30,Llamada,True,80.7,0.177,neutro,4,Pago,20840.0,17708.0
GE-0002163,G04,Gestor 04,2025-12,KB-109896,Pyme,Tarjeta de crédito,Colonia,1-30,Llamada,True,70.9,0.451,intencion_pago,3,Pago,21460.0,20159.0
GE-0002164,G04,Gestor 04,2025-12,KB-100423,Retail,Tarjeta de crédito,Montevideo,1-30,Llamada,True,70.5,0.182,objecion,4,Promesa,58640.0,34708.0
GE-0002165,G04,Gestor 04,2025-12,KB-100519,Pyme,Tarjeta de crédito,Salto,1-30,WhatsApp,True,70.5,0.091,neutro,4,Promesa,124360.0,53495.0
GE-0002166,G04,Gestor 04,2025-12,KB-100907,Pyme,Tarjeta de crédito,Canelones,91-180,Llamada,True,69.0,-0.108,objecion,4,Promesa,31670.0,13514.0
GE-0002167,G04,Gestor 04,2025-12,KB-102334,Retail,Préstamo personal,San José,1-30,Llamada,True,71.5,0.045,objecion,3,Promesa,14430.0,7611.0
GE-0002168,G04,Gestor 04,2025-12,KB-107569,Retail,Crédito automotor,San José,61-90,WhatsApp,True,68.5,0.022,neutro,4,Pago,23740.0,15932.0
GE-0002169,G04,Gestor 04,2025-12,KB-101866,Retail,Tarjeta de crédito,Florida,91-180,WhatsApp,True,79.8,-0.1,objecion,3,Sin acuerdo,36190.0,0.0
GE-0002170,G04,Gestor 04,2025-12,KB-104863,Pyme,Microcrédito,Salto,1-30,Llamada,True,78.9,0.089,neutro,2,Pago,82900.0,55163.0
GE-0002171,G04,Gestor 04,2025-12,KB-101317,Retail,Préstamo personal,Montevideo,180+,Llamada,True,75.4,-0.599,enojo,4,Promesa,19490.0,9001.0
GE-0002172,G04,Gestor 04,2025-12,KB-103788,Pyme,Crédito automotor,Canelones,31-60,WhatsApp,True,69.2,0.167,neutro,4,Pago,63190.0,58732.0
GE-0002173,G04,Gestor 04,2025-12,KB-100141,Retail,Microcrédito,Montevideo,1-30,WhatsApp,True,68.3,-0.184,ansiedad,3,Pago,27180.0,25484.0
GE-0002174,G04,Gestor 04,2025-12,KB-105043,Pyme,Microcrédito,Cerro Largo,61-90,WhatsApp,True,73.1,0.172,neutro,3,Sin acuerdo,253080.0,0.0
GE-0002175,G04,Gestor 04,2025-12,KB-101758,Retail,Microcrédito,Canelones,1-30,Llamada,True,74.8,0.442,intencion_pago,5,Promesa,30560.0,16071.0
GE-0002176,G04,Gestor 04,2025-12,KB-109583,Retail,Préstamo personal,Colonia,180+,WhatsApp,True,76.0,-0.376,frustracion,4,No contacto,25480.0,0.0
GE-0002177,G04,Gestor 04,2025-12,KB-104513,Pyme,Financiación retail,Montevideo,1-30,WhatsApp,True,64.4,0.138,neutro,4,No contacto,434760.0,0.0
GE-0002178,G04,Gestor 04,2025-12,KB-103062,Retail,Microcrédito,Artigas,31-60,Llamada,True,78.2,0.136,neutro,2,Pago,42760.0,38005.0
GE-0002179,G04,Gestor 04,2025-12,KB-104989,Retail,Microcrédito,Montevideo,31-60,WhatsApp,True,73.4,-0.442,frustracion,3,No contacto,38880.0,0.0
GE-0002180,G05,Gestor 05,2025-12,KB-106005,Retail,Tarjeta de crédito,Montevideo,1-30,Llamada,True,45.7,0.406,intencion_pago,2,Promesa,30020.0,17159.0
GE-0002181,G05,Gestor 05,2025-12,KB-110689,Retail,Financiación retail,Durazno,61-90,Llamada,True,49.8,-0.409,dificultad_economica,3,No contacto,23620.0,0.0
GE-0002182,G05,Gestor 05,2025-12,KB-107157,Retail,Tarjeta de crédito,Paysandú,61-90,WhatsApp,True,57.6,0.018,objecion,2,Pago,20250.0,16015.0
GE-0002183,G05,Gestor 05,2025-12,KB-108278,Retail,Préstamo personal,Canelones,91-180,Llamada,True,52.8,-0.621,enojo,4,Pago,53160.0,48883.0
GE-0002184,G05,Gestor 05,2025-12,KB-101882,Corporativo,Préstamo personal,Montevideo,1-30,Llamada,True,56.5,0.499,intencion_pago,4,Pago,362350.0,286218.0
GE-0002185,G05,Gestor 05,2025-12,KB-103593,Retail,Financiación retail,Trinidad,31-60,Llamada,True,50.8,-0.589,enojo,1,No contacto,25210.0,0.0
GE-0002186,G05,Gestor 05,2025-12,KB-100276,Retail,Cuenta corriente,Montevideo,1-30,Llamada,True,42.6,-0.029,neutro,1,Promesa,42800.0,21115.0
GE-0002187,G05,Gestor 05,2025-12,KB-108503,Pyme,Tarjeta de crédito,Montevideo,1-30,Llamada,True,66.7,0.393,intencion_pago,2,Pago,59510.0,56749.0
GE-0002188,G05,Gestor 05,2025-12,KB-105434,Pyme,Tarjeta de crédito,Canelones,31-60,Llamada,True,37.5,0.338,intencion_pago,3,No contacto,139350.0,0.0
GE-0002189,G05,Gestor 05,2025-12,KB-105193,Retail,Crédito automotor,Montevideo,180+,WhatsApp,True,67.6,-0.36,dificultad_economica,3,No contacto,6070.0,0.0
GE-0002190,G05,Gestor 05,2025-12,KB-103025,Retail,Tarjeta de crédito,Rivera,31-60,WhatsApp,True,58.7,-0.188,objecion,2,Promesa,67700.0,37689.0
GE-0002191,G05,Gestor 05,2025-12,KB-101448,Corporativo,Tarjeta de crédito,Cerro Largo,61-90,Llamada,True,46.5,-0.075,objecion,1,Sin acuerdo,1880040.0,0.0
GE-0002192,G05,Gestor 05,2025-12,KB-110216,Pyme,Tarjeta de crédito,Cerro Largo,31-60,Llamada,True,46.1,-0.096,neutro,3,Pago,100180.0,88740.0
GE-0002193,G05,Gestor 05,2025-12,KB-104470,Retail,Tarjeta de crédito,Salto,91-180,Llamada,True,51.4,-0.061,objecion,2,Pago,39520.0,31081.0
GE-0002194,G05,Gestor 05,2025-12,KB-105787,Retail,Tarjeta de crédito,San José,91-180,WhatsApp,True,46.5,-0.275,ansiedad,1,Pago,7250.0,6619.0
GE-0002195,G05,Gestor 05,2025-12,KB-110270,Pyme,Tarjeta de crédito,Montevideo,61-90,Llamada,True,50.7,-0.093,ansiedad,2,Sin acuerdo,180620.0,0.0
GE-0002196,G05,Gestor 05,2025-12,KB-108217,Pyme,Tarjeta de crédito,Cerro Largo,31-60,WhatsApp,True,46.1,-0.449,frustracion,5,Pago,63910.0,50621.0
GE-0002197,G05,Gestor 05,2025-12,KB-104266,Corporativo,Financiación retail,Tacuarembó,1-30,WhatsApp,True,46.3,0.66,intencion_pago,1,Pago,804730.0,657628.0
GE-0002198,G05,Gestor 05,2025-12,KB-104697,Retail,Financiación retail,Paysandú,1-30,Llamada,True,35.3,0.024,neutro,0,Pago,12850.0,12335.0
GE-0002199,G05,Gestor 05,2025-12,KB-110467,Retail,Microcrédito,Canelones,61-90,WhatsApp,True,64.5,-0.034,objecion,5,Sin acuerdo,17810.0,0.0
GE-0002200,G05,Gestor 05,2025-12,KB-101878,Pyme,Tarjeta de crédito,Maldonado,1-30,Llamada,True,39.3,0.391,intencion_pago,2,Pago,165550.0,148897.0
GE-0002201,G05,Gestor 05,2025-12,KB-110963,Retail,Financiación retail,Montevideo,91-180,Llamada,True,48.6,-0.462,enojo,3,Sin acuerdo,23700.0,0.0
GE-0002202,G05,Gestor 05,2025-12,KB-106199,Retail,Préstamo personal,Rivera,31-60,Llamada,True,53.9,0.124,neutro,4,No contacto,43150.0,0.0
GE-0002203,G05,Gestor 05,2025-12,KB-101509,Retail,Financiación retail,Montevideo,180+,Llamada,True,58.8,-0.558,dificultad_economica,2,Promesa,40000.0,13262.0
GE-0002204,G05,Gestor 05,2025-12,KB-108997,Retail,Crédito automotor,San José,1-30,Llamada,True,51.7,0.422,intencion_pago,3,Promesa,29710.0,16775.0
GE-0002205,G05,Gestor 05,2025-12,KB-106394,Retail,Tarjeta de crédito,Colonia,91-180,WhatsApp,True,51.5,-0.569,frustracion,3,No contacto,118290.0,0.0
GE-0002206,G05,Gestor 05,2025-12,KB-103716,Retail,Microcrédito,Montevideo,31-60,Llamada,True,54.0,0.001,objecion,2,Promesa,43850.0,14733.0
GE-0002207,G05,Gestor 05,2025-12,KB-110675,Retail,Tarjeta de crédito,Montevideo,91-180,WhatsApp,True,49.4,-0.805,enojo,4,Pago,23620.0,21139.0
GE-0002208,G05,Gestor 05,2025-12,KB-100320,Pyme,Microcrédito,Montevideo,1-30,Llamada,True,56.3,0.369,intencion_pago,4,Pago,91580.0,86291.0
GE-0002209,G05,Gestor 05,2025-12,KB-102829,Retail,Préstamo personal,Montevideo,61-90,WhatsApp,True,43.5,-0.205,objecion,4,Pago,6550.0,4719.0
GE-0002210,G05,Gestor 05,2025-12,KB-100189,Pyme,Microcrédito,Montevideo,61-90,Llamada,True,54.8,0.156,neutro,2,Sin acuerdo,87320.0,0.0
GE-0002211,G05,Gestor 05,2025-12,KB-101225,Retail,Microcrédito,Montevideo,31-60,WhatsApp,True,42.8,0.388,intencion_pago,2,Promesa,26360.0,15217.0
GE-0002212,G05,Gestor 05,2025-12,KB-106433,Retail,Préstamo personal,Colonia,1-30,WhatsApp,True,46.3,0.419,intencion_pago,4,Pago,40240.0,39824.0
GE-0002213,G05,Gestor 05,2025-12,KB-111809,Pyme,Tarjeta de crédito,San José,1-30,WhatsApp,True,42.3,0.198,neutro,1,Promesa,83640.0,31231.0
GE-0002214,G05,Gestor 05,2025-12,KB-105158,Pyme,Financiación retail,Florida,31-60,Llamada,True,45.9,-0.265,objecion,2,No contacto,87110.0,0.0
GE-0002215,G05,Gestor 05,2025-12,KB-110252,Corporativo,Préstamo personal,Montevideo,61-90,Llamada,True,48.3,-0.345,dificultad_economica,3,Promesa,266070.0,106517.0
GE-0002216,G05,Gestor 05,2025-12,KB-108922,Retail,Préstamo personal,Montevideo,31-60,WhatsApp,True,38.2,-0.06,neutro,2,Pago,47150.0,41403.0
GE-0002217,G05,Gestor 05,2025-12,KB-105815,Pyme,Financiación retail,Paysandú,1-30,WhatsApp,True,35.1,0.446,intencion_pago,1,Promesa,140010.0,77694.0
GE-0002218,G05,Gestor 05,2025-12,KB-105623,Pyme,Financiación retail,Canelones,1-30,WhatsApp,True,45.3,0.411,intencion_pago,3,Promesa,336550.0,196747.0
GE-0002219,G05,Gestor 05,2025-12,KB-107269,Corporativo,Tarjeta de crédito,Rivera,180+,Llamada,True,35.4,-0.339,dificultad_economica,1,Promesa,691700.0,224167.0
GE-0002220,G05,Gestor 05,2025-12,KB-108970,Pyme,Tarjeta de crédito,Canelones,61-90,WhatsApp,True,61.0,0.183,neutro,3,Pago,130560.0,101654.0
GE-0002221,G05,Gestor 05,2025-12,KB-108398,Pyme,Préstamo personal,Montevideo,1-30,WhatsApp,True,36.4,-0.629,enojo,1,Pago,98630.0,89004.0
GE-0002222,G05,Gestor 05,2025-12,KB-101180,Pyme,Préstamo personal,Montevideo,31-60,WhatsApp,True,33.7,-0.235,neutro,1,Pago,102500.0,97877.0
GE-0002223,G06,Gestor 06,2025-12,KB-105236,Retail,Préstamo personal,Canelones,1-30,Llamada,False,54.9,-0.52,frustracion,3,No contacto,72950.0,0.0
GE-0002224,G06,Gestor 06,2025-12,KB-104609,Retail,Préstamo personal,Rivera,1-30,WhatsApp,False,39.1,0.237,intencion_pago,1,Promesa,59550.0,34313.0
GE-0002225,G06,Gestor 06,2025-12,KB-107061,Retail,Tarjeta de crédito,Colonia,91-180,WhatsApp,False,59.4,-0.458,frustracion,3,No contacto,55400.0,0.0
GE-0002226,G06,Gestor 06,2025-12,KB-105865,Pyme,Tarjeta de crédito,Colonia,31-60,Llamada,False,41.2,-0.437,frustracion,2,No contacto,224120.0,0.0
GE-0002227,G06,Gestor 06,2025-12,KB-103614,Retail,Tarjeta de crédito,Canelones,1-30,Llamada,False,43.2,-0.121,objecion,1,Pago,13180.0,12441.0
GE-0002228,G06,Gestor 06,2025-12,KB-109318,Pyme,Tarjeta de crédito,San José,1-30,WhatsApp,False,51.6,-0.13,neutro,1,Sin acuerdo,81950.0,0.0
GE-0002229,G06,Gestor 06,2025-12,KB-110793,Retail,Tarjeta de crédito,Montevideo,31-60,WhatsApp,False,51.1,0.381,intencion_pago,3,Pago,13110.0,9474.0
GE-0002230,G06,Gestor 06,2025-12,KB-107150,Retail,Préstamo personal,Montevideo,91-180,WhatsApp,False,70.6,-0.382,frustracion,3,No contacto,46180.0,0.0
GE-0002231,G06,Gestor 06,2025-12,KB-102463,Pyme,Préstamo personal,Colonia,31-60,WhatsApp,False,56.6,-0.139,neutro,2,Sin acuerdo,164070.0,0.0
GE-0002232,G06,Gestor 06,2025-12,KB-108828,Corporativo,Tarjeta de crédito,Canelones,91-180,Llamada,False,55.8,-0.305,frustracion,3,No contacto,881010.0,0.0
GE-0002233,G06,Gestor 06,2025-12,KB-102546,Retail,Préstamo personal,Canelones,31-60,WhatsApp,False,40.4,-0.499,frustracion,3,No contacto,52890.0,0.0
GE-0002234,G06,Gestor 06,2025-12,KB-101882,Corporativo,Préstamo personal,Montevideo,1-30,Llamada,False,45.4,0.081,neutro,2,No contacto,362350.0,0.0
GE-0002235,G06,Gestor 06,2025-12,KB-109707,Pyme,Financiación retail,Rivera,91-180,Llamada,False,67.1,-0.688,enojo,4,Promesa,61120.0,25572.0
GE-0002236,G06,Gestor 06,2025-12,KB-104687,Retail,Tarjeta de crédito,Montevideo,61-90,Llamada,False,57.0,-0.544,enojo,3,Pago,37590.0,32549.0
GE-0002237,G06,Gestor 06,2025-12,KB-101937,Retail,Crédito automotor,Tacuarembó,31-60,Llamada,False,51.7,-0.221,ansiedad,2,No contacto,66750.0,0.0
GE-0002238,G06,Gestor 06,2025-12,KB-111294,Corporativo,Financiación retail,Montevideo,1-30,Llamada,False,47.8,0.465,intencion_pago,3,No contacto,371200.0,0.0
GE-0002239,G06,Gestor 06,2025-12,KB-108917,Retail,Financiación retail,Montevideo,91-180,Llamada,False,55.7,-0.662,enojo,2,Promesa,18080.0,7770.0
GE-0002240,G06,Gestor 06,2025-12,KB-109384,Retail,Cuenta corriente,Montevideo,91-180,Llamada,False,57.7,0.246,neutro,1,Pago,97260.0,92308.0
GE-0002241,G06,Gestor 06,2025-12,KB-102882,Retail,Microcrédito,Rocha,31-60,WhatsApp,False,55.3,-0.482,frustracion,3,Promesa,44330.0,22741.0
GE-0002242,G06,Gestor 06,2025-12,KB-111946,Pyme,Préstamo personal,Montevideo,180+,WhatsApp,False,40.2,-0.255,dificultad_economica,2,No contacto,31290.0,0.0
GE-0002243,G06,Gestor 06,2025-12,KB-103372,Retail,Cuenta corriente,Cerro Largo,91-180,Llamada,False,57.9,-0.248,objecion,1,Promesa,49940.0,21326.0
GE-0002244,G06,Gestor 06,2025-12,KB-107893,Retail,Préstamo personal,Montevideo,91-180,Llamada,False,48.4,-0.336,dificultad_economica,2,No contacto,60950.0,0.0
GE-0002245,G06,Gestor 06,2025-12,KB-111768,Retail,Cuenta corriente,Montevideo,91-180,Llamada,False,51.6,-0.266,objecion,3,Promesa,12480.0,6860.0
GE-0002246,G06,Gestor 06,2025-12,KB-110500,Corporativo,Préstamo personal,Montevideo,180+,Llamada,False,61.4,-0.694,enojo,5,Promesa,109240.0,60549.0
GE-0002247,G06,Gestor 06,2025-12,KB-110509,Retail,Crédito automotor,Soriano,180+,Llamada,False,60.1,-0.504,enojo,4,Promesa,53930.0,20818.0
GE-0002248,G06,Gestor 06,2025-12,KB-111079,Retail,Financiación retail,Florida,1-30,Llamada,False,51.9,0.505,intencion_pago,2,Promesa,243750.0,101174.0
GE-0002249,G06,Gestor 06,2025-12,KB-108934,Pyme,Tarjeta de crédito,Canelones,1-30,WhatsApp,False,45.5,0.54,intencion_pago,1,Promesa,98220.0,50577.0
GE-0002250,G06,Gestor 06,2025-12,KB-110754,Corporativo,Tarjeta de crédito,Paysandú,61-90,WhatsApp,False,47.4,-0.359,dificultad_economica,1,Pago,117750.0,77516.0
GE-0002251,G06,Gestor 06,2025-12,KB-100482,Retail,Financiación retail,Montevideo,91-180,Llamada,False,34.4,-0.941,enojo,0,No contacto,22530.0,0.0
GE-0002252,G06,Gestor 06,2025-12,KB-102959,Retail,Crédito automotor,Lavalleja,180+,Llamada,False,48.2,-0.438,dificultad_economica,3,No contacto,35350.0,0.0
GE-0002253,G06,Gestor 06,2025-12,KB-109437,Retail,Tarjeta de crédito,Montevideo,61-90,WhatsApp,False,58.0,-0.182,neutro,2,Promesa,18480.0,10070.0
GE-0002254,G06,Gestor 06,2025-12,KB-107024,Retail,Tarjeta de crédito,Paysandú,180+,Llamada,False,41.8,-0.099,dificultad_economica,2,No contacto,128160.0,0.0
GE-0002255,G06,Gestor 06,2025-12,KB-101635,Retail,Financiación retail,Canelones,31-60,WhatsApp,False,60.2,0.598,intencion_pago,4,Promesa,17790.0,9928.0
GE-0002256,G06,Gestor 06,2025-12,KB-105071,Retail,Tarjeta de crédito,Treinta y Tres,31-60,WhatsApp,False,64.0,-0.197,neutro,4,Promesa,13310.0,7160.0
GE-0002257,G06,Gestor 06,2025-12,KB-102262,Pyme,Préstamo personal,Maldonado,31-60,Llamada,False,53.5,0.05,neutro,3,Promesa,256640.0,98112.0
GE-0002258,G06,Gestor 06,2025-12,KB-109895,Retail,Cuenta corriente,Montevideo,180+,WhatsApp,False,62.2,-0.286,dificultad_economica,4,Promesa,23190.0,7212.0
GE-0002259,G06,Gestor 06,2025-12,KB-103407,Pyme,Crédito automotor,Canelones,31-60,WhatsApp,False,51.9,-0.11,objecion,3,Promesa,121010.0,50483.0
GE-0002260,G06,Gestor 06,2025-12,KB-105376,Pyme,Financiación retail,Montevideo,31-60,Llamada,False,59.5,0.32,intencion_pago,3,No contacto,272190.0,0.0
GE-0002261,G06,Gestor 06,2025-12,KB-105447,Corporativo,Crédito automotor,Artigas,61-90,WhatsApp,False,51.0,-0.268,frustracion,4,Promesa,1784150.0,931385.0
GE-0002262,G06,Gestor 06,2025-12,KB-109818,Retail,Tarjeta de crédito,Montevideo,180+,Llamada,False,50.0,-0.519,frustracion,3,No contacto,7040.0,0.0
GE-0002263,G07,Gestor 07,2025-12,KB-106583,Retail,Microcrédito,Artigas,31-60,WhatsApp,True,63.6,0.112,neutro,4,Promesa,68810.0,31246.0
GE-0002264,G07,Gestor 07,2025-12,KB-102257,Retail,Financiación retail,San José,180+,WhatsApp,True,61.0,-0.466,frustracion,3,Pago,20250.0,13083.0
GE-0002265,G07,Gestor 07,2025-12,KB-108159,Pyme,Tarjeta de crédito,Maldonado,91-180,Llamada,True,58.7,0.157,neutro,2,Sin acuerdo,177240.0,0.0
GE-0002266,G07,Gestor 07,2025-12,KB-110526,Retail,Tarjeta de crédito,Rivera,1-30,WhatsApp,True,65.9,-0.374,frustracion,4,Pago,37560.0,37392.0
GE-0002267,G07,Gestor 07,2025-12,KB-104069,Retail,Tarjeta de crédito,Montevideo,91-180,WhatsApp,True,50.9,-0.29,ansiedad,3,Pago,25300.0,22209.0
GE-0002268,G07,Gestor 07,2025-12,KB-101854,Retail,Tarjeta de crédito,Montevideo,91-180,WhatsApp,True,75.3,-0.004,objecion,4,Pago,65660.0,60943.0
GE-0002269,G07,Gestor 07,2025-12,KB-110305,Corporativo,Préstamo personal,Montevideo,1-30,Llamada,True,64.5,0.01,objecion,3,Sin acuerdo,968600.0,0.0
GE-0002270,G07,Gestor 07,2025-12,KB-102296,Corporativo,Crédito automotor,Montevideo,61-90,Llamada,True,67.5,-0.063,neutro,1,Promesa,1056750.0,541685.0
GE-0002271,G07,Gestor 07,2025-12,KB-100138,Retail,Préstamo personal,Canelones,1-30,WhatsApp,True,74.0,0.55,intencion_pago,5,Promesa,26070.0,13920.0
GE-0002272,G07,Gestor 07,2025-12,KB-108314,Pyme,Préstamo personal,Montevideo,180+,Llamada,True,63.5,-0.392,frustracion,5,Promesa,96200.0,30769.0
GE-0002273,G07,Gestor 07,2025-12,KB-105583,Pyme,Cuenta corriente,San José,61-90,WhatsApp,True,69.8,-0.162,ansiedad,6,Promesa,65830.0,32215.0
GE-0002274,G07,Gestor 07,2025-12,KB-106897,Retail,Préstamo personal,Canelones,61-90,WhatsApp,True,73.2,-0.185,ansiedad,5,Pago,43300.0,29951.0
GE-0002275,G07,Gestor 07,2025-12,KB-108725,Retail,Crédito automotor,Treinta y Tres,1-30,WhatsApp,True,54.0,0.055,neutro,3,Promesa,17450.0,8017.0
GE-0002276,G07,Gestor 07,2025-12,KB-103487,Retail,Tarjeta de crédito,Canelones,31-60,Llamada,True,62.4,0.456,intencion_pago,5,Promesa,78510.0,33090.0
GE-0002277,G07,Gestor 07,2025-12,KB-102564,Retail,Préstamo personal,Soriano,91-180,Llamada,True,83.4,-0.279,frustracion,5,No contacto,50500.0,0.0
GE-0002278,G07,Gestor 07,2025-12,KB-106579,Pyme,Tarjeta de crédito,Montevideo,31-60,WhatsApp,True,62.5,0.557,intencion_pago,3,Sin acuerdo,29100.0,0.0
GE-0002279,G07,Gestor 07,2025-12,KB-111174,Pyme,Tarjeta de crédito,Rivera,1-30,Llamada,True,69.5,-0.135,ansiedad,5,Promesa,80280.0,25235.0
GE-0002280,G07,Gestor 07,2025-12,KB-111606,Retail,Crédito automotor,Montevideo,1-30,WhatsApp,True,51.8,-0.047,neutro,2,Pago,18210.0,13594.0
GE-0002281,G07,Gestor 07,2025-12,KB-111307,Retail,Cuenta corriente,Canelones,1-30,WhatsApp,True,62.6,0.136,neutro,4,Sin acuerdo,8980.0,0.0
GE-0002282,G07,Gestor 07,2025-12,KB-110602,Retail,Tarjeta de crédito,Montevideo,91-180,Llamada,True,51.9,-0.411,dificultad_economica,4,Promesa,28030.0,11766.0
GE-0002283,G07,Gestor 07,2025-12,KB-100120,Retail,Tarjeta de crédito,Florida,61-90,WhatsApp,True,67.4,-0.007,neutro,5,Promesa,29500.0,14876.0
GE-0002284,G07,Gestor 07,2025-12,KB-102362,Corporativo,Financiación retail,Treinta y Tres,31-60,Llamada,True,63.9,0.218,neutro,5,No contacto,428100.0,0.0
GE-0002285,G07,Gestor 07,2025-12,KB-107980,Pyme,Financiación retail,Montevideo,61-90,WhatsApp,True,71.5,0.097,neutro,3,Sin acuerdo,435790.0,0.0
GE-0002286,G07,Gestor 07,2025-12,KB-110041,Pyme,Préstamo personal,Montevideo,61-90,Llamada,True,79.6,-0.315,frustracion,2,Promesa,64230.0,36636.0
GE-0002287,G07,Gestor 07,2025-12,KB-105637,Pyme,Tarjeta de crédito,Montevideo,31-60,Llamada,True,58.3,-0.366,ansiedad,2,No contacto,234360.0,0.0
GE-0002288,G07,Gestor 07,2025-12,KB-103485,Retail,Préstamo personal,Tacuarembó,180+,Llamada,True,62.3,-0.265,dificultad_economica,4,No contacto,47260.0,0.0
GE-0002289,G07,Gestor 07,2025-12,KB-105082,Retail,Crédito automotor,Tacuarembó,61-90,WhatsApp,True,53.5,-0.235,ansiedad,3,No contacto,37480.0,0.0
GE-0002290,G07,Gestor 07,2025-12,KB-100349,Pyme,Préstamo personal,Montevideo,1-30,Llamada,True,67.2,0.031,neutro,5,Promesa,86990.0,46381.0
GE-0002291,G07,Gestor 07,2025-12,KB-107404,Retail,Cuenta corriente,Salto,61-90,WhatsApp,True,58.8,-0.488,frustracion,3,Pago,40990.0,33079.0
GE-0002292,G07,Gestor 07,2025-12,KB-111655,Retail,Financiación retail,Montevideo,61-90,Llamada,True,64.2,-0.401,frustracion,4,No contacto,15900.0,0.0
GE-0002293,G07,Gestor 07,2025-12,KB-104471,Retail,Préstamo personal,Durazno,1-30,WhatsApp,True,78.2,0.527,intencion_pago,5,No contacto,12590.0,0.0
GE-0002294,G07,Gestor 07,2025-12,KB-101630,Retail,Tarjeta de crédito,Montevideo,91-180,Llamada,True,58.8,0.026,neutro,2,Pago,26520.0,16135.0
GE-0002295,G07,Gestor 07,2025-12,KB-108469,Retail,Tarjeta de crédito,Canelones,180+,WhatsApp,True,82.0,-0.168,frustracion,4,Promesa,69400.0,21072.0
GE-0002296,G07,Gestor 07,2025-12,KB-104273,Pyme,Financiación retail,Colonia,180+,Llamada,True,80.1,-0.133,frustracion,5,Promesa,42290.0,12937.0
GE-0002297,G07,Gestor 07,2025-12,KB-110456,Retail,Cuenta corriente,Montevideo,31-60,Llamada,True,84.2,-0.341,frustracion,3,Promesa,37820.0,15594.0
GE-0002298,G07,Gestor 07,2025-12,KB-105356,Pyme,Financiación retail,Tacuarembó,31-60,WhatsApp,True,76.7,-0.319,ansiedad,4,Promesa,71530.0,26934.0
GE-0002299,G07,Gestor 07,2025-12,KB-103764,Pyme,Microcrédito,Montevideo,91-180,Llamada,True,69.1,-0.237,frustracion,3,Promesa,53970.0,16580.0
GE-0002300,G07,Gestor 07,2025-12,KB-106258,Pyme,Préstamo personal,Montevideo,180+,WhatsApp,True,66.7,-0.569,frustracion,3,No contacto,50880.0,0.0
GE-0002301,G07,Gestor 07,2025-12,KB-108821,Corporativo,Cuenta corriente,Canelones,31-60,WhatsApp,True,66.9,0.119,neutro,2,Promesa,660680.0,288770.0
GE-0002302,G08,Gestor 08,2025-12,KB-111641,Retail,Tarjeta de crédito,San José,61-90,WhatsApp,True,55.3,0.029,ansiedad,2,Promesa,62130.0,28716.0
GE-0002303,G08,Gestor 08,2025-12,KB-106952,Retail,Tarjeta de crédito,Montevideo,1-30,WhatsApp,True,71.2,-0.129,objecion,4,No contacto,45140.0,0.0
GE-0002304,G08,Gestor 08,2025-12,KB-110936,Pyme,Microcrédito,Canelones,91-180,WhatsApp,True,59.2,-0.23,dificultad_economica,4,No contacto,116450.0,0.0
GE-0002305,G08,Gestor 08,2025-12,KB-109515,Pyme,Financiación retail,Canelones,31-60,WhatsApp,True,64.8,0.496,intencion_pago,3,Pago,76080.0,53352.0
GE-0002306,G08,Gestor 08,2025-12,KB-105490,Pyme,Crédito automotor,Montevideo,31-60,Llamada,True,64.4,0.525,intencion_pago,3,Promesa,268700.0,119957.0
GE-0002307,G08,Gestor 08,2025-12,KB-111754,Corporativo,Tarjeta de crédito,Montevideo,61-90,WhatsApp,True,73.1,-0.21,dificultad_economica,2,Promesa,255810.0,116110.0
GE-0002308,G08,Gestor 08,2025-12,KB-102911,Retail,Préstamo personal,Canelones,61-90,WhatsApp,True,77.0,0.216,neutro,4,Pago,26930.0,20100.0
GE-0002309,G08,Gestor 08,2025-12,KB-108700,Retail,Préstamo personal,Treinta y Tres,180+,Llamada,True,59.5,-0.357,frustracion,3,No contacto,18260.0,0.0
GE-0002310,G08,Gestor 08,2025-12,KB-106982,Retail,Tarjeta de crédito,Paysandú,91-180,Llamada,True,62.4,-0.138,dificultad_economica,4,Sin acuerdo,15700.0,0.0
GE-0002311,G08,Gestor 08,2025-12,KB-101065,Pyme,Microcrédito,San José,31-60,WhatsApp,True,59.6,-0.077,objecion,3,Sin acuerdo,42950.0,0.0
GE-0002312,G08,Gestor 08,2025-12,KB-103924,Pyme,Préstamo personal,Montevideo,180+,Llamada,True,68.5,-0.177,frustracion,4,No contacto,35730.0,0.0
GE-0002313,G08,Gestor 08,2025-12,KB-101232,Retail,Cuenta corriente,Cerro Largo,1-30,WhatsApp,True,72.4,0.548,intencion_pago,5,Promesa,21450.0,8933.0
GE-0002314,G08,Gestor 08,2025-12,KB-106374,Retail,Microcrédito,Montevideo,180+,WhatsApp,True,71.9,-0.061,frustracion,1,Sin acuerdo,16070.0,0.0
GE-0002315,G08,Gestor 08,2025-12,KB-106578,Retail,Financiación retail,Maldonado,91-180,Llamada,True,78.2,-0.304,dificultad_economica,4,Promesa,19400.0,7420.0
GE-0002316,G08,Gestor 08,2025-12,KB-107447,Retail,Préstamo personal,Montevideo,31-60,Llamada,True,60.5,0.085,neutro,3,Promesa,35580.0,17828.0
GE-0002317,G08,Gestor 08,2025-12,KB-104120,Pyme,Préstamo personal,Trinidad,31-60,WhatsApp,True,65.6,0.166,neutro,4,No contacto,208850.0,0.0
GE-0002318,G08,Gestor 08,2025-12,KB-101558,Corporativo,Financiación retail,Tacuarembó,91-180,WhatsApp,True,84.6,-0.488,frustracion,2,Pago,536030.0,409729.0
GE-0002319,G08,Gestor 08,2025-12,KB-111644,Retail,Tarjeta de crédito,Montevideo,1-30,WhatsApp,True,62.5,0.48,intencion_pago,2,Promesa,9650.0,3801.0
GE-0002320,G08,Gestor 08,2025-12,KB-111422,Retail,Crédito automotor,Canelones,1-30,WhatsApp,True,69.9,-0.085,objecion,4,Pago,138770.0,137730.0
GE-0002321,G08,Gestor 08,2025-12,KB-111757,Pyme,Tarjeta de crédito,Montevideo,31-60,Llamada,True,55.8,0.515,intencion_pago,3,Promesa,561400.0,320118.0
GE-0002322,G08,Gestor 08,2025-12,KB-111604,Retail,Préstamo personal,Rivera,61-90,WhatsApp,True,78.5,-0.329,enojo,2,No contacto,41570.0,0.0
GE-0002323,G08,Gestor 08,2025-12,KB-105855,Retail,Tarjeta de crédito,Canelones,1-30,Llamada,True,70.9,0.096,neutro,3,Sin acuerdo,19020.0,0.0
GE-0002324,G08,Gestor 08,2025-12,KB-106532,Retail,Crédito automotor,Canelones,180+,WhatsApp,True,62.3,-0.335,dificultad_economica,5,Sin acuerdo,7850.0,0.0
GE-0002325,G08,Gestor 08,2025-12,KB-109760,Pyme,Préstamo personal,San José,61-90,Llamada,True,58.8,0.066,neutro,1,Sin acuerdo,51650.0,0.0
GE-0002326,G08,Gestor 08,2025-12,KB-111286,Retail,Préstamo personal,Canelones,1-30,WhatsApp,True,70.6,-0.383,frustracion,3,Promesa,54160.0,21979.0
GE-0002327,G08,Gestor 08,2025-12,KB-108761,Corporativo,Tarjeta de crédito,Montevideo,180+,WhatsApp,True,56.7,-0.561,enojo,3,No contacto,197800.0,0.0
GE-0002328,G08,Gestor 08,2025-12,KB-105733,Pyme,Tarjeta de crédito,San José,180+,WhatsApp,True,63.9,-0.74,enojo,4,No contacto,161860.0,0.0
GE-0002329,G08,Gestor 08,2025-12,KB-106151,Retail,Tarjeta de crédito,Durazno,91-180,Llamada,True,67.9,-0.292,ansiedad,3,Pago,24830.0,18742.0
GE-0002330,G08,Gestor 08,2025-12,KB-106938,Retail,Microcrédito,Salto,31-60,WhatsApp,True,53.9,0.274,intencion_pago,3,Promesa,15240.0,7774.0
GE-0002331,G08,Gestor 08,2025-12,KB-101136,Retail,Cuenta corriente,Montevideo,180+,Llamada,True,64.5,-0.316,frustracion,3,No contacto,90130.0,0.0
GE-0002332,G08,Gestor 08,2025-12,KB-104543,Retail,Tarjeta de crédito,Canelones,91-180,WhatsApp,True,64.8,-0.206,frustracion,5,No contacto,27220.0,0.0
GE-0002333,G08,Gestor 08,2025-12,KB-105087,Retail,Tarjeta de crédito,Montevideo,31-60,Llamada,True,51.7,0.59,intencion_pago,3,Pago,10190.0,9885.0
GE-0002334,G08,Gestor 08,2025-12,KB-110888,Retail,Crédito automotor,Artigas,91-180,WhatsApp,True,70.6,-0.429,enojo,4,Promesa,54830.0,24032.0
GE-0002335,G08,Gestor 08,2025-12,KB-110252,Corporativo,Préstamo personal,Montevideo,61-90,WhatsApp,True,53.0,-0.354,dificultad_economica,2,Pago,266070.0,195236.0
GE-0002336,G08,Gestor 08,2025-12,KB-102642,Pyme,Préstamo personal,Montevideo,91-180,WhatsApp,True,73.1,-0.538,frustracion,2,Promesa,65730.0,24903.0
GE-0002337,G08,Gestor 08,2025-12,KB-108403,Retail,Préstamo personal,Montevideo,1-30,Llamada,True,59.1,-0.029,ansiedad,5,Pago,12850.0,10089.0
GE-0002338,G08,Gestor 08,2025-12,KB-102890,Retail,Microcrédito,Montevideo,1-30,WhatsApp,True,71.0,0.866,intencion_pago,3,Sin acuerdo,44070.0,0.0
GE-0002339,G08,Gestor 08,2025-12,KB-106577,Pyme,Préstamo personal,Maldonado,61-90,Llamada,True,75.6,-0.087,objecion,3,Promesa,22690.0,12711.0
GE-0002340,G08,Gestor 08,2025-12,KB-107733,Retail,Préstamo personal,San José,31-60,WhatsApp,True,74.4,0.033,objecion,4,Promesa,46260.0,24347.0
GE-0002341,G08,Gestor 08,2025-12,KB-100580,Retail,Crédito automotor,Paysandú,31-60,WhatsApp,True,53.6,0.11,neutro,4,Pago,24340.0,23676.0
GE-0002342,G08,Gestor 08,2025-12,KB-104656,Retail,Préstamo personal,Rocha,91-180,WhatsApp,True,75.5,-0.156,frustracion,5,Sin acuerdo,29250.0,0.0
GE-0002343,G08,Gestor 08,2025-12,KB-108589,Retail,Financiación retail,Montevideo,31-60,Llamada,True,66.2,-0.207,objecion,2,Promesa,8560.0,2959.0
GE-0002344,G08,Gestor 08,2025-12,KB-103010,Retail,Préstamo personal,San José,61-90,WhatsApp,True,60.5,0.07,neutro,3,Promesa,29810.0,9494.0
GE-0002345,G08,Gestor 08,2025-12,KB-101880,Retail,Financiación retail,San José,61-90,Llamada,True,66.8,-0.489,enojo,3,Promesa,13470.0,5895.0
GE-0002346,G08,Gestor 08,2025-12,KB-104766,Pyme,Tarjeta de crédito,San José,1-30,WhatsApp,True,59.4,0.594,intencion_pago,3,Promesa,143870.0,59061.0
GE-0002347,G09,Gestor 09,2025-12,KB-109805,Retail,Cuenta corriente,Colonia,91-180,Llamada,True,63.4,-0.452,frustracion,2,Sin acuerdo,43180.0,0.0
GE-0002348,G09,Gestor 09,2025-12,KB-111641,Retail,Tarjeta de crédito,San José,61-90,WhatsApp,True,78.6,0.098,neutro,4,Sin acuerdo,62130.0,0.0
GE-0002349,G09,Gestor 09,2025-12,KB-105802,Retail,Financiación retail,Tacuarembó,1-30,Llamada,True,76.0,-0.082,neutro,3,No contacto,40210.0,0.0
GE-0002350,G09,Gestor 09,2025-12,KB-104875,Pyme,Tarjeta de crédito,Tacuarembó,31-60,Llamada,True,54.5,-0.278,objecion,2,Pago,91040.0,71877.0
GE-0002351,G09,Gestor 09,2025-12,KB-101372,Retail,Financiación retail,Rocha,61-90,Llamada,True,62.2,-0.234,frustracion,3,No contacto,24030.0,0.0
GE-0002352,G09,Gestor 09,2025-12,KB-104694,Retail,Crédito automotor,Montevideo,180+,Llamada,True,69.9,-0.318,frustracion,3,Pago,12840.0,8134.0
GE-0002353,G09,Gestor 09,2025-12,KB-102788,Retail,Préstamo personal,Colonia,61-90,WhatsApp,True,74.4,-0.307,frustracion,4,Sin acuerdo,28140.0,0.0
GE-0002354,G09,Gestor 09,2025-12,KB-101660,Retail,Tarjeta de crédito,Canelones,31-60,Llamada,True,71.9,-0.191,ansiedad,4,Pago,59330.0,58524.0
GE-0002355,G09,Gestor 09,2025-12,KB-111075,Retail,Microcrédito,Colonia,180+,Llamada,True,68.6,-0.442,enojo,4,Pago,36170.0,33310.0
GE-0002356,G09,Gestor 09,2025-12,KB-106564,Corporativo,Crédito automotor,Montevideo,91-180,WhatsApp,True,65.8,-0.113,ansiedad,4,Promesa,1636190.0,724147.0
GE-0002357,G09,Gestor 09,2025-12,KB-105155,Retail,Microcrédito,Canelones,91-180,Llamada,True,60.4,-0.206,dificultad_economica,2,Promesa,64990.0,24388.0
GE-0002358,G09,Gestor 09,2025-12,KB-109350,Retail,Crédito automotor,Montevideo,1-30,WhatsApp,True,63.0,-0.06,neutro,4,Promesa,18830.0,9954.0
GE-0002359,G09,Gestor 09,2025-12,KB-101093,Retail,Cuenta corriente,Montevideo,31-60,Llamada,True,70.1,-0.133,objecion,3,Pago,58460.0,50689.0
GE-0002360,G09,Gestor 09,2025-12,KB-100824,Retail,Préstamo personal,Durazno,180+,Llamada,True,59.4,-0.362,frustracion,3,Sin acuerdo,50610.0,0.0
GE-0002361,G09,Gestor 09,2025-12,KB-110844,Retail,Financiación retail,Montevideo,91-180,Llamada,True,68.8,-0.318,dificultad_economica,2,Pago,117770.0,75108.0
GE-0002362,G09,Gestor 09,2025-12,KB-105746,Retail,Tarjeta de crédito,Tacuarembó,91-180,Llamada,True,66.6,-0.482,enojo,3,Promesa,38590.0,13753.0
GE-0002363,G09,Gestor 09,2025-12,KB-110112,Retail,Préstamo personal,Montevideo,91-180,WhatsApp,True,66.2,-0.677,enojo,3,Pago,29320.0,25090.0
GE-0002364,G09,Gestor 09,2025-12,KB-110384,Retail,Tarjeta de crédito,Montevideo,1-30,WhatsApp,True,62.9,-0.208,neutro,5,Promesa,35790.0,19978.0
GE-0002365,G09,Gestor 09,2025-12,KB-102213,Pyme,Préstamo personal,Montevideo,180+,Llamada,True,68.6,-0.397,frustracion,2,Pago,188310.0,147978.0
GE-0002366,G09,Gestor 09,2025-12,KB-111896,Pyme,Cuenta corriente,Montevideo,31-60,Llamada,True,53.0,0.434,intencion_pago,4,Pago,10230.0,9159.0
GE-0002367,G09,Gestor 09,2025-12,KB-108269,Retail,Financiación retail,San José,31-60,WhatsApp,True,73.5,-0.368,frustracion,4,Pago,51120.0,39607.0
GE-0002368,G09,Gestor 09,2025-12,KB-107053,Retail,Cuenta corriente,Montevideo,180+,WhatsApp,True,80.8,-0.454,dificultad_economica,4,Pago,38300.0,23409.0
GE-0002369,G09,Gestor 09,2025-12,KB-103701,Pyme,Préstamo personal,Rocha,180+,Llamada,True,52.0,-0.283,frustracion,2,No contacto,148240.0,0.0
GE-0002370,G09,Gestor 09,2025-12,KB-109122,Pyme,Crédito automotor,Montevideo,1-30,WhatsApp,True,68.9,-0.026,objecion,2,Sin acuerdo,125450.0,0.0
GE-0002371,G09,Gestor 09,2025-12,KB-100795,Retail,Tarjeta de crédito,Montevideo,31-60,Llamada,True,69.0,0.482,intencion_pago,5,Promesa,4500.0,2473.0
GE-0002372,G09,Gestor 09,2025-12,KB-110460,Corporativo,Microcrédito,Tacuarembó,180+,WhatsApp,True,61.1,-0.546,enojo,3,Pago,446270.0,345971.0
GE-0002373,G09,Gestor 09,2025-12,KB-104115,Retail,Crédito automotor,Montevideo,31-60,Llamada,True,69.0,-0.286,frustracion,4,Pago,11990.0,8414.0
GE-0002374,G09,Gestor 09,2025-12,KB-109139,Retail,Microcrédito,Maldonado,31-60,Llamada,True,62.9,-0.12,ansiedad,4,Pago,112410.0,98561.0
GE-0002375,G09,Gestor 09,2025-12,KB-109734,Retail,Cuenta corriente,San José,1-30,Llamada,True,64.4,0.255,neutro,4,Promesa,106490.0,50485.0
GE-0002376,G09,Gestor 09,2025-12,KB-102456,Retail,Crédito automotor,Canelones,180+,WhatsApp,True,71.7,-0.12,objecion,4,Sin acuerdo,18480.0,0.0
GE-0002377,G09,Gestor 09,2025-12,KB-107488,Retail,Crédito automotor,Tacuarembó,31-60,WhatsApp,True,64.6,-0.418,frustracion,3,No contacto,37100.0,0.0
GE-0002378,G09,Gestor 09,2025-12,KB-106303,Pyme,Tarjeta de crédito,Montevideo,31-60,Llamada,True,58.0,-0.797,frustracion,2,Promesa,109690.0,61786.0
GE-0002379,G09,Gestor 09,2025-12,KB-102085,Retail,Microcrédito,Montevideo,1-30,WhatsApp,True,81.5,0.145,neutro,5,Promesa,24060.0,11594.0
GE-0002380,G09,Gestor 09,2025-12,KB-110579,Retail,Crédito automotor,Canelones,31-60,WhatsApp,True,73.2,-0.499,enojo,4,Sin acuerdo,10280.0,0.0
GE-0002381,G09,Gestor 09,2025-12,KB-110784,Retail,Crédito automotor,Paysandú,91-180,WhatsApp,True,63.1,-0.41,dificultad_economica,5,Promesa,49750.0,20915.0
GE-0002382,G09,Gestor 09,2025-12,KB-104996,Pyme,Préstamo personal,Colonia,31-60,Llamada,True,69.9,-0.547,enojo,3,No contacto,174670.0,0.0
GE-0002383,G09,Gestor 09,2025-12,KB-108566,Pyme,Préstamo personal,Montevideo,1-30,Llamada,True,70.0,0.422,intencion_pago,4,Pago,58250.0,37049.0
GE-0002384,G09,Gestor 09,2025-12,KB-108972,Retail,Préstamo personal,Colonia,91-180,WhatsApp,True,78.5,-0.382,frustracion,3,No contacto,23400.0,0.0
GE-0002385,G09,Gestor 09,2025-12,KB-104063,Retail,Préstamo personal,Montevideo,180+,WhatsApp,True,75.9,-0.216,dificultad_economica,4,Promesa,83870.0,28412.0
GE-0002386,G09,Gestor 09,2025-12,KB-100091,Pyme,Microcrédito,Artigas,31-60,Llamada,True,69.0,0.604,intencion_pago,3,Pago,42270.0,37827.0
GE-0002387,G09,Gestor 09,2025-12,KB-108523,Retail,Crédito automotor,Montevideo,180+,Llamada,True,60.2,-0.218,dificultad_economica,3,No contacto,40690.0,0.0
GE-0002388,G09,Gestor 09,2025-12,KB-111165,Retail,Cuenta corriente,Canelones,61-90,Llamada,True,64.3,-0.058,neutro,2,Sin acuerdo,16520.0,0.0
GE-0002389,G09,Gestor 09,2025-12,KB-110956,Retail,Crédito automotor,San José,1-30,WhatsApp,True,64.0,0.055,neutro,3,No contacto,30520.0,0.0
GE-0002390,G09,Gestor 09,2025-12,KB-100838,Retail,Préstamo personal,Canelones,180+,WhatsApp,True,72.8,-0.369,enojo,2,Promesa,31530.0,11772.0
GE-0002391,G10,Gestor 10,2025-12,KB-108160,Retail,Financiación retail,Durazno,91-180,Llamada,True,69.8,-0.294,dificultad_economica,3,Promesa,22320.0,7360.0
GE-0002392,G10,Gestor 10,2025-12,KB-101517,Retail,Tarjeta de crédito,Montevideo,1-30,WhatsApp,True,54.6,0.365,intencion_pago,2,Promesa,25090.0,14299.0
GE-0002393,G10,Gestor 10,2025-12,KB-101467,Retail,Préstamo personal,Rivera,31-60,Llamada,True,57.2,-0.638,enojo,3,Pago,37710.0,32031.0
GE-0002394,G10,Gestor 10,2025-12,KB-110920,Corporativo,Tarjeta de crédito,Canelones,1-30,WhatsApp,True,52.9,0.495,intencion_pago,1,Sin acuerdo,303310.0,0.0
GE-0002395,G10,Gestor 10,2025-12,KB-104167,Retail,Cuenta corriente,Canelones,1-30,WhatsApp,True,54.7,-0.399,frustracion,1,Pago,10370.0,9351.0
GE-0002396,G10,Gestor 10,2025-12,KB-110652,Pyme,Préstamo personal,Colonia,91-180,Llamada,True,74.1,0.107,neutro,5,Promesa,39850.0,12920.0
GE-0002397,G10,Gestor 10,2025-12,KB-101114,Pyme,Crédito automotor,Montevideo,61-90,Llamada,True,69.9,-0.202,objecion,2,Promesa,350930.0,168470.0
GE-0002398,G10,Gestor 10,2025-12,KB-101768,Retail,Préstamo personal,Montevideo,91-180,Llamada,True,69.6,-0.224,objecion,1,No contacto,30600.0,0.0
GE-0002399,G10,Gestor 10,2025-12,KB-101144,Retail,Préstamo personal,Canelones,91-180,Llamada,True,62.2,-0.261,objecion,2,Promesa,7970.0,2448.0
GE-0002400,G10,Gestor 10,2025-12,KB-101171,Retail,Microcrédito,Treinta y Tres,31-60,Llamada,True,55.0,-0.287,ansiedad,2,No contacto,26380.0,0.0
GE-0002401,G10,Gestor 10,2025-12,KB-100547,Retail,Cuenta corriente,Montevideo,180+,WhatsApp,True,51.6,-0.11,objecion,1,No contacto,11120.0,0.0
GE-0002402,G10,Gestor 10,2025-12,KB-101720,Corporativo,Tarjeta de crédito,Montevideo,1-30,WhatsApp,True,62.2,-0.452,frustracion,1,No contacto,244390.0,0.0
GE-0002403,G10,Gestor 10,2025-12,KB-109648,Retail,Tarjeta de crédito,Montevideo,1-30,WhatsApp,True,54.0,0.565,intencion_pago,1,Pago,21310.0,16199.0
GE-0002404,G10,Gestor 10,2025-12,KB-104282,Retail,Préstamo personal,Montevideo,1-30,Llamada,True,73.7,0.763,intencion_pago,4,Promesa,21560.0,10922.0
GE-0002405,G10,Gestor 10,2025-12,KB-110477,Retail,Microcrédito,Montevideo,31-60,Llamada,True,63.9,0.042,neutro,5,Pago,51240.0,47927.0
GE-0002406,G10,Gestor 10,2025-12,KB-108756,Pyme,Tarjeta de crédito,Paysandú,91-180,WhatsApp,True,48.4,-0.403,dificultad_economica,3,Sin acuerdo,174720.0,0.0
GE-0002407,G10,Gestor 10,2025-12,KB-108138,Pyme,Financiación retail,Salto,1-30,Llamada,True,67.7,0.453,intencion_pago,3,Pago,137780.0,122896.0
GE-0002408,G10,Gestor 10,2025-12,KB-107167,Retail,Crédito automotor,Montevideo,180+,WhatsApp,True,72.3,-0.247,dificultad_economica,4,Pago,92540.0,75509.0
GE-0002409,G10,Gestor 10,2025-12,KB-104270,Pyme,Financiación retail,San José,1-30,WhatsApp,True,63.4,-0.059,objecion,5,Promesa,66450.0,34590.0
GE-0002410,G10,Gestor 10,2025-12,KB-107753,Pyme,Crédito automotor,Montevideo,1-30,Llamada,True,60.0,-0.254,ansiedad,5,Promesa,101680.0,56007.0
GE-0002411,G10,Gestor 10,2025-12,KB-100354,Pyme,Tarjeta de crédito,Montevideo,61-90,Llamada,True,67.0,-0.33,dificultad_economica,3,Pago,106210.0,84058.0
GE-0002412,G10,Gestor 10,2025-12,KB-106219,Retail,Tarjeta de crédito,Montevideo,31-60,Llamada,True,52.6,0.061,neutro,4,Promesa,80760.0,26617.0
GE-0002413,G10,Gestor 10,2025-12,KB-100742,Corporativo,Tarjeta de crédito,Canelones,1-30,WhatsApp,True,70.1,0.607,intencion_pago,3,Promesa,1610110.0,576266.0
GE-0002414,G10,Gestor 10,2025-12,KB-108347,Pyme,Financiación retail,Canelones,61-90,WhatsApp,True,58.8,-0.214,ansiedad,2,Sin acuerdo,41520.0,0.0
GE-0002415,G10,Gestor 10,2025-12,KB-102142,Retail,Cuenta corriente,Cerro Largo,1-30,WhatsApp,True,63.7,-0.126,ansiedad,5,Sin acuerdo,16000.0,0.0
GE-0002416,G10,Gestor 10,2025-12,KB-110639,Corporativo,Microcrédito,Trinidad,91-180,Llamada,True,82.4,-0.213,dificultad_economica,3,Promesa,777900.0,436435.0
GE-0002417,G10,Gestor 10,2025-12,KB-103270,Retail,Financiación retail,Artigas,91-180,Llamada,True,44.6,-0.039,objecion,1,Sin acuerdo,38020.0,0.0
GE-0002418,G10,Gestor 10,2025-12,KB-104232,Retail,Financiación retail,Montevideo,91-180,Llamada,True,58.4,-0.25,objecion,3,Promesa,61810.0,31659.0
GE-0002419,G10,Gestor 10,2025-12,KB-111284,Pyme,Tarjeta de crédito,Montevideo,1-30,Llamada,True,53.7,-0.247,objecion,3,Promesa,147490.0,61993.0
GE-0002420,G10,Gestor 10,2025-12,KB-101806,Retail,Cuenta corriente,Montevideo,1-30,WhatsApp,True,51.4,-0.264,ansiedad,2,Pago,15670.0,15353.0
GE-0002421,G10,Gestor 10,2025-12,KB-102928,Retail,Crédito automotor,Artigas,31-60,Llamada,True,61.4,0.096,neutro,5,Pago,31090.0,28179.0
GE-0002422,G10,Gestor 10,2025-12,KB-101329,Pyme,Tarjeta de crédito,Canelones,180+,WhatsApp,True,62.2,-0.454,enojo,3,No contacto,75220.0,0.0
GE-0002423,G10,Gestor 10,2025-12,KB-111973,Retail,Préstamo personal,Salto,31-60,Llamada,True,53.4,-0.151,ansiedad,3,Promesa,32950.0,14002.0
GE-0002424,G10,Gestor 10,2025-12,KB-103588,Pyme,Tarjeta de crédito,Treinta y Tres,31-60,WhatsApp,True,60.8,-0.352,objecion,2,Sin acuerdo,56940.0,0.0
GE-0002425,G10,Gestor 10,2025-12,KB-103684,Pyme,Tarjeta de crédito,Montevideo,31-60,Llamada,True,63.4,-0.398,frustracion,5,Sin acuerdo,253800.0,0.0
GE-0002426,G10,Gestor 10,2025-12,KB-105813,Pyme,Préstamo personal,Montevideo,1-30,WhatsApp,True,60.7,-0.084,objecion,3,Promesa,194930.0,99674.0
GE-0002427,G10,Gestor 10,2025-12,KB-103586,Retail,Cuenta corriente,Montevideo,1-30,Llamada,True,69.9,0.261,neutro,4,Pago,10380.0,8390.0
GE-0002428,G10,Gestor 10,2025-12,KB-109474,Pyme,Tarjeta de crédito,Florida,61-90,Llamada,True,76.3,-0.233,dificultad_economica,4,Promesa,48570.0,26580.0
GE-0002429,G10,Gestor 10,2025-12,KB-102818,Corporativo,Tarjeta de crédito,Paysandú,31-60,Llamada,True,55.7,0.696,intencion_pago,3,Pago,1861660.0,1805929.0
GE-0002430,G10,Gestor 10,2025-12,KB-101806,Retail,Cuenta corriente,Montevideo,1-30,Llamada,True,62.2,-0.36,frustracion,1,Pago,15670.0,15353.0
GE-0002431,G11,Gestor 11,2025-12,KB-101542,Retail,Préstamo personal,Paysandú,31-60,Llamada,True,76.1,0.151,neutro,6,Pago,46150.0,39142.0
GE-0002432,G11,Gestor 11,2025-12,KB-104232,Retail,Financiación retail,Montevideo,91-180,Llamada,True,77.1,-0.168,frustracion,5,Pago,61810.0,54574.0
GE-0002433,G11,Gestor 11,2025-12,KB-103108,Retail,Préstamo personal,Montevideo,180+,WhatsApp,True,77.5,-0.051,dificultad_economica,3,Pago,34240.0,20871.0
GE-0002434,G11,Gestor 11,2025-12,KB-104842,Pyme,Préstamo personal,Canelones,31-60,Llamada,True,85.4,0.275,neutro,5,Pago,296530.0,282668.0
GE-0002435,G11,Gestor 11,2025-12,KB-101001,Retail,Préstamo personal,Montevideo,91-180,Llamada,True,67.1,-0.226,dificultad_economica,1,Promesa,28520.0,16905.0
GE-0002436,G11,Gestor 11,2025-12,KB-102775,Retail,Crédito automotor,Rivera,180+,WhatsApp,True,75.3,-0.212,objecion,6,Pago,143050.0,101526.0
GE-0002437,G11,Gestor 11,2025-12,KB-100534,Retail,Tarjeta de crédito,Canelones,91-180,Llamada,True,80.9,-0.313,dificultad_economica,5,Pago,17600.0,16016.0
GE-0002438,G11,Gestor 11,2025-12,KB-101714,Corporativo,Tarjeta de crédito,Maldonado,180+,Llamada,True,78.9,-0.313,frustracion,3,Promesa,903460.0,342887.0
GE-0002439,G11,Gestor 11,2025-12,KB-103259,Retail,Microcrédito,Maldonado,1-30,WhatsApp,True,73.0,0.057,objecion,3,Promesa,44550.0,26427.0
GE-0002440,G11,Gestor 11,2025-12,KB-105230,Pyme,Financiación retail,Canelones,1-30,WhatsApp,True,96.0,0.661,intencion_pago,5,Promesa,277030.0,110975.0
GE-0002441,G11,Gestor 11,2025-12,KB-107874,Retail,Préstamo personal,Maldonado,91-180,Llamada,True,88.0,-0.358,enojo,5,No contacto,9030.0,0.0
GE-0002442,G11,Gestor 11,2025-12,KB-100513,Retail,Tarjeta de crédito,Trinidad,91-180,WhatsApp,True,89.4,0.343,neutro,4,Sin acuerdo,8100.0,0.0
GE-0002443,G11,Gestor 11,2025-12,KB-108386,Corporativo,Tarjeta de crédito,Montevideo,61-90,Llamada,True,94.1,0.138,objecion,4,Sin acuerdo,159030.0,0.0
GE-0002444,G11,Gestor 11,2025-12,KB-100973,Retail,Cuenta corriente,Canelones,91-180,Llamada,True,82.6,-0.192,frustracion,4,Sin acuerdo,22640.0,0.0
GE-0002445,G11,Gestor 11,2025-12,KB-102966,Retail,Préstamo personal,San José,61-90,Llamada,True,75.7,-0.209,dificultad_economica,4,Sin acuerdo,3890.0,0.0
GE-0002446,G11,Gestor 11,2025-12,KB-109123,Retail,Préstamo personal,Montevideo,180+,Llamada,True,74.2,-0.566,enojo,2,No contacto,14670.0,0.0
GE-0002447,G11,Gestor 11,2025-12,KB-102601,Pyme,Tarjeta de crédito,Trinidad,91-180,Llamada,True,64.4,-0.587,enojo,4,Pago,102000.0,73366.0
GE-0002448,G11,Gestor 11,2025-12,KB-100649,Retail,Préstamo personal,Montevideo,1-30,WhatsApp,True,71.6,0.025,ansiedad,4,Pago,33780.0,30384.0
GE-0002449,G11,Gestor 11,2025-12,KB-106725,Retail,Cuenta corriente,Montevideo,61-90,Llamada,True,87.2,0.075,objecion,4,Promesa,13630.0,5135.0
GE-0002450,G11,Gestor 11,2025-12,KB-101036,Retail,Préstamo personal,Rivera,1-30,Llamada,True,75.9,0.613,intencion_pago,5,Promesa,32640.0,18783.0
GE-0002451,G11,Gestor 11,2025-12,KB-109661,Retail,Préstamo personal,Rivera,1-30,Llamada,True,74.8,0.101,neutro,6,Promesa,24300.0,13015.0
GE-0002452,G11,Gestor 11,2025-12,KB-108467,Retail,Préstamo personal,Montevideo,1-30,Llamada,True,79.7,-0.075,ansiedad,3,Promesa,26050.0,14258.0
GE-0002453,G11,Gestor 11,2025-12,KB-100432,Retail,Financiación retail,Maldonado,31-60,Llamada,True,81.8,0.158,neutro,5,Pago,11350.0,8808.0
GE-0002454,G11,Gestor 11,2025-12,KB-100727,Retail,Tarjeta de crédito,Montevideo,31-60,Llamada,True,84.9,-0.446,enojo,5,Promesa,16290.0,9176.0
GE-0002455,G11,Gestor 11,2025-12,KB-103829,Retail,Cuenta corriente,San José,1-30,Llamada,True,76.5,-0.448,frustracion,3,Promesa,54000.0,25398.0
GE-0002456,G11,Gestor 11,2025-12,KB-105548,Retail,Tarjeta de crédito,Canelones,31-60,WhatsApp,True,67.1,-0.291,ansiedad,2,Sin acuerdo,12870.0,0.0
GE-0002457,G11,Gestor 11,2025-12,KB-102682,Retail,Tarjeta de crédito,Florida,1-30,WhatsApp,True,76.4,-0.032,ansiedad,4,Promesa,31940.0,18274.0
GE-0002458,G11,Gestor 11,2025-12,KB-111530,Retail,Préstamo personal,Montevideo,180+,WhatsApp,True,95.8,-0.411,frustracion,7,No contacto,71880.0,0.0
GE-0002459,G11,Gestor 11,2025-12,KB-106597,Pyme,Microcrédito,Montevideo,1-30,Llamada,True,82.2,0.647,intencion_pago,3,Pago,43710.0,37509.0
GE-0002460,G11,Gestor 11,2025-12,KB-106222,Pyme,Cuenta corriente,Tacuarembó,31-60,WhatsApp,True,90.2,0.691,intencion_pago,3,Promesa,233890.0,117486.0
GE-0002461,G11,Gestor 11,2025-12,KB-109295,Retail,Financiación retail,Colonia,31-60,Llamada,True,81.5,-0.344,frustracion,5,Pago,34270.0,32724.0
GE-0002462,G11,Gestor 11,2025-12,KB-101651,Pyme,Crédito automotor,Montevideo,91-180,Llamada,True,72.2,-0.631,enojo,3,Promesa,156590.0,63782.0
GE-0002463,G11,Gestor 11,2025-12,KB-102463,Pyme,Préstamo personal,Colonia,31-60,WhatsApp,True,76.7,0.301,neutro,4,Promesa,164070.0,74574.0
GE-0002464,G11,Gestor 11,2025-12,KB-109130,Retail,Cuenta corriente,Maldonado,31-60,WhatsApp,True,71.2,-0.038,objecion,2,Promesa,63880.0,26476.0
GE-0002465,G11,Gestor 11,2025-12,KB-105583,Pyme,Cuenta corriente,San José,61-90,WhatsApp,True,80.0,0.031,neutro,3,Sin acuerdo,65830.0,0.0
GE-0002466,G11,Gestor 11,2025-12,KB-101218,Retail,Préstamo personal,Montevideo,91-180,Llamada,True,65.3,-0.256,dificultad_economica,3,Promesa,28780.0,11873.0
GE-0002467,G11,Gestor 11,2025-12,KB-103066,Retail,Tarjeta de crédito,Maldonado,180+,WhatsApp,True,87.5,-0.205,frustracion,5,Pago,30170.0,18174.0
GE-0002468,G11,Gestor 11,2025-12,KB-111666,Pyme,Préstamo personal,Treinta y Tres,61-90,Llamada,True,77.1,-0.345,enojo,3,Promesa,73270.0,40810.0
GE-0002469,G11,Gestor 11,2025-12,KB-101076,Retail,Tarjeta de crédito,Montevideo,91-180,WhatsApp,True,93.8,-0.126,ansiedad,6,Promesa,21570.0,11079.0
GE-0002470,G11,Gestor 11,2025-12,KB-103099,Pyme,Tarjeta de crédito,Paysandú,1-30,Llamada,True,85.1,-0.409,enojo,5,Promesa,15970.0,5575.0
GE-0002471,G11,Gestor 11,2025-12,KB-103839,Corporativo,Cuenta corriente,Canelones,180+,WhatsApp,True,66.2,-0.044,objecion,2,Pago,714790.0,563659.0
GE-0002472,G11,Gestor 11,2025-12,KB-105093,Retail,Préstamo personal,Canelones,1-30,WhatsApp,True,74.3,0.224,neutro,4,Promesa,11280.0,6561.0
GE-0002473,G12,Gestor 12,2025-12,KB-111889,Pyme,Préstamo personal,Montevideo,91-180,WhatsApp,True,64.2,-0.256,frustracion,4,No contacto,149550.0,0.0
GE-0002474,G12,Gestor 12,2025-12,KB-102592,Retail,Microcrédito,Durazno,1-30,Llamada,True,79.9,0.569,intencion_pago,4,Promesa,47770.0,20063.0
GE-0002475,G12,Gestor 12,2025-12,KB-111167,Retail,Microcrédito,Canelones,1-30,Llamada,True,72.1,0.606,intencion_pago,4,Sin acuerdo,23160.0,0.0
GE-0002476,G12,Gestor 12,2025-12,KB-105265,Retail,Microcrédito,Montevideo,1-30,WhatsApp,True,86.4,0.295,objecion,4,Promesa,49000.0,16793.0
GE-0002477,G12,Gestor 12,2025-12,KB-111953,Retail,Préstamo personal,Montevideo,91-180,WhatsApp,True,75.6,-0.273,frustracion,3,Pago,27130.0,22414.0
GE-0002478,G12,Gestor 12,2025-12,KB-107375,Pyme,Cuenta corriente,Salto,1-30,Llamada,True,91.2,0.842,intencion_pago,3,Promesa,275410.0,132504.0
GE-0002479,G12,Gestor 12,2025-12,KB-103602,Retail,Tarjeta de crédito,Montevideo,1-30,Llamada,True,69.4,0.437,intencion_pago,2,Promesa,24110.0,7652.0
GE-0002480,G12,Gestor 12,2025-12,KB-103126,Retail,Microcrédito,Canelones,91-180,Llamada,True,82.3,-0.049,dificultad_economica,3,Promesa,33500.0,10483.0
GE-0002481,G12,Gestor 12,2025-12,KB-108326,Retail,Préstamo personal,Canelones,31-60,WhatsApp,True,75.7,0.691,intencion_pago,3,Pago,22420.0,21487.0
GE-0002482,G12,Gestor 12,2025-12,KB-111952,Retail,Préstamo personal,Colonia,31-60,WhatsApp,True,73.0,-0.102,objecion,3,Pago,8550.0,6606.0
GE-0002483,G12,Gestor 12,2025-12,KB-109732,Pyme,Préstamo personal,Maldonado,91-180,WhatsApp,True,69.8,-0.022,objecion,4,Promesa,125330.0,49233.0
GE-0002484,G12,Gestor 12,2025-12,KB-101477,Retail,Crédito automotor,Colonia,1-30,Llamada,True,59.8,-0.482,frustracion,2,No contacto,11360.0,0.0
GE-0002485,G12,Gestor 12,2025-12,KB-107301,Retail,Cuenta corriente,Trinidad,31-60,Llamada,True,90.7,0.145,ansiedad,6,Promesa,28930.0,14115.0
GE-0002486,G12,Gestor 12,2025-12,KB-106101,Retail,Crédito automotor,Montevideo,1-30,Llamada,True,82.9,0.148,neutro,4,Promesa,3620.0,1487.0
GE-0002487,G12,Gestor 12,2025-12,KB-109845,Pyme,Préstamo personal,Florida,31-60,Llamada,True,67.3,0.587,intencion_pago,2,Promesa,113870.0,39271.0
GE-0002488,G12,Gestor 12,2025-12,KB-110728,Retail,Préstamo personal,Montevideo,1-30,Llamada,True,69.8,0.406,intencion_pago,4,Sin acuerdo,42120.0,0.0
GE-0002489,G12,Gestor 12,2025-12,KB-108623,Retail,Crédito automotor,Montevideo,1-30,Llamada,True,77.0,-0.047,neutro,5,Promesa,42510.0,23969.0
GE-0002490,G12,Gestor 12,2025-12,KB-104794,Retail,Microcrédito,Montevideo,1-30,WhatsApp,True,76.2,-0.382,enojo,3,Sin acuerdo,41220.0,0.0
GE-0002491,G12,Gestor 12,2025-12,KB-101169,Retail,Microcrédito,Montevideo,31-60,Llamada,True,70.5,0.465,intencion_pago,3,Pago,28730.0,26896.0
GE-0002492,G12,Gestor 12,2025-12,KB-102522,Pyme,Financiación retail,Montevideo,91-180,WhatsApp,True,72.9,-0.005,ansiedad,3,Sin acuerdo,58650.0,0.0
GE-0002493,G12,Gestor 12,2025-12,KB-111931,Retail,Préstamo personal,Montevideo,1-30,Llamada,True,85.7,0.108,neutro,6,Promesa,47460.0,19116.0
GE-0002494,G12,Gestor 12,2025-12,KB-111425,Retail,Financiación retail,Montevideo,61-90,WhatsApp,True,65.6,-0.172,ansiedad,3,Pago,32500.0,27944.0
GE-0002495,G12,Gestor 12,2025-12,KB-103619,Pyme,Tarjeta de crédito,Artigas,1-30,WhatsApp,True,70.9,0.479,intencion_pago,3,Sin acuerdo,256800.0,0.0
GE-0002496,G12,Gestor 12,2025-12,KB-110054,Pyme,Microcrédito,Colonia,31-60,Llamada,True,72.9,0.592,intencion_pago,4,Promesa,448730.0,181624.0
GE-0002497,G12,Gestor 12,2025-12,KB-104539,Pyme,Préstamo personal,Soriano,31-60,Llamada,True,71.0,0.144,neutro,3,Promesa,116560.0,64216.0
GE-0002498,G12,Gestor 12,2025-12,KB-100488,Retail,Tarjeta de crédito,Montevideo,1-30,WhatsApp,True,73.2,0.049,neutro,4,Promesa,99530.0,51387.0
GE-0002499,G12,Gestor 12,2025-12,KB-107881,Pyme,Tarjeta de crédito,Canelones,180+,WhatsApp,True,68.1,-0.788,enojo,4,Pago,78410.0,47270.0
GE-0002500,G12,Gestor 12,2025-12,KB-110303,Retail,Cuenta corriente,Montevideo,91-180,WhatsApp,True,75.6,0.037,neutro,3,Promesa,36900.0,17415.0
GE-0002501,G12,Gestor 12,2025-12,KB-109935,Pyme,Cuenta corriente,Montevideo,91-180,Llamada,True,72.5,-0.139,dificultad_economica,4,Sin acuerdo,75430.0,0.0
GE-0002502,G12,Gestor 12,2025-12,KB-105030,Corporativo,Crédito automotor,Colonia,61-90,Llamada,True,68.1,-0.172,objecion,4,Promesa,903900.0,514031.0
GE-0002503,G12,Gestor 12,2025-12,KB-102217,Retail,Préstamo personal,Montevideo,31-60,Llamada,True,69.3,0.37,intencion_pago,5,Pago,15540.0,10941.0
GE-0002504,G12,Gestor 12,2025-12,KB-100665,Retail,Tarjeta de crédito,Montevideo,1-30,Llamada,True,64.8,-0.064,ansiedad,2,Sin acuerdo,28460.0,0.0
GE-0002505,G12,Gestor 12,2025-12,KB-110113,Retail,Préstamo personal,Canelones,180+,WhatsApp,True,65.5,-0.063,dificultad_economica,2,No contacto,35880.0,0.0
GE-0002506,G12,Gestor 12,2025-12,KB-103363,Retail,Préstamo personal,Canelones,91-180,Llamada,True,74.7,-0.411,enojo,5,No contacto,33880.0,0.0
GE-0002507,G12,Gestor 12,2025-12,KB-109276,Retail,Préstamo personal,Canelones,31-60,Llamada,True,69.3,-0.061,neutro,5,Sin acuerdo,27630.0,0.0
GE-0002508,G12,Gestor 12,2025-12,KB-102951,Retail,Financiación retail,Paysandú,91-180,Llamada,True,75.8,0.014,dificultad_economica,5,Pago,28740.0,24662.0
GE-0002509,G12,Gestor 12,2025-12,KB-111826,Retail,Préstamo personal,Tacuarembó,31-60,WhatsApp,True,77.0,0.099,ansiedad,5,Promesa,29690.0,12446.0
GE-0002510,G12,Gestor 12,2025-12,KB-104808,Retail,Crédito automotor,Montevideo,61-90,Llamada,True,67.0,-0.292,dificultad_economica,4,Sin acuerdo,31900.0,0.0
GE-0002511,G12,Gestor 12,2025-12,KB-111756,Pyme,Microcrédito,Cerro Largo,31-60,Llamada,True,60.1,-0.028,neutro,3,Promesa,97800.0,51840.0
GE-0002512,G12,Gestor 12,2025-12,KB-109832,Retail,Préstamo personal,Montevideo,61-90,Llamada,True,65.5,0.011,neutro,3,Sin acuerdo,7070.0,0.0
GE-0002513,G12,Gestor 12,2025-12,KB-104459,Retail,Microcrédito,Canelones,1-30,Llamada,True,70.1,0.648,intencion_pago,3,Promesa,5910.0,3329.0
GE-0002514,G12,Gestor 12,2025-12,KB-104292,Retail,Cuenta corriente,Artigas,91-180,WhatsApp,True,72.6,-0.184,objecion,4,Promesa,6310.0,2538.0
GE-0002515,G12,Gestor 12,2025-12,KB-107352,Retail,Tarjeta de crédito,Montevideo,180+,Llamada,True,71.9,-0.515,frustracion,3,Promesa,37040.0,21224.0
GE-0002516,G12,Gestor 12,2025-12,KB-108181,Pyme,Tarjeta de crédito,Canelones,31-60,Llamada,True,71.2,-0.419,frustracion,4,Sin acuerdo,57690.0,0.0
GE-0002517,G01,Gestor 01,2026-01,KB-107544,Retail,Tarjeta de crédito,Montevideo,91-180,Llamada,False,58.5,-0.39,ansiedad,4,Promesa,32300.0,14332.0
GE-0002518,G01,Gestor 01,2026-01,KB-111693,Corporativo,Tarjeta de crédito,Maldonado,91-180,Llamada,False,73.7,-0.105,objecion,5,Promesa,1169100.0,441270.0
GE-0002519,G01,Gestor 01,2026-01,KB-100448,Pyme,Préstamo personal,Montevideo,61-90,WhatsApp,False,63.8,-0.29,dificultad_economica,4,Promesa,23990.0,11732.0
GE-0002520,G01,Gestor 01,2026-01,KB-102100,Retail,Préstamo personal,Montevideo,1-30,Llamada,False,68.1,-0.206,objecion,2,Promesa,17300.0,6721.0
GE-0002521,G01,Gestor 01,2026-01,KB-100084,Retail,Crédito automotor,Montevideo,91-180,WhatsApp,False,72.4,0.165,neutro,4,Pago,13340.0,9681.0
GE-0002522,G01,Gestor 01,2026-01,KB-108518,Corporativo,Cuenta corriente,Salto,1-30,WhatsApp,False,68.5,0.448,intencion_pago,2,Pago,384830.0,293314.0
GE-0002523,G01,Gestor 01,2026-01,KB-102288,Retail,Microcrédito,Montevideo,31-60,WhatsApp,False,47.4,-0.003,neutro,3,Sin acuerdo,37480.0,0.0
GE-0002524,G01,Gestor 01,2026-01,KB-103154,Retail,Préstamo personal,Salto,91-180,Llamada,False,66.4,-0.181,ansiedad,4,Pago,20400.0,19814.0
GE-0002525,G01,Gestor 01,2026-01,KB-102715,Retail,Microcrédito,Montevideo,1-30,Llamada,False,64.2,0.391,intencion_pago,3,Sin acuerdo,10640.0,0.0
GE-0002526,G01,Gestor 01,2026-01,KB-107507,Retail,Préstamo personal,Colonia,61-90,Llamada,False,58.5,-0.282,ansiedad,4,Sin acuerdo,46050.0,0.0
GE-0002527,G01,Gestor 01,2026-01,KB-101209,Retail,Financiación retail,San José,91-180,WhatsApp,False,87.5,-0.146,dificultad_economica,5,Sin acuerdo,62070.0,0.0
GE-0002528,G01,Gestor 01,2026-01,KB-107098,Retail,Tarjeta de crédito,San José,31-60,Llamada,False,65.0,0.056,objecion,3,Pago,32740.0,23580.0
GE-0002529,G01,Gestor 01,2026-01,KB-102077,Corporativo,Microcrédito,Canelones,31-60,Llamada,False,63.7,-0.484,frustracion,3,Sin acuerdo,197980.0,0.0
GE-0002530,G01,Gestor 01,2026-01,KB-111816,Retail,Préstamo personal,Montevideo,1-30,WhatsApp,False,70.1,-0.268,frustracion,2,Promesa,61090.0,35365.0
GE-0002531,G01,Gestor 01,2026-01,KB-109940,Pyme,Tarjeta de crédito,Montevideo,1-30,Llamada,False,65.5,-0.219,frustracion,4,No contacto,629400.0,0.0
GE-0002532,G01,Gestor 01,2026-01,KB-104726,Retail,Microcrédito,Montevideo,31-60,WhatsApp,False,62.6,-0.178,frustracion,3,Promesa,15770.0,7838.0
GE-0002533,G01,Gestor 01,2026-01,KB-111683,Retail,Tarjeta de crédito,Maldonado,1-30,WhatsApp,False,65.9,0.559,intencion_pago,3,Pago,41220.0,39557.0
GE-0002534,G01,Gestor 01,2026-01,KB-102499,Retail,Financiación retail,Canelones,1-30,WhatsApp,False,60.1,0.237,intencion_pago,4,Sin acuerdo,24250.0,0.0
GE-0002535,G01,Gestor 01,2026-01,KB-106756,Retail,Tarjeta de crédito,Soriano,1-30,WhatsApp,False,67.9,0.485,intencion_pago,3,Sin acuerdo,37430.0,0.0
GE-0002536,G01,Gestor 01,2026-01,KB-102418,Retail,Préstamo personal,Canelones,31-60,Llamada,False,64.3,0.378,intencion_pago,3,Promesa,48240.0,17569.0
GE-0002537,G01,Gestor 01,2026-01,KB-101115,Pyme,Tarjeta de crédito,Soriano,1-30,WhatsApp,False,62.8,0.099,neutro,4,Pago,74310.0,49936.0
GE-0002538,G01,Gestor 01,2026-01,KB-107595,Retail,Préstamo personal,Canelones,1-30,Llamada,False,77.5,0.395,intencion_pago,4,Pago,24880.0,20032.0
GE-0002539,G01,Gestor 01,2026-01,KB-107309,Retail,Préstamo personal,Paysandú,61-90,WhatsApp,False,74.4,0.273,neutro,4,Sin acuerdo,10430.0,0.0
GE-0002540,G01,Gestor 01,2026-01,KB-100322,Retail,Crédito automotor,Montevideo,1-30,Llamada,False,66.1,0.2,neutro,4,No contacto,19360.0,0.0
GE-0002541,G01,Gestor 01,2026-01,KB-105898,Pyme,Tarjeta de crédito,Treinta y Tres,61-90,Llamada,False,51.8,0.027,objecion,1,Promesa,50780.0,18943.0
GE-0002542,G01,Gestor 01,2026-01,KB-103632,Retail,Financiación retail,San José,1-30,WhatsApp,False,61.1,-0.248,ansiedad,4,Pago,29170.0,25325.0
GE-0002543,G01,Gestor 01,2026-01,KB-106614,Retail,Microcrédito,Montevideo,31-60,Llamada,False,55.8,0.055,objecion,4,Promesa,46020.0,21187.0
GE-0002544,G01,Gestor 01,2026-01,KB-100522,Retail,Tarjeta de crédito,Montevideo,1-30,WhatsApp,False,56.9,0.486,intencion_pago,4,Sin acuerdo,12390.0,0.0
GE-0002545,G01,Gestor 01,2026-01,KB-102670,Retail,Cuenta corriente,San José,91-180,Llamada,False,64.4,-0.154,objecion,4,No contacto,38160.0,0.0
GE-0002546,G01,Gestor 01,2026-01,KB-111389,Pyme,Cuenta corriente,Tacuarembó,61-90,Llamada,False,67.6,-0.489,enojo,3,No contacto,137590.0,0.0
GE-0002547,G01,Gestor 01,2026-01,KB-108817,Retail,Tarjeta de crédito,Durazno,61-90,WhatsApp,False,61.3,0.098,neutro,4,No contacto,39210.0,0.0
GE-0002548,G01,Gestor 01,2026-01,KB-111327,Corporativo,Tarjeta de crédito,Montevideo,31-60,Llamada,False,64.9,0.46,intencion_pago,2,Pago,744470.0,533707.0
GE-0002549,G01,Gestor 01,2026-01,KB-107510,Pyme,Préstamo personal,Colonia,1-30,WhatsApp,False,80.6,-0.211,ansiedad,5,Promesa,27510.0,14050.0
GE-0002550,G01,Gestor 01,2026-01,KB-103419,Pyme,Financiación retail,Canelones,61-90,WhatsApp,False,63.9,-0.307,dificultad_economica,1,Pago,143700.0,120118.0
GE-0002551,G01,Gestor 01,2026-01,KB-108425,Retail,Préstamo personal,Maldonado,31-60,Llamada,False,74.3,0.624,intencion_pago,1,Sin acuerdo,16320.0,0.0
GE-0002552,G01,Gestor 01,2026-01,KB-106481,Retail,Préstamo personal,Tacuarembó,91-180,WhatsApp,False,77.7,-0.54,enojo,3,Pago,100870.0,70962.0
GE-0002553,G01,Gestor 01,2026-01,KB-101873,Retail,Cuenta corriente,Montevideo,1-30,Llamada,False,77.3,0.588,intencion_pago,4,Pago,38510.0,36190.0
GE-0002554,G01,Gestor 01,2026-01,KB-104861,Retail,Cuenta corriente,Colonia,61-90,WhatsApp,False,58.9,0.209,neutro,1,Pago,92160.0,86387.0
GE-0002555,G01,Gestor 01,2026-01,KB-100286,Pyme,Microcrédito,Salto,1-30,WhatsApp,False,60.1,-0.2,ansiedad,2,Promesa,83730.0,34080.0
GE-0002556,G01,Gestor 01,2026-01,KB-107184,Corporativo,Tarjeta de crédito,Montevideo,31-60,Llamada,False,63.0,0.061,neutro,3,Promesa,1126700.0,468698.0
GE-0002557,G01,Gestor 01,2026-01,KB-102334,Retail,Préstamo personal,San José,1-30,WhatsApp,False,61.8,0.722,intencion_pago,1,Promesa,14430.0,7611.0
GE-0002558,G01,Gestor 01,2026-01,KB-102756,Retail,Préstamo personal,Maldonado,91-180,Llamada,False,53.4,-0.595,enojo,2,Sin acuerdo,12400.0,0.0
GE-0002559,G01,Gestor 01,2026-01,KB-107425,Corporativo,Tarjeta de crédito,San José,91-180,Llamada,False,66.1,-0.371,dificultad_economica,3,Promesa,455490.0,150854.0
GE-0002560,G01,Gestor 01,2026-01,KB-100160,Retail,Crédito automotor,San José,91-180,Llamada,False,67.2,-0.064,objecion,2,Pago,72690.0,71300.0
GE-0002561,G01,Gestor 01,2026-01,KB-104489,Retail,Préstamo personal,Maldonado,91-180,Llamada,False,66.6,-0.092,ansiedad,3,Sin acuerdo,34400.0,0.0
GE-0002562,G02,Gestor 02,2026-01,KB-108561,Retail,Préstamo personal,Montevideo,91-180,Llamada,False,64.2,-0.145,objecion,2,Promesa,13130.0,6142.0
GE-0002563,G02,Gestor 02,2026-01,KB-105456,Pyme,Tarjeta de crédito,Canelones,91-180,Llamada,False,53.3,-0.229,ansiedad,3,Sin acuerdo,338760.0,0.0
GE-0002564,G02,Gestor 02,2026-01,KB-104465,Pyme,Microcrédito,Canelones,91-180,Llamada,False,46.6,-0.518,frustracion,2,Sin acuerdo,43480.0,0.0
GE-0002565,G02,Gestor 02,2026-01,KB-111274,Retail,Préstamo personal,San José,180+,Llamada,False,56.5,-0.619,enojo,3,Sin acuerdo,5370.0,0.0
GE-0002566,G02,Gestor 02,2026-01,KB-107578,Retail,Tarjeta de crédito,Canelones,1-30,Llamada,False,43.3,-0.058,ansiedad,1,Pago,43770.0,32820.0
GE-0002567,G02,Gestor 02,2026-01,KB-111441,Pyme,Tarjeta de crédito,Cerro Largo,1-30,WhatsApp,False,33.7,-0.259,ansiedad,1,No contacto,78220.0,0.0
GE-0002568,G02,Gestor 02,2026-01,KB-107153,Pyme,Tarjeta de crédito,Montevideo,61-90,WhatsApp,False,50.0,-0.409,dificultad_economica,2,Sin acuerdo,322330.0,0.0
GE-0002569,G02,Gestor 02,2026-01,KB-102736,Retail,Préstamo personal,Montevideo,1-30,WhatsApp,False,38.6,0.37,intencion_pago,2,Sin acuerdo,35400.0,0.0
GE-0002570,G02,Gestor 02,2026-01,KB-108967,Retail,Cuenta corriente,Paysandú,91-180,Llamada,False,48.4,-0.473,dificultad_economica,2,No contacto,20030.0,0.0
GE-0002571,G02,Gestor 02,2026-01,KB-108465,Pyme,Préstamo personal,Montevideo,61-90,WhatsApp,False,51.2,-0.187,ansiedad,3,Pago,27790.0,26436.0
GE-0002572,G02,Gestor 02,2026-01,KB-102754,Pyme,Tarjeta de crédito,Montevideo,1-30,Llamada,False,44.9,0.413,intencion_pago,2,Pago,70170.0,59194.0
GE-0002573,G02,Gestor 02,2026-01,KB-108253,Retail,Crédito automotor,Canelones,1-30,Llamada,False,46.9,-0.249,ansiedad,2,No contacto,43640.0,0.0
GE-0002574,G02,Gestor 02,2026-01,KB-110150,Pyme,Préstamo personal,Salto,180+,Llamada,False,41.5,-0.737,enojo,3,Sin acuerdo,97990.0,0.0
GE-0002575,G02,Gestor 02,2026-01,KB-106578,Retail,Financiación retail,Maldonado,91-180,WhatsApp,False,52.3,-0.2,dificultad_economica,4,Promesa,19400.0,7420.0
GE-0002576,G02,Gestor 02,2026-01,KB-105032,Retail,Cuenta corriente,Rivera,1-30,Llamada,False,62.4,0.129,neutro,2,Promesa,15010.0,6967.0
GE-0002577,G02,Gestor 02,2026-01,KB-106546,Retail,Tarjeta de crédito,Montevideo,180+,Llamada,False,36.7,-0.51,objecion,1,No contacto,67770.0,0.0
GE-0002578,G02,Gestor 02,2026-01,KB-104617,Retail,Crédito automotor,Montevideo,1-30,Llamada,False,41.2,-0.402,ansiedad,3,Sin acuerdo,14950.0,0.0
GE-0002579,G02,Gestor 02,2026-01,KB-103937,Retail,Cuenta corriente,Artigas,31-60,WhatsApp,False,43.5,-0.622,enojo,2,Promesa,82440.0,28307.0
GE-0002580,G02,Gestor 02,2026-01,KB-105512,Corporativo,Préstamo personal,Montevideo,180+,WhatsApp,False,46.6,-0.166,dificultad_economica,2,Pago,817020.0,687206.0
GE-0002581,G02,Gestor 02,2026-01,KB-110387,Retail,Préstamo personal,Montevideo,180+,Llamada,False,60.1,-0.416,frustracion,4,Pago,106740.0,100917.0
GE-0002582,G02,Gestor 02,2026-01,KB-110404,Pyme,Financiación retail,Canelones,31-60,Llamada,False,47.3,-0.21,objecion,2,Sin acuerdo,464700.0,0.0
GE-0002583,G02,Gestor 02,2026-01,KB-100727,Retail,Tarjeta de crédito,Montevideo,31-60,Llamada,False,53.9,-0.001,neutro,2,Pago,16290.0,15492.0
GE-0002584,G02,Gestor 02,2026-01,KB-101781,Corporativo,Tarjeta de crédito,Montevideo,1-30,WhatsApp,False,49.5,0.571,intencion_pago,3,Promesa,853810.0,439969.0
GE-0002585,G02,Gestor 02,2026-01,KB-108904,Retail,Microcrédito,Montevideo,61-90,Llamada,False,55.3,0.021,objecion,4,Sin acuerdo,47730.0,0.0
GE-0002586,G02,Gestor 02,2026-01,KB-100502,Retail,Cuenta corriente,Canelones,91-180,WhatsApp,False,52.7,-0.016,objecion,4,No contacto,12910.0,0.0
GE-0002587,G02,Gestor 02,2026-01,KB-108189,Pyme,Tarjeta de crédito,San José,91-180,Llamada,False,68.3,-0.077,objecion,3,Promesa,182510.0,96571.0
GE-0002588,G02,Gestor 02,2026-01,KB-108742,Retail,Financiación retail,Montevideo,180+,Llamada,False,63.6,-0.361,frustracion,2,Sin acuerdo,51830.0,0.0
GE-0002589,G02,Gestor 02,2026-01,KB-102306,Retail,Crédito automotor,Canelones,31-60,WhatsApp,False,43.6,-0.566,frustracion,2,Promesa,13880.0,7935.0
GE-0002590,G02,Gestor 02,2026-01,KB-110550,Pyme,Tarjeta de crédito,Canelones,31-60,WhatsApp,False,46.1,-0.167,objecion,3,No contacto,105150.0,0.0
GE-0002591,G02,Gestor 02,2026-01,KB-107730,Pyme,Financiación retail,Soriano,91-180,WhatsApp,False,50.1,0.237,neutro,2,No contacto,51630.0,0.0
GE-0002592,G02,Gestor 02,2026-01,KB-109833,Corporativo,Préstamo personal,Montevideo,1-30,Llamada,False,48.0,0.469,intencion_pago,4,Promesa,769800.0,252734.0
GE-0002593,G02,Gestor 02,2026-01,KB-100343,Retail,Crédito automotor,Montevideo,1-30,WhatsApp,False,48.0,-0.069,ansiedad,3,Pago,11870.0,9897.0
GE-0002594,G02,Gestor 02,2026-01,KB-102839,Retail,Tarjeta de crédito,Salto,31-60,WhatsApp,False,51.3,-0.018,neutro,3,Promesa,68940.0,31320.0
GE-0002595,G02,Gestor 02,2026-01,KB-110743,Retail,Microcrédito,Colonia,1-30,WhatsApp,False,41.4,-0.377,objecion,1,No contacto,33080.0,0.0
GE-0002596,G02,Gestor 02,2026-01,KB-111023,Retail,Tarjeta de crédito,Canelones,61-90,Llamada,False,44.7,0.003,neutro,4,Pago,62620.0,39077.0
GE-0002597,G02,Gestor 02,2026-01,KB-107712,Retail,Tarjeta de crédito,Canelones,31-60,WhatsApp,False,63.0,-0.034,objecion,3,Promesa,33050.0,14830.0
GE-0002598,G02,Gestor 02,2026-01,KB-108326,Retail,Préstamo personal,Canelones,31-60,Llamada,False,47.7,0.144,neutro,3,No contacto,22420.0,0.0
GE-0002599,G02,Gestor 02,2026-01,KB-107147,Retail,Microcrédito,Cerro Largo,61-90,WhatsApp,False,47.2,-0.414,ansiedad,2,No contacto,12060.0,0.0
GE-0002600,G02,Gestor 02,2026-01,KB-107784,Retail,Préstamo personal,Montevideo,91-180,WhatsApp,False,54.4,-0.525,dificultad_economica,1,Promesa,30820.0,13316.0
GE-0002601,G03,Gestor 03,2026-01,KB-103478,Retail,Cuenta corriente,Montevideo,31-60,Llamada,True,65.0,0.101,objecion,5,Pago,68630.0,63535.0
GE-0002602,G03,Gestor 03,2026-01,KB-108864,Retail,Préstamo personal,Canelones,1-30,Llamada,True,78.6,0.352,intencion_pago,5,Promesa,15660.0,8723.0
GE-0002603,G03,Gestor 03,2026-01,KB-111573,Retail,Crédito automotor,Salto,91-180,WhatsApp,True,69.9,-0.284,ansiedad,3,Sin acuerdo,25580.0,0.0
GE-0002604,G03,Gestor 03,2026-01,KB-106124,Retail,Microcrédito,Canelones,31-60,Llamada,True,75.8,0.212,neutro,5,Promesa,83640.0,30024.0
GE-0002605,G03,Gestor 03,2026-01,KB-109952,Retail,Préstamo personal,Canelones,91-180,WhatsApp,True,80.2,0.472,neutro,5,Promesa,76540.0,34509.0
GE-0002606,G03,Gestor 03,2026-01,KB-101287,Retail,Financiación retail,Montevideo,180+,Llamada,True,70.6,-0.185,dificultad_economica,3,Pago,115990.0,75401.0
GE-0002607,G03,Gestor 03,2026-01,KB-103052,Retail,Cuenta corriente,Montevideo,91-180,Llamada,True,59.7,-0.403,dificultad_economica,2,No contacto,79750.0,0.0
GE-0002608,G03,Gestor 03,2026-01,KB-110450,Pyme,Tarjeta de crédito,Salto,91-180,WhatsApp,True,72.8,-0.101,objecion,4,Promesa,62440.0,26837.0
GE-0002609,G03,Gestor 03,2026-01,KB-101251,Retail,Tarjeta de crédito,San José,91-180,WhatsApp,True,73.9,-0.252,dificultad_economica,4,Pago,21140.0,16935.0
GE-0002610,G03,Gestor 03,2026-01,KB-108882,Retail,Crédito automotor,Canelones,91-180,WhatsApp,True,57.6,-0.271,dificultad_economica,3,No contacto,31190.0,0.0
GE-0002611,G03,Gestor 03,2026-01,KB-108769,Corporativo,Préstamo personal,Montevideo,1-30,Llamada,True,79.2,-0.065,neutro,5,Promesa,1127190.0,618750.0
GE-0002612,G03,Gestor 03,2026-01,KB-106984,Corporativo,Tarjeta de crédito,Colonia,180+,Llamada,True,65.4,-0.127,dificultad_economica,2,No contacto,1882960.0,0.0
GE-0002613,G03,Gestor 03,2026-01,KB-111177,Retail,Tarjeta de crédito,Maldonado,61-90,Llamada,True,72.5,-0.26,frustracion,5,Pago,94980.0,62931.0
GE-0002614,G03,Gestor 03,2026-01,KB-107453,Retail,Financiación retail,Tacuarembó,31-60,Llamada,True,74.9,0.419,intencion_pago,3,Pago,73420.0,59453.0
GE-0002615,G03,Gestor 03,2026-01,KB-104969,Retail,Préstamo personal,Canelones,91-180,Llamada,True,74.6,-0.218,dificultad_economica,3,Pago,33700.0,31967.0
GE-0002616,G03,Gestor 03,2026-01,KB-102213,Pyme,Préstamo personal,Montevideo,180+,WhatsApp,True,63.8,-0.401,frustracion,4,Sin acuerdo,188310.0,0.0
GE-0002617,G03,Gestor 03,2026-01,KB-100167,Retail,Microcrédito,Canelones,1-30,Llamada,True,87.7,0.343,neutro,6,Promesa,31960.0,18015.0
GE-0002618,G03,Gestor 03,2026-01,KB-107340,Retail,Tarjeta de crédito,Montevideo,91-180,WhatsApp,True,84.1,-0.264,dificultad_economica,4,Sin acuerdo,55670.0,0.0
GE-0002619,G03,Gestor 03,2026-01,KB-107526,Retail,Préstamo personal,Montevideo,180+,WhatsApp,True,81.6,-0.296,frustracion,3,No contacto,8300.0,0.0
GE-0002620,G03,Gestor 03,2026-01,KB-110625,Pyme,Préstamo personal,Montevideo,61-90,Llamada,True,63.3,0.043,objecion,4,Pago,53180.0,33001.0
GE-0002621,G03,Gestor 03,2026-01,KB-109477,Retail,Microcrédito,Colonia,1-30,Llamada,True,70.0,-0.217,ansiedad,4,Promesa,11490.0,6447.0
GE-0002622,G03,Gestor 03,2026-01,KB-106850,Retail,Financiación retail,Canelones,1-30,Llamada,True,67.2,0.36,intencion_pago,3,Promesa,6470.0,3803.0
GE-0002623,G03,Gestor 03,2026-01,KB-104500,Retail,Microcrédito,Montevideo,61-90,WhatsApp,True,83.3,-0.267,dificultad_economica,4,Promesa,48590.0,18415.0
GE-0002624,G03,Gestor 03,2026-01,KB-104436,Pyme,Financiación retail,Montevideo,91-180,Llamada,True,71.6,0.025,neutro,5,Promesa,73660.0,24636.0
GE-0002625,G03,Gestor 03,2026-01,KB-102607,Retail,Financiación retail,Maldonado,61-90,WhatsApp,True,62.2,-0.306,ansiedad,2,Promesa,14780.0,6961.0
GE-0002626,G03,Gestor 03,2026-01,KB-100023,Pyme,Financiación retail,Treinta y Tres,91-180,Llamada,True,73.1,-0.429,enojo,5,Pago,133150.0,91268.0
GE-0002627,G03,Gestor 03,2026-01,KB-108383,Retail,Tarjeta de crédito,Montevideo,31-60,WhatsApp,True,87.8,-0.161,objecion,3,Promesa,49400.0,21960.0
GE-0002628,G03,Gestor 03,2026-01,KB-110021,Pyme,Cuenta corriente,San José,61-90,WhatsApp,True,72.9,0.054,neutro,3,Pago,398070.0,316295.0
GE-0002629,G03,Gestor 03,2026-01,KB-105780,Retail,Financiación retail,Montevideo,91-180,Llamada,True,72.0,-0.065,ansiedad,4,Promesa,47500.0,17718.0
GE-0002630,G03,Gestor 03,2026-01,KB-110466,Retail,Tarjeta de crédito,Montevideo,1-30,Llamada,True,65.7,0.188,neutro,3,Sin acuerdo,28600.0,0.0
GE-0002631,G03,Gestor 03,2026-01,KB-108142,Pyme,Préstamo personal,Maldonado,91-180,WhatsApp,True,70.4,-0.312,frustracion,3,Sin acuerdo,56460.0,0.0
GE-0002632,G03,Gestor 03,2026-01,KB-101089,Pyme,Préstamo personal,Canelones,61-90,Llamada,True,77.7,-0.179,dificultad_economica,5,Sin acuerdo,125600.0,0.0
GE-0002633,G03,Gestor 03,2026-01,KB-104944,Retail,Tarjeta de crédito,Montevideo,61-90,WhatsApp,True,75.7,-0.126,ansiedad,3,Promesa,29640.0,10953.0
GE-0002634,G03,Gestor 03,2026-01,KB-100768,Retail,Préstamo personal,Canelones,91-180,Llamada,True,64.7,0.123,neutro,4,Pago,20820.0,16971.0
GE-0002635,G03,Gestor 03,2026-01,KB-111003,Pyme,Microcrédito,San José,61-90,Llamada,True,75.7,-0.269,ansiedad,6,Promesa,187820.0,80942.0
GE-0002636,G03,Gestor 03,2026-01,KB-100276,Retail,Cuenta corriente,Montevideo,1-30,Llamada,True,70.8,0.294,intencion_pago,5,Pago,42800.0,36713.0
GE-0002637,G03,Gestor 03,2026-01,KB-105041,Pyme,Tarjeta de crédito,Maldonado,31-60,WhatsApp,True,67.3,-0.348,frustracion,3,Promesa,178970.0,96779.0
GE-0002638,G03,Gestor 03,2026-01,KB-100890,Retail,Crédito automotor,Canelones,31-60,Llamada,True,74.1,0.121,neutro,2,Pago,53330.0,43681.0
GE-0002639,G03,Gestor 03,2026-01,KB-107514,Pyme,Préstamo personal,Montevideo,1-30,Llamada,True,67.4,0.541,intencion_pago,3,Sin acuerdo,279650.0,0.0
GE-0002640,G04,Gestor 04,2026-01,KB-103544,Retail,Tarjeta de crédito,Canelones,31-60,Llamada,True,84.3,0.446,neutro,4,Pago,28510.0,27809.0
GE-0002641,G04,Gestor 04,2026-01,KB-110916,Corporativo,Tarjeta de crédito,Montevideo,61-90,WhatsApp,True,84.6,-0.166,frustracion,5,Sin acuerdo,197540.0,0.0
GE-0002642,G04,Gestor 04,2026-01,KB-103569,Pyme,Préstamo personal,Artigas,61-90,WhatsApp,True,71.8,-0.284,ansiedad,2,Sin acuerdo,152130.0,0.0
GE-0002643,G04,Gestor 04,2026-01,KB-100829,Retail,Crédito automotor,Florida,61-90,WhatsApp,True,75.3,-0.501,enojo,4,Sin acuerdo,86240.0,0.0
GE-0002644,G04,Gestor 04,2026-01,KB-103610,Retail,Tarjeta de crédito,Flores,1-30,WhatsApp,True,73.6,0.546,intencion_pago,3,Pago,17470.0,14853.0
GE-0002645,G04,Gestor 04,2026-01,KB-110244,Retail,Financiación retail,Canelones,61-90,WhatsApp,True,72.1,0.01,objecion,5,Sin acuerdo,23960.0,0.0
GE-0002646,G04,Gestor 04,2026-01,KB-105028,Corporativo,Tarjeta de crédito,Montevideo,1-30,Llamada,True,78.9,-0.364,frustracion,5,Pago,927090.0,803757.0
GE-0002647,G04,Gestor 04,2026-01,KB-111195,Retail,Préstamo personal,Montevideo,61-90,WhatsApp,True,86.6,0.086,objecion,3,Pago,32500.0,25764.0
GE-0002648,G04,Gestor 04,2026-01,KB-108656,Pyme,Tarjeta de crédito,Canelones,1-30,Llamada,True,78.7,0.594,intencion_pago,6,Promesa,83830.0,43701.0
GE-0002649,G04,Gestor 04,2026-01,KB-106941,Retail,Crédito automotor,Rocha,1-30,WhatsApp,True,75.0,-0.055,objecion,2,Pago,14330.0,11783.0
GE-0002650,G04,Gestor 04,2026-01,KB-103946,Retail,Préstamo personal,Tacuarembó,61-90,Llamada,True,54.2,-0.22,objecion,2,Sin acuerdo,30460.0,0.0
GE-0002651,G04,Gestor 04,2026-01,KB-107056,Pyme,Préstamo personal,Montevideo,1-30,WhatsApp,True,73.0,-0.288,frustracion,5,Promesa,28010.0,14947.0
GE-0002652,G04,Gestor 04,2026-01,KB-105260,Corporativo,Tarjeta de crédito,Canelones,31-60,Llamada,True,83.3,-0.031,ansiedad,5,Pago,8000000.0,7506835.0
GE-0002653,G04,Gestor 04,2026-01,KB-101890,Pyme,Préstamo personal,Florida,91-180,WhatsApp,True,78.7,-0.637,enojo,3,Pago,53110.0,32222.0
GE-0002654,G04,Gestor 04,2026-01,KB-111016,Retail,Tarjeta de crédito,Montevideo,1-30,Llamada,True,82.7,-0.204,ansiedad,5,Pago,26500.0,25775.0
GE-0002655,G04,Gestor 04,2026-01,KB-111205,Retail,Cuenta corriente,Canelones,31-60,Llamada,True,59.6,-0.017,ansiedad,2,Promesa,12220.0,6830.0
GE-0002656,G04,Gestor 04,2026-01,KB-107908,Pyme,Préstamo personal,Soriano,31-60,Llamada,True,60.3,-0.063,neutro,3,Pago,90660.0,89881.0
GE-0002657,G04,Gestor 04,2026-01,KB-101923,Pyme,Préstamo personal,Montevideo,61-90,WhatsApp,True,63.0,-0.043,neutro,2,Sin acuerdo,158470.0,0.0
GE-0002658,G04,Gestor 04,2026-01,KB-105987,Retail,Crédito automotor,Montevideo,61-90,Llamada,True,59.9,-0.095,neutro,3,Promesa,75780.0,43844.0
GE-0002659,G04,Gestor 04,2026-01,KB-107275,Retail,Préstamo personal,Maldonado,1-30,WhatsApp,True,75.9,0.137,neutro,4,Pago,22440.0,19303.0
GE-0002660,G04,Gestor 04,2026-01,KB-106309,Retail,Tarjeta de crédito,Durazno,1-30,Llamada,True,76.2,-0.107,objecion,5,No contacto,66800.0,0.0
GE-0002661,G04,Gestor 04,2026-01,KB-102074,Retail,Tarjeta de crédito,Soriano,91-180,WhatsApp,True,86.3,-0.097,ansiedad,3,Pago,23400.0,16402.0
GE-0002662,G04,Gestor 04,2026-01,KB-108104,Pyme,Préstamo personal,Soriano,31-60,Llamada,True,88.8,0.49,intencion_pago,3,Pago,99780.0,94346.0
GE-0002663,G04,Gestor 04,2026-01,KB-110026,Retail,Financiación retail,Montevideo,1-30,WhatsApp,True,79.7,-0.149,objecion,4,Pago,21630.0,19666.0
GE-0002664,G04,Gestor 04,2026-01,KB-111536,Retail,Préstamo personal,Treinta y Tres,61-90,Llamada,True,76.6,-0.032,objecion,5,Pago,95380.0,69504.0
GE-0002665,G04,Gestor 04,2026-01,KB-106444,Retail,Préstamo personal,Soriano,180+,WhatsApp,True,85.5,-0.416,enojo,5,Sin acuerdo,7380.0,0.0
GE-0002666,G04,Gestor 04,2026-01,KB-106496,Retail,Tarjeta de crédito,Canelones,31-60,Llamada,True,84.4,0.053,ansiedad,4,Sin acuerdo,22670.0,0.0
GE-0002667,G04,Gestor 04,2026-01,KB-101056,Pyme,Préstamo personal,Montevideo,1-30,Llamada,True,82.6,0.538,intencion_pago,4,Promesa,231320.0,114821.0
GE-0002668,G04,Gestor 04,2026-01,KB-106320,Corporativo,Tarjeta de crédito,Treinta y Tres,180+,WhatsApp,True,57.3,-0.189,ansiedad,3,Promesa,346220.0,151574.0
GE-0002669,G04,Gestor 04,2026-01,KB-106368,Retail,Cuenta corriente,Canelones,1-30,Llamada,True,76.0,-0.417,frustracion,5,No contacto,6210.0,0.0
GE-0002670,G04,Gestor 04,2026-01,KB-109076,Retail,Tarjeta de crédito,Río Negro,61-90,WhatsApp,True,71.5,0.344,neutro,3,Promesa,41030.0,23647.0
GE-0002671,G04,Gestor 04,2026-01,KB-105046,Retail,Financiación retail,Montevideo,1-30,Llamada,True,68.3,0.11,neutro,4,Promesa,34350.0,19355.0
GE-0002672,G04,Gestor 04,2026-01,KB-110783,Retail,Tarjeta de crédito,Canelones,1-30,Llamada,True,79.6,0.538,intencion_pago,5,Pago,25460.0,24240.0
GE-0002673,G04,Gestor 04,2026-01,KB-101281,Corporativo,Préstamo personal,Paysandú,1-30,Llamada,True,84.2,0.254,neutro,4,Sin acuerdo,651370.0,0.0
GE-0002674,G04,Gestor 04,2026-01,KB-103221,Corporativo,Tarjeta de crédito,Canelones,61-90,Llamada,True,57.1,-0.585,enojo,4,No contacto,417480.0,0.0
GE-0002675,G04,Gestor 04,2026-01,KB-106781,Pyme,Tarjeta de crédito,Canelones,31-60,WhatsApp,True,63.4,0.22,intencion_pago,3,Promesa,214080.0,120561.0
GE-0002676,G04,Gestor 04,2026-01,KB-108262,Pyme,Microcrédito,Paysandú,91-180,Llamada,True,77.1,-0.186,objecion,6,Pago,116440.0,72342.0
GE-0002677,G04,Gestor 04,2026-01,KB-111348,Pyme,Financiación retail,Montevideo,91-180,Llamada,True,69.1,-0.076,objecion,5,Promesa,255480.0,79402.0
GE-0002678,G04,Gestor 04,2026-01,KB-107616,Retail,Microcrédito,Trinidad,91-180,WhatsApp,True,71.0,-0.422,enojo,5,Pago,24770.0,21213.0
GE-0002679,G04,Gestor 04,2026-01,KB-106349,Corporativo,Crédito automotor,Montevideo,61-90,WhatsApp,True,74.4,-0.052,objecion,5,Pago,401220.0,361033.0
GE-0002680,G04,Gestor 04,2026-01,KB-106209,Retail,Préstamo personal,Colonia,31-60,Llamada,True,88.0,0.554,intencion_pago,4,Sin acuerdo,66930.0,0.0
GE-0002681,G04,Gestor 04,2026-01,KB-103964,Retail,Financiación retail,Tacuarembó,31-60,Llamada,True,76.7,0.084,neutro,4,Promesa,30690.0,14731.0
GE-0002682,G04,Gestor 04,2026-01,KB-100073,Retail,Microcrédito,Montevideo,31-60,Llamada,True,75.2,0.114,neutro,4,Pago,6600.0,5651.0
GE-0002683,G04,Gestor 04,2026-01,KB-110413,Retail,Tarjeta de crédito,Canelones,61-90,Llamada,True,77.1,0.068,neutro,4,Promesa,5780.0,3151.0
GE-0002684,G04,Gestor 04,2026-01,KB-100032,Retail,Tarjeta de crédito,Montevideo,61-90,Llamada,True,77.1,-0.008,ansiedad,4,No contacto,17950.0,0.0
GE-0002685,G04,Gestor 04,2026-01,KB-108682,Corporativo,Préstamo personal,Maldonado,91-180,WhatsApp,True,76.2,-0.481,enojo,4,Pago,438640.0,390792.0
GE-0002686,G04,Gestor 04,2026-01,KB-110400,Retail,Préstamo personal,Montevideo,61-90,Llamada,True,63.0,0.027,ansiedad,1,Promesa,27820.0,11528.0
GE-0002687,G05,Gestor 05,2026-01,KB-109311,Pyme,Préstamo personal,Salto,31-60,Llamada,True,33.6,-0.057,objecion,2,No contacto,84850.0,0.0
GE-0002688,G05,Gestor 05,2026-01,KB-108859,Corporativo,Préstamo personal,Montevideo,61-90,Llamada,True,40.7,-0.238,objecion,2,Sin acuerdo,235530.0,0.0
GE-0002689,G05,Gestor 05,2026-01,KB-106526,Pyme,Préstamo personal,Montevideo,31-60,WhatsApp,True,54.5,0.508,intencion_pago,2,Promesa,210220.0,102916.0
GE-0002690,G05,Gestor 05,2026-01,KB-110348,Retail,Préstamo personal,Canelones,1-30,Llamada,True,56.4,0.486,intencion_pago,4,Pago,76070.0,61286.0
GE-0002691,G05,Gestor 05,2026-01,KB-111483,Retail,Cuenta corriente,Montevideo,91-180,WhatsApp,True,47.4,0.022,neutro,2,Sin acuerdo,14200.0,0.0
GE-0002692,G05,Gestor 05,2026-01,KB-107655,Corporativo,Préstamo personal,Montevideo,1-30,WhatsApp,True,45.3,0.709,intencion_pago,3,Promesa,870420.0,465584.0
GE-0002693,G05,Gestor 05,2026-01,KB-105157,Retail,Préstamo personal,Canelones,180+,Llamada,True,59.8,-0.557,enojo,5,Pago,19090.0,16511.0
GE-0002694,G05,Gestor 05,2026-01,KB-105080,Pyme,Préstamo personal,Montevideo,91-180,WhatsApp,True,44.0,-0.347,ansiedad,3,No contacto,84240.0,0.0
GE-0002695,G05,Gestor 05,2026-01,KB-102615,Corporativo,Préstamo personal,San José,91-180,Llamada,True,46.1,-0.471,frustracion,2,No contacto,360250.0,0.0
GE-0002696,G05,Gestor 05,2026-01,KB-103311,Corporativo,Tarjeta de crédito,Cerro Largo,1-30,Llamada,True,58.0,0.458,intencion_pago,3,Pago,819260.0,787275.0
GE-0002697,G05,Gestor 05,2026-01,KB-104747,Retail,Tarjeta de crédito,Canelones,31-60,Llamada,True,49.3,-0.502,ansiedad,1,Sin acuerdo,17110.0,0.0
GE-0002698,G05,Gestor 05,2026-01,KB-103595,Pyme,Cuenta corriente,Cerro Largo,91-180,Llamada,True,38.4,-0.677,enojo,2,Sin acuerdo,372210.0,0.0
GE-0002699,G05,Gestor 05,2026-01,KB-110484,Pyme,Préstamo personal,Rivera,1-30,Llamada,True,55.4,0.53,intencion_pago,2,Sin acuerdo,202180.0,0.0
GE-0002700,G05,Gestor 05,2026-01,KB-105741,Retail,Crédito automotor,Montevideo,1-30,WhatsApp,True,61.1,0.54,intencion_pago,3,Promesa,36040.0,20786.0
GE-0002701,G05,Gestor 05,2026-01,KB-108894,Retail,Tarjeta de crédito,Artigas,31-60,Llamada,True,40.5,-0.061,neutro,3,Sin acuerdo,14750.0,0.0
GE-0002702,G05,Gestor 05,2026-01,KB-104294,Retail,Préstamo personal,Flores,1-30,WhatsApp,True,57.8,-0.129,ansiedad,4,Pago,10600.0,10360.0
GE-0002703,G05,Gestor 05,2026-01,KB-111492,Pyme,Crédito automotor,Montevideo,1-30,WhatsApp,True,59.4,0.202,neutro,3,Promesa,138980.0,47837.0
GE-0002704,G05,Gestor 05,2026-01,KB-109410,Pyme,Préstamo personal,Lavalleja,180+,Llamada,True,48.1,-0.51,frustracion,3,Sin acuerdo,174500.0,0.0
GE-0002705,G05,Gestor 05,2026-01,KB-108426,Corporativo,Tarjeta de crédito,Montevideo,31-60,WhatsApp,True,52.8,-0.629,enojo,4,Promesa,987200.0,376335.0
GE-0002706,G05,Gestor 05,2026-01,KB-106307,Pyme,Microcrédito,Montevideo,1-30,Llamada,True,69.3,0.195,neutro,4,Pago,248070.0,228650.0
GE-0002707,G05,Gestor 05,2026-01,KB-110657,Pyme,Microcrédito,Montevideo,31-60,Llamada,True,33.8,0.35,intencion_pago,1,Sin acuerdo,35360.0,0.0
GE-0002708,G05,Gestor 05,2026-01,KB-106826,Retail,Financiación retail,Salto,31-60,Llamada,True,36.8,-0.16,objecion,0,Sin acuerdo,19870.0,0.0
GE-0002709,G05,Gestor 05,2026-01,KB-101703,Pyme,Préstamo personal,Canelones,31-60,WhatsApp,True,49.0,-0.129,ansiedad,1,Sin acuerdo,162880.0,0.0
GE-0002710,G05,Gestor 05,2026-01,KB-108382,Retail,Microcrédito,Paysandú,31-60,Llamada,True,40.1,0.304,intencion_pago,1,Pago,64140.0,51601.0
GE-0002711,G05,Gestor 05,2026-01,KB-103836,Retail,Préstamo personal,Montevideo,61-90,WhatsApp,True,55.4,-0.255,ansiedad,3,Sin acuerdo,13040.0,0.0
GE-0002712,G05,Gestor 05,2026-01,KB-105345,Pyme,Financiación retail,Rivera,1-30,Llamada,True,66.4,-0.793,enojo,4,No contacto,96680.0,0.0
GE-0002713,G05,Gestor 05,2026-01,KB-110327,Retail,Préstamo personal,Canelones,1-30,Llamada,True,42.8,0.071,neutro,3,Pago,24200.0,23303.0
GE-0002714,G05,Gestor 05,2026-01,KB-109573,Retail,Préstamo personal,Montevideo,1-30,WhatsApp,True,53.7,-0.595,frustracion,1,Pago,80850.0,71499.0
GE-0002715,G05,Gestor 05,2026-01,KB-102965,Corporativo,Tarjeta de crédito,Salto,31-60,Llamada,True,51.9,0.453,intencion_pago,1,Pago,527840.0,454181.0
GE-0002716,G05,Gestor 05,2026-01,KB-108419,Retail,Crédito automotor,Canelones,1-30,Llamada,True,41.7,-0.093,neutro,2,No contacto,39070.0,0.0
GE-0002717,G05,Gestor 05,2026-01,KB-108282,Retail,Préstamo personal,Montevideo,1-30,Llamada,True,53.0,-0.196,ansiedad,3,No contacto,25870.0,0.0
GE-0002718,G05,Gestor 05,2026-01,KB-105569,Corporativo,Préstamo personal,Artigas,31-60,Llamada,True,46.3,0.225,intencion_pago,2,Sin acuerdo,262390.0,0.0
GE-0002719,G05,Gestor 05,2026-01,KB-109272,Pyme,Tarjeta de crédito,Montevideo,1-30,WhatsApp,True,50.0,-0.461,ansiedad,2,Sin acuerdo,43240.0,0.0
GE-0002720,G05,Gestor 05,2026-01,KB-104800,Pyme,Financiación retail,Montevideo,180+,WhatsApp,True,45.9,-0.455,frustracion,1,Sin acuerdo,264170.0,0.0
GE-0002721,G05,Gestor 05,2026-01,KB-106081,Retail,Tarjeta de crédito,Montevideo,31-60,Llamada,True,51.9,-0.058,neutro,4,No contacto,16720.0,0.0
GE-0002722,G05,Gestor 05,2026-01,KB-111597,Corporativo,Tarjeta de crédito,Salto,31-60,WhatsApp,True,43.4,0.412,intencion_pago,4,Promesa,160440.0,90957.0
GE-0002723,G05,Gestor 05,2026-01,KB-104353,Retail,Tarjeta de crédito,Canelones,31-60,Llamada,True,58.0,0.445,intencion_pago,1,Promesa,21760.0,8474.0
GE-0002724,G05,Gestor 05,2026-01,KB-111441,Pyme,Tarjeta de crédito,Cerro Largo,1-30,Llamada,True,63.9,-0.042,neutro,5,Sin acuerdo,78220.0,0.0
GE-0002725,G05,Gestor 05,2026-01,KB-101267,Corporativo,Crédito automotor,Montevideo,180+,WhatsApp,True,41.0,-0.344,dificultad_economica,1,No contacto,1252510.0,0.0
GE-0002726,G05,Gestor 05,2026-01,KB-100811,Retail,Préstamo personal,Montevideo,61-90,WhatsApp,True,51.8,-0.377,dificultad_economica,2,Pago,51660.0,49136.0
GE-0002727,G05,Gestor 05,2026-01,KB-109151,Retail,Préstamo personal,Maldonado,1-30,Llamada,True,49.7,0.415,intencion_pago,3,Promesa,8440.0,4339.0
GE-0002728,G05,Gestor 05,2026-01,KB-111328,Retail,Tarjeta de crédito,Salto,1-30,Llamada,True,59.9,-0.176,ansiedad,3,Promesa,47280.0,23238.0
GE-0002729,G05,Gestor 05,2026-01,KB-111166,Corporativo,Préstamo personal,Cerro Largo,61-90,Llamada,True,71.2,-0.286,dificultad_economica,2,Sin acuerdo,298800.0,0.0
GE-0002730,G06,Gestor 06,2026-01,KB-105628,Retail,Financiación retail,Rocha,91-180,WhatsApp,True,45.7,-0.445,frustracion,3,No contacto,69490.0,0.0
GE-0002731,G06,Gestor 06,2026-01,KB-107324,Retail,Financiación retail,Montevideo,1-30,Llamada,True,48.4,0.067,neutro,2,Promesa,43380.0,23211.0
GE-0002732,G06,Gestor 06,2026-01,KB-101137,Retail,Cuenta corriente,Montevideo,31-60,Llamada,True,59.5,0.472,intencion_pago,3,Pago,33580.0,32522.0
GE-0002733,G06,Gestor 06,2026-01,KB-103372,Retail,Cuenta corriente,Cerro Largo,91-180,WhatsApp,True,46.7,-0.431,frustracion,1,No contacto,49940.0,0.0
GE-0002734,G06,Gestor 06,2026-01,KB-109516,Pyme,Cuenta corriente,Montevideo,180+,Llamada,True,29.9,-0.595,frustracion,0,No contacto,363960.0,0.0
GE-0002735,G06,Gestor 06,2026-01,KB-111697,Pyme,Tarjeta de crédito,Montevideo,1-30,WhatsApp,True,50.1,0.328,intencion_pago,1,Promesa,99680.0,53953.0
GE-0002736,G06,Gestor 06,2026-01,KB-104224,Retail,Préstamo personal,Montevideo,31-60,Llamada,True,44.8,-0.448,frustracion,2,No contacto,19430.0,0.0
GE-0002737,G06,Gestor 06,2026-01,KB-108772,Retail,Tarjeta de crédito,Maldonado,31-60,Llamada,True,56.2,-0.176,objecion,0,Promesa,37360.0,15535.0
GE-0002738,G06,Gestor 06,2026-01,KB-110395,Retail,Préstamo personal,Colonia,31-60,Llamada,True,43.0,-0.187,ansiedad,2,Pago,5380.0,5077.0
GE-0002739,G06,Gestor 06,2026-01,KB-102129,Corporativo,Préstamo personal,Montevideo,1-30,Llamada,True,47.8,0.388,intencion_pago,1,Promesa,179710.0,77336.0
GE-0002740,G06,Gestor 06,2026-01,KB-109773,Pyme,Préstamo personal,Florida,61-90,WhatsApp,True,58.4,-0.23,objecion,2,Promesa,134810.0,71992.0
GE-0002741,G06,Gestor 06,2026-01,KB-106573,Pyme,Financiación retail,Canelones,1-30,Llamada,True,53.6,-0.005,neutro,3,Promesa,358950.0,206533.0
GE-0002742,G06,Gestor 06,2026-01,KB-110577,Retail,Crédito automotor,Lavalleja,180+,Llamada,True,52.4,-0.402,frustracion,3,Sin acuerdo,9100.0,0.0
GE-0002743,G06,Gestor 06,2026-01,KB-108257,Retail,Préstamo personal,Maldonado,31-60,WhatsApp,True,58.5,-0.293,frustracion,5,Promesa,19680.0,11284.0
GE-0002744,G06,Gestor 06,2026-01,KB-103984,Retail,Crédito automotor,San José,180+,WhatsApp,True,75.9,-0.451,frustracion,4,No contacto,32660.0,0.0
GE-0002745,G06,Gestor 06,2026-01,KB-102732,Retail,Crédito automotor,Artigas,61-90,WhatsApp,True,44.3,-0.411,dificultad_economica,2,No contacto,48140.0,0.0
GE-0002746,G06,Gestor 06,2026-01,KB-109121,Retail,Cuenta corriente,Montevideo,1-30,Llamada,True,38.5,0.462,intencion_pago,2,Promesa,7680.0,3940.0
GE-0002747,G06,Gestor 06,2026-01,KB-104427,Retail,Crédito automotor,Treinta y Tres,91-180,Llamada,True,48.1,-0.56,frustracion,2,No contacto,10740.0,0.0
GE-0002748,G06,Gestor 06,2026-01,KB-109447,Retail,Préstamo personal,Soriano,1-30,Llamada,True,47.3,0.241,neutro,3,Sin acuerdo,56900.0,0.0
GE-0002749,G06,Gestor 06,2026-01,KB-109269,Pyme,Financiación retail,Maldonado,61-90,Llamada,True,55.9,-0.345,enojo,3,No contacto,89090.0,0.0
GE-0002750,G06,Gestor 06,2026-01,KB-111747,Corporativo,Préstamo personal,Canelones,31-60,Llamada,True,53.0,-0.706,enojo,3,Pago,485700.0,365286.0
GE-0002751,G06,Gestor 06,2026-01,KB-103416,Retail,Préstamo personal,Montevideo,31-60,Llamada,True,48.6,-0.069,objecion,3,Pago,15300.0,14167.0
GE-0002752,G06,Gestor 06,2026-01,KB-108914,Retail,Financiación retail,Montevideo,31-60,WhatsApp,True,56.1,0.425,intencion_pago,3,Promesa,19370.0,8258.0
GE-0002753,G06,Gestor 06,2026-01,KB-100597,Corporativo,Tarjeta de crédito,Montevideo,61-90,Llamada,True,53.3,-0.616,dificultad_economica,3,Promesa,345700.0,162711.0
GE-0002754,G06,Gestor 06,2026-01,KB-100430,Pyme,Microcrédito,Canelones,91-180,Llamada,True,56.7,-0.741,enojo,1,Promesa,48620.0,22218.0
GE-0002755,G06,Gestor 06,2026-01,KB-103244,Corporativo,Tarjeta de crédito,Canelones,31-60,Llamada,True,59.6,0.145,neutro,1,Sin acuerdo,93670.0,0.0
GE-0002756,G06,Gestor 06,2026-01,KB-100935,Retail,Tarjeta de crédito,Montevideo,31-60,Llamada,True,55.6,-0.05,objecion,3,Promesa,23200.0,9290.0
GE-0002757,G06,Gestor 06,2026-01,KB-100114,Pyme,Microcrédito,Colonia,91-180,WhatsApp,True,44.8,-0.185,ansiedad,3,No contacto,152970.0,0.0
GE-0002758,G06,Gestor 06,2026-01,KB-108340,Retail,Tarjeta de crédito,Rivera,31-60,WhatsApp,True,55.9,-0.456,frustracion,2,No contacto,14070.0,0.0
GE-0002759,G06,Gestor 06,2026-01,KB-101724,Pyme,Cuenta corriente,Salto,180+,WhatsApp,True,46.7,-0.765,enojo,3,Pago,58650.0,40105.0
GE-0002760,G06,Gestor 06,2026-01,KB-107702,Retail,Préstamo personal,Maldonado,31-60,WhatsApp,True,43.7,0.358,intencion_pago,2,Sin acuerdo,28580.0,0.0
GE-0002761,G06,Gestor 06,2026-01,KB-106303,Pyme,Tarjeta de crédito,Montevideo,31-60,WhatsApp,True,67.7,0.138,neutro,3,Sin acuerdo,109690.0,0.0
GE-0002762,G06,Gestor 06,2026-01,KB-108258,Pyme,Crédito automotor,Montevideo,61-90,Llamada,True,47.1,-0.297,ansiedad,3,Pago,76860.0,75278.0
GE-0002763,G06,Gestor 06,2026-01,KB-109594,Retail,Préstamo personal,Montevideo,1-30,Llamada,True,44.6,0.368,intencion_pago,3,Promesa,33190.0,17229.0
GE-0002764,G06,Gestor 06,2026-01,KB-105451,Retail,Préstamo personal,Montevideo,31-60,Llamada,True,50.3,-0.269,ansiedad,1,Sin acuerdo,50330.0,0.0
GE-0002765,G06,Gestor 06,2026-01,KB-100384,Retail,Préstamo personal,Canelones,31-60,Llamada,True,42.0,-0.274,ansiedad,1,Pago,26520.0,25828.0
GE-0002766,G06,Gestor 06,2026-01,KB-110011,Corporativo,Préstamo personal,Canelones,91-180,WhatsApp,True,37.5,-0.653,frustracion,1,No contacto,909490.0,0.0
GE-0002767,G06,Gestor 06,2026-01,KB-100917,Pyme,Tarjeta de crédito,Tacuarembó,1-30,WhatsApp,True,54.9,0.125,neutro,4,Pago,20010.0,16744.0
GE-0002768,G06,Gestor 06,2026-01,KB-102967,Retail,Financiación retail,Montevideo,31-60,WhatsApp,True,54.0,0.231,neutro,4,Pago,12470.0,9317.0
GE-0002769,G06,Gestor 06,2026-01,KB-109769,Pyme,Microcrédito,Montevideo,1-30,WhatsApp,True,51.1,0.027,neutro,2,Sin acuerdo,93990.0,0.0
GE-0002770,G06,Gestor 06,2026-01,KB-107153,Pyme,Tarjeta de crédito,Montevideo,61-90,Llamada,True,46.0,-0.056,objecion,3,Pago,322330.0,282574.0
GE-0002771,G06,Gestor 06,2026-01,KB-108690,Retail,Financiación retail,Florida,61-90,Llamada,True,51.5,-0.637,frustracion,2,Promesa,14340.0,8338.0
GE-0002772,G06,Gestor 06,2026-01,KB-102028,Retail,Préstamo personal,Montevideo,31-60,Llamada,True,51.1,-0.167,neutro,2,Promesa,25270.0,8725.0
GE-0002773,G06,Gestor 06,2026-01,KB-110324,Retail,Cuenta corriente,Maldonado,180+,Llamada,True,49.3,-0.605,frustracion,1,Sin acuerdo,44850.0,0.0
GE-0002774,G06,Gestor 06,2026-01,KB-102665,Pyme,Tarjeta de crédito,Montevideo,1-30,Llamada,True,48.0,-0.357,ansiedad,3,Pago,198970.0,136319.0
GE-0002775,G06,Gestor 06,2026-01,KB-108714,Pyme,Préstamo personal,Canelones,1-30,Llamada,True,41.0,0.341,intencion_pago,1,Sin acuerdo,97890.0,0.0
GE-0002776,G06,Gestor 06,2026-01,KB-105894,Retail,Cuenta corriente,Cerro Largo,1-30,WhatsApp,True,65.8,-0.403,frustracion,3,Pago,44760.0,41646.0
GE-0002777,G06,Gestor 06,2026-01,KB-105835,Pyme,Tarjeta de crédito,Tacuarembó,1-30,WhatsApp,True,60.8,0.469,intencion_pago,4,Promesa,129980.0,69076.0
GE-0002778,G07,Gestor 07,2026-01,KB-102346,Retail,Tarjeta de crédito,Montevideo,1-30,WhatsApp,True,82.1,0.446,intencion_pago,3,Pago,54850.0,52262.0
GE-0002779,G07,Gestor 07,2026-01,KB-100612,Retail,Tarjeta de crédito,Salto,1-30,WhatsApp,True,62.2,-0.127,objecion,3,Pago,50400.0,42223.0
GE-0002780,G07,Gestor 07,2026-01,KB-106014,Retail,Microcrédito,Montevideo,61-90,Llamada,True,85.0,-0.068,frustracion,5,Sin acuerdo,29410.0,0.0
GE-0002781,G07,Gestor 07,2026-01,KB-103741,Retail,Financiación retail,Canelones,31-60,Llamada,True,73.1,0.178,neutro,4,No contacto,14940.0,0.0
GE-0002782,G07,Gestor 07,2026-01,KB-100218,Retail,Préstamo personal,San José,1-30,WhatsApp,True,62.3,0.258,objecion,1,Promesa,27040.0,14149.0
GE-0002783,G07,Gestor 07,2026-01,KB-109491,Retail,Préstamo personal,Maldonado,1-30,Llamada,True,68.1,0.102,neutro,3,Sin acuerdo,20840.0,0.0
GE-0002784,G07,Gestor 07,2026-01,KB-107144,Retail,Microcrédito,Montevideo,61-90,Llamada,True,86.1,0.099,objecion,4,Promesa,178980.0,84334.0
GE-0002785,G07,Gestor 07,2026-01,KB-105114,Retail,Tarjeta de crédito,Montevideo,1-30,Llamada,True,73.3,0.476,intencion_pago,5,Pago,24880.0,21474.0
GE-0002786,G07,Gestor 07,2026-01,KB-104881,Pyme,Financiación retail,San José,31-60,Llamada,True,62.4,-0.17,objecion,2,Promesa,46820.0,24680.0
GE-0002787,G07,Gestor 07,2026-01,KB-101203,Retail,Préstamo personal,Montevideo,91-180,WhatsApp,True,73.2,-0.365,dificultad_economica,4,Pago,76970.0,50580.0
GE-0002788,G07,Gestor 07,2026-01,KB-109763,Retail,Microcrédito,Montevideo,31-60,WhatsApp,True,76.6,0.615,intencion_pago,6,Promesa,9910.0,5576.0
GE-0002789,G07,Gestor 07,2026-01,KB-100412,Retail,Préstamo personal,Montevideo,61-90,Llamada,True,74.6,0.098,neutro,3,Pago,24700.0,15268.0
GE-0002790,G07,Gestor 07,2026-01,KB-110028,Retail,Financiación retail,Colonia,91-180,Llamada,True,77.2,0.097,objecion,4,Sin acuerdo,26610.0,0.0
GE-0002791,G07,Gestor 07,2026-01,KB-103577,Pyme,Crédito automotor,Montevideo,91-180,Llamada,True,72.9,-0.566,frustracion,3,Pago,198600.0,133210.0
GE-0002792,G07,Gestor 07,2026-01,KB-106119,Corporativo,Tarjeta de crédito,Montevideo,91-180,WhatsApp,True,82.2,-0.119,ansiedad,5,Sin acuerdo,174060.0,0.0
GE-0002793,G07,Gestor 07,2026-01,KB-103788,Pyme,Crédito automotor,Canelones,31-60,WhatsApp,True,77.4,-0.079,objecion,2,Promesa,63190.0,34571.0
GE-0002794,G07,Gestor 07,2026-01,KB-105231,Retail,Crédito automotor,Montevideo,31-60,WhatsApp,True,67.3,0.299,intencion_pago,2,Promesa,18710.0,8525.0
GE-0002795,G07,Gestor 07,2026-01,KB-101190,Pyme,Cuenta corriente,Montevideo,180+,Llamada,True,66.0,-0.355,dificultad_economica,2,No contacto,55730.0,0.0
GE-0002796,G07,Gestor 07,2026-01,KB-107370,Retail,Financiación retail,Montevideo,31-60,Llamada,True,67.5,0.138,neutro,4,Pago,12640.0,12301.0
GE-0002797,G07,Gestor 07,2026-01,KB-107029,Pyme,Préstamo personal,Treinta y Tres,31-60,Llamada,True,80.1,-0.214,ansiedad,4,Promesa,33210.0,15401.0
GE-0002798,G07,Gestor 07,2026-01,KB-110111,Pyme,Microcrédito,Colonia,61-90,WhatsApp,True,72.0,-0.485,frustracion,4,Promesa,152880.0,49381.0
GE-0002799,G07,Gestor 07,2026-01,KB-102613,Pyme,Tarjeta de crédito,Montevideo,1-30,Llamada,True,82.9,0.502,intencion_pago,3,Pago,311350.0,298067.0
GE-0002800,G07,Gestor 07,2026-01,KB-111877,Pyme,Crédito automotor,Montevideo,31-60,Llamada,True,73.5,0.15,neutro,3,Promesa,114000.0,58141.0
GE-0002801,G07,Gestor 07,2026-01,KB-100946,Retail,Microcrédito,Montevideo,1-30,WhatsApp,True,67.1,-0.555,ansiedad,3,Sin acuerdo,16620.0,0.0
GE-0002802,G07,Gestor 07,2026-01,KB-106952,Retail,Tarjeta de crédito,Montevideo,1-30,WhatsApp,True,70.0,0.136,neutro,4,Sin acuerdo,45140.0,0.0
GE-0002803,G07,Gestor 07,2026-01,KB-100247,Pyme,Préstamo personal,Soriano,91-180,Llamada,True,73.6,-0.447,enojo,1,No contacto,504570.0,0.0
GE-0002804,G07,Gestor 07,2026-01,KB-105956,Corporativo,Financiación retail,Montevideo,31-60,Llamada,True,71.7,-0.196,frustracion,3,No contacto,1091870.0,0.0
GE-0002805,G07,Gestor 07,2026-01,KB-108099,Retail,Tarjeta de crédito,Montevideo,1-30,WhatsApp,True,87.8,0.647,intencion_pago,2,Pago,22830.0,16000.0
GE-0002806,G07,Gestor 07,2026-01,KB-102495,Retail,Cuenta corriente,Maldonado,31-60,Llamada,True,79.1,0.282,neutro,3,Sin acuerdo,32320.0,0.0
GE-0002807,G07,Gestor 07,2026-01,KB-104645,Retail,Tarjeta de crédito,Canelones,61-90,Llamada,True,73.9,-0.044,ansiedad,4,Promesa,2530.0,1332.0
GE-0002808,G07,Gestor 07,2026-01,KB-111115,Retail,Microcrédito,Montevideo,31-60,Llamada,True,73.1,-0.236,objecion,4,Sin acuerdo,12440.0,0.0
GE-0002809,G07,Gestor 07,2026-01,KB-108034,Retail,Préstamo personal,Treinta y Tres,1-30,Llamada,True,75.8,0.63,intencion_pago,3,Pago,62360.0,57086.0
GE-0002810,G07,Gestor 07,2026-01,KB-106024,Retail,Crédito automotor,Montevideo,1-30,WhatsApp,True,81.9,0.499,intencion_pago,4,Pago,18570.0,14213.0
GE-0002811,G07,Gestor 07,2026-01,KB-107788,Retail,Préstamo personal,Canelones,31-60,WhatsApp,True,62.5,-0.265,frustracion,4,Pago,32400.0,23388.0
GE-0002812,G07,Gestor 07,2026-01,KB-107461,Retail,Préstamo personal,Montevideo,31-60,WhatsApp,True,77.6,0.097,ansiedad,5,Pago,24860.0,21914.0
GE-0002813,G07,Gestor 07,2026-01,KB-111018,Retail,Crédito automotor,Montevideo,61-90,WhatsApp,True,81.7,0.004,neutro,7,Promesa,12520.0,5713.0
GE-0002814,G07,Gestor 07,2026-01,KB-105840,Pyme,Financiación retail,Montevideo,31-60,Llamada,True,65.6,-0.866,enojo,3,Sin acuerdo,329470.0,0.0
GE-0002815,G07,Gestor 07,2026-01,KB-102924,Retail,Préstamo personal,Montevideo,91-180,Llamada,True,78.5,-0.428,enojo,5,Promesa,6600.0,2090.0
GE-0002816,G07,Gestor 07,2026-01,KB-110657,Pyme,Microcrédito,Montevideo,31-60,WhatsApp,True,66.3,0.151,objecion,4,Pago,35360.0,34428.0
GE-0002817,G07,Gestor 07,2026-01,KB-106993,Pyme,Tarjeta de crédito,Canelones,91-180,Llamada,True,62.5,-0.045,objecion,1,Promesa,364630.0,134827.0
GE-0002818,G07,Gestor 07,2026-01,KB-106099,Retail,Financiación retail,Treinta y Tres,61-90,WhatsApp,True,80.8,0.098,neutro,5,No contacto,26090.0,0.0
GE-0002819,G07,Gestor 07,2026-01,KB-100267,Retail,Cuenta corriente,San José,1-30,Llamada,True,70.6,0.069,neutro,4,Pago,20090.0,19609.0
GE-0002820,G07,Gestor 07,2026-01,KB-102715,Retail,Microcrédito,Montevideo,1-30,Llamada,True,75.1,-0.122,neutro,4,Sin acuerdo,10640.0,0.0
GE-0002821,G07,Gestor 07,2026-01,KB-105440,Retail,Financiación retail,Colonia,1-30,WhatsApp,True,58.0,0.072,neutro,2,No contacto,19500.0,0.0
GE-0002822,G07,Gestor 07,2026-01,KB-101847,Retail,Préstamo personal,Tacuarembó,1-30,WhatsApp,True,75.2,-0.205,objecion,4,Sin acuerdo,119360.0,0.0
GE-0002823,G07,Gestor 07,2026-01,KB-109172,Retail,Préstamo personal,Maldonado,1-30,Llamada,True,77.1,0.593,intencion_pago,5,Promesa,33150.0,14642.0
GE-0002824,G07,Gestor 07,2026-01,KB-100145,Retail,Tarjeta de crédito,Montevideo,31-60,Llamada,True,82.9,-0.127,ansiedad,5,Pago,40670.0,38711.0
GE-0002825,G08,Gestor 08,2026-01,KB-100334,Retail,Crédito automotor,San José,180+,Llamada,True,69.7,-0.457,frustracion,3,Pago,29940.0,20866.0
GE-0002826,G08,Gestor 08,2026-01,KB-107412,Corporativo,Préstamo personal,Rocha,31-60,WhatsApp,True,53.7,-0.257,ansiedad,4,Promesa,368150.0,210046.0
GE-0002827,G08,Gestor 08,2026-01,KB-102352,Retail,Microcrédito,Montevideo,180+,Llamada,True,70.0,-0.692,enojo,1,Pago,38830.0,37065.0
GE-0002828,G08,Gestor 08,2026-01,KB-105959,Pyme,Préstamo personal,Tacuarembó,31-60,WhatsApp,True,75.3,0.198,neutro,3,Pago,100600.0,99360.0
GE-0002829,G08,Gestor 08,2026-01,KB-108920,Pyme,Crédito automotor,Montevideo,91-180,WhatsApp,True,66.6,-0.347,ansiedad,2,Sin acuerdo,269370.0,0.0
GE-0002830,G08,Gestor 08,2026-01,KB-106490,Pyme,Tarjeta de crédito,Montevideo,1-30,Llamada,True,82.3,0.802,intencion_pago,5,Promesa,154860.0,77888.0
GE-0002831,G08,Gestor 08,2026-01,KB-110213,Retail,Préstamo personal,Montevideo,1-30,Llamada,True,77.9,0.33,neutro,5,Pago,17420.0,15448.0
GE-0002832,G08,Gestor 08,2026-01,KB-100102,Pyme,Microcrédito,Canelones,31-60,Llamada,True,69.7,-0.167,ansiedad,5,Promesa,96270.0,47468.0
GE-0002833,G08,Gestor 08,2026-01,KB-109712,Retail,Tarjeta de crédito,Montevideo,31-60,WhatsApp,True,61.2,-0.187,neutro,4,Pago,43260.0,26747.0
GE-0002834,G08,Gestor 08,2026-01,KB-100378,Retail,Cuenta corriente,Montevideo,91-180,WhatsApp,True,73.8,-0.297,dificultad_economica,5,Promesa,28630.0,9279.0
GE-0002835,G08,Gestor 08,2026-01,KB-103624,Pyme,Financiación retail,Montevideo,1-30,WhatsApp,True,50.1,0.006,neutro,2,No contacto,150200.0,0.0
GE-0002836,G08,Gestor 08,2026-01,KB-108650,Retail,Cuenta corriente,Montevideo,180+,Llamada,True,65.3,0.144,neutro,4,Promesa,14010.0,5169.0
GE-0002837,G08,Gestor 08,2026-01,KB-107169,Pyme,Tarjeta de crédito,Montevideo,91-180,Llamada,True,63.6,-0.403,frustracion,4,No contacto,63120.0,0.0
GE-0002838,G08,Gestor 08,2026-01,KB-108651,Pyme,Préstamo personal,Maldonado,1-30,WhatsApp,True,54.7,-0.496,frustracion,2,Sin acuerdo,215410.0,0.0
GE-0002839,G08,Gestor 08,2026-01,KB-107667,Corporativo,Financiación retail,Artigas,31-60,Llamada,True,73.8,-0.342,frustracion,3,Sin acuerdo,283170.0,0.0
GE-0002840,G08,Gestor 08,2026-01,KB-100292,Corporativo,Microcrédito,Montevideo,1-30,Llamada,True,65.4,-0.397,frustracion,2,No contacto,108230.0,0.0
GE-0002841,G08,Gestor 08,2026-01,KB-108007,Retail,Crédito automotor,Montevideo,1-30,Llamada,True,62.7,0.145,neutro,3,Pago,30820.0,24226.0
GE-0002842,G08,Gestor 08,2026-01,KB-100451,Retail,Préstamo personal,Rivera,1-30,Llamada,True,66.1,0.701,intencion_pago,2,Pago,15400.0,12048.0
GE-0002843,G08,Gestor 08,2026-01,KB-110261,Retail,Tarjeta de crédito,Maldonado,91-180,WhatsApp,True,72.2,-0.038,objecion,3,Promesa,54560.0,22637.0
GE-0002844,G08,Gestor 08,2026-01,KB-105215,Corporativo,Cuenta corriente,Montevideo,91-180,Llamada,True,81.7,0.011,objecion,4,Sin acuerdo,693640.0,0.0
GE-0002845,G08,Gestor 08,2026-01,KB-100417,Retail,Préstamo personal,Montevideo,61-90,Llamada,True,67.1,-0.025,objecion,4,Promesa,18630.0,9944.0
GE-0002846,G08,Gestor 08,2026-01,KB-107640,Retail,Cuenta corriente,Montevideo,61-90,Llamada,True,78.5,0.455,neutro,4,Sin acuerdo,40710.0,0.0
GE-0002847,G08,Gestor 08,2026-01,KB-110902,Pyme,Financiación retail,San José,91-180,Llamada,True,77.2,-0.159,dificultad_economica,4,Sin acuerdo,375300.0,0.0
GE-0002848,G08,Gestor 08,2026-01,KB-100379,Retail,Financiación retail,Salto,61-90,Llamada,True,59.7,-0.017,ansiedad,3,Sin acuerdo,18130.0,0.0
GE-0002849,G08,Gestor 08,2026-01,KB-108875,Retail,Tarjeta de crédito,Canelones,31-60,Llamada,True,58.8,-0.139,ansiedad,4,Sin acuerdo,41150.0,0.0
GE-0002850,G08,Gestor 08,2026-01,KB-107400,Corporativo,Préstamo personal,Canelones,91-180,Llamada,True,70.9,-0.423,frustracion,3,Pago,282570.0,261293.0
GE-0002851,G08,Gestor 08,2026-01,KB-106538,Retail,Crédito automotor,Montevideo,61-90,Llamada,True,54.7,-0.496,dificultad_economica,4,Promesa,44970.0,25224.0
GE-0002852,G08,Gestor 08,2026-01,KB-105923,Retail,Préstamo personal,Artigas,91-180,Llamada,True,71.3,-0.339,dificultad_economica,4,Pago,30010.0,24602.0
GE-0002853,G08,Gestor 08,2026-01,KB-101624,Retail,Tarjeta de crédito,Canelones,31-60,WhatsApp,True,58.5,0.646,intencion_pago,3,Promesa,24430.0,8906.0
GE-0002854,G08,Gestor 08,2026-01,KB-105267,Retail,Tarjeta de crédito,Soriano,1-30,Llamada,True,67.6,0.31,neutro,2,No contacto,22110.0,0.0
GE-0002855,G08,Gestor 08,2026-01,KB-106449,Retail,Préstamo personal,Soriano,1-30,WhatsApp,True,76.5,-0.303,frustracion,5,Promesa,29990.0,17453.0
GE-0002856,G08,Gestor 08,2026-01,KB-106743,Retail,Cuenta corriente,Maldonado,31-60,Llamada,True,79.2,-0.196,ansiedad,4,Promesa,41150.0,15902.0
GE-0002857,G08,Gestor 08,2026-01,KB-111733,Retail,Financiación retail,Río Negro,1-30,WhatsApp,True,74.0,0.585,intencion_pago,4,Promesa,44220.0,21514.0
GE-0002858,G08,Gestor 08,2026-01,KB-111903,Retail,Préstamo personal,Salto,1-30,Llamada,True,78.9,0.558,intencion_pago,4,Pago,55650.0,53029.0
GE-0002859,G08,Gestor 08,2026-01,KB-103997,Retail,Microcrédito,Montevideo,91-180,Llamada,True,71.7,-0.441,ansiedad,5,Pago,33370.0,21523.0
GE-0002860,G08,Gestor 08,2026-01,KB-100021,Retail,Tarjeta de crédito,Montevideo,91-180,WhatsApp,True,71.5,-0.073,dificultad_economica,5,No contacto,13920.0,0.0
GE-0002861,G09,Gestor 09,2026-01,KB-101424,Pyme,Financiación retail,Montevideo,180+,Llamada,True,73.7,-0.189,frustracion,4,Pago,43670.0,27771.0
GE-0002862,G09,Gestor 09,2026-01,KB-107216,Retail,Préstamo personal,Artigas,91-180,WhatsApp,True,62.1,-0.407,dificultad_economica,5,Promesa,21060.0,10114.0
GE-0002863,G09,Gestor 09,2026-01,KB-106148,Corporativo,Financiación retail,Salto,31-60,WhatsApp,True,53.2,-0.234,ansiedad,2,Promesa,130880.0,51201.0
GE-0002864,G09,Gestor 09,2026-01,KB-105792,Pyme,Cuenta corriente,Paysandú,180+,WhatsApp,True,64.3,-0.344,enojo,3,Promesa,30810.0,10327.0
GE-0002865,G09,Gestor 09,2026-01,KB-106997,Pyme,Préstamo personal,San José,1-30,WhatsApp,True,62.4,0.362,neutro,3,Promesa,18280.0,10661.0
GE-0002866,G09,Gestor 09,2026-01,KB-109192,Corporativo,Cuenta corriente,San José,31-60,WhatsApp,True,46.6,0.119,objecion,3,Pago,439080.0,374490.0
GE-0002867,G09,Gestor 09,2026-01,KB-108501,Corporativo,Préstamo personal,Montevideo,1-30,Llamada,True,49.8,-0.403,frustracion,3,Promesa,2959920.0,1606118.0
GE-0002868,G09,Gestor 09,2026-01,KB-111285,Retail,Cuenta corriente,Montevideo,1-30,WhatsApp,True,76.2,-0.082,ansiedad,4,Promesa,36650.0,11540.0
GE-0002869,G09,Gestor 09,2026-01,KB-111782,Pyme,Cuenta corriente,Canelones,180+,WhatsApp,True,65.2,-0.44,enojo,4,No contacto,122380.0,0.0
GE-0002870,G09,Gestor 09,2026-01,KB-110266,Retail,Crédito automotor,Montevideo,1-30,Llamada,True,77.4,0.604,intencion_pago,4,Pago,68590.0,66524.0
GE-0002871,G09,Gestor 09,2026-01,KB-103709,Corporativo,Microcrédito,Montevideo,91-180,WhatsApp,True,78.2,-0.601,enojo,5,Promesa,333750.0,101914.0
GE-0002872,G09,Gestor 09,2026-01,KB-110404,Pyme,Financiación retail,Canelones,31-60,WhatsApp,True,67.8,-0.056,objecion,3,Promesa,464700.0,238776.0
GE-0002873,G09,Gestor 09,2026-01,KB-110935,Corporativo,Tarjeta de crédito,Durazno,31-60,WhatsApp,True,75.7,-0.299,frustracion,3,No contacto,251710.0,0.0
GE-0002874,G09,Gestor 09,2026-01,KB-101894,Pyme,Tarjeta de crédito,Maldonado,61-90,Llamada,True,80.4,-0.209,dificultad_economica,3,Pago,99760.0,69306.0
GE-0002875,G09,Gestor 09,2026-01,KB-110652,Pyme,Préstamo personal,Colonia,91-180,Llamada,True,67.6,-0.623,enojo,3,No contacto,39850.0,0.0
GE-0002876,G09,Gestor 09,2026-01,KB-101053,Retail,Tarjeta de crédito,Colonia,1-30,WhatsApp,True,71.2,0.487,intencion_pago,3,Sin acuerdo,23270.0,0.0
GE-0002877,G09,Gestor 09,2026-01,KB-105301,Retail,Tarjeta de crédito,Maldonado,180+,Llamada,True,70.6,-0.341,frustracion,6,Sin acuerdo,11280.0,0.0
GE-0002878,G09,Gestor 09,2026-01,KB-106272,Pyme,Crédito automotor,Montevideo,31-60,Llamada,True,74.4,-0.295,frustracion,4,Sin acuerdo,233260.0,0.0
GE-0002879,G09,Gestor 09,2026-01,KB-107217,Pyme,Tarjeta de crédito,Soriano,31-60,Llamada,True,64.7,-0.613,frustracion,5,Promesa,350220.0,200414.0
GE-0002880,G09,Gestor 09,2026-01,KB-105209,Pyme,Crédito automotor,Montevideo,91-180,Llamada,True,80.3,-0.118,dificultad_economica,5,Pago,159250.0,125655.0
GE-0002881,G09,Gestor 09,2026-01,KB-100232,Retail,Financiación retail,Colonia,61-90,WhatsApp,True,65.2,0.054,neutro,4,Pago,55170.0,45682.0
GE-0002882,G09,Gestor 09,2026-01,KB-106833,Retail,Tarjeta de crédito,Montevideo,180+,WhatsApp,True,64.6,-0.502,enojo,4,Promesa,18220.0,5987.0
GE-0002883,G09,Gestor 09,2026-01,KB-101801,Retail,Financiación retail,Flores,31-60,Llamada,True,48.0,-0.319,ansiedad,4,Pago,38640.0,26509.0
GE-0002884,G09,Gestor 09,2026-01,KB-103386,Retail,Tarjeta de crédito,Paysandú,61-90,WhatsApp,True,75.1,0.049,objecion,3,Promesa,30270.0,10024.0
GE-0002885,G09,Gestor 09,2026-01,KB-101512,Pyme,Microcrédito,Montevideo,1-30,Llamada,True,73.5,0.458,intencion_pago,3,Pago,122800.0,112877.0
GE-0002886,G09,Gestor 09,2026-01,KB-108809,Pyme,Préstamo personal,Montevideo,1-30,Llamada,True,56.9,0.499,intencion_pago,3,Pago,123510.0,102057.0
GE-0002887,G09,Gestor 09,2026-01,KB-102668,Retail,Préstamo personal,Salto,61-90,WhatsApp,True,61.1,-0.193,objecion,3,Promesa,6230.0,2721.0
GE-0002888,G09,Gestor 09,2026-01,KB-106734,Pyme,Financiación retail,Tacuarembó,1-30,Llamada,True,64.1,0.027,objecion,4,Pago,64450.0,57003.0
GE-0002889,G09,Gestor 09,2026-01,KB-111673,Corporativo,Financiación retail,Canelones,31-60,Llamada,True,64.7,-0.115,ansiedad,5,Sin acuerdo,2131370.0,0.0
GE-0002890,G09,Gestor 09,2026-01,KB-111056,Retail,Cuenta corriente,Montevideo,31-60,Llamada,True,66.6,-0.424,frustracion,3,No contacto,21140.0,0.0
GE-0002891,G09,Gestor 09,2026-01,KB-111934,Retail,Tarjeta de crédito,Montevideo,61-90,Llamada,True,71.9,-0.603,enojo,5,Pago,43900.0,37957.0
GE-0002892,G09,Gestor 09,2026-01,KB-111154,Retail,Tarjeta de crédito,Florida,31-60,WhatsApp,True,71.4,0.095,neutro,3,Pago,12690.0,7852.0
GE-0002893,G09,Gestor 09,2026-01,KB-105049,Retail,Crédito automotor,Rivera,91-180,Llamada,True,62.8,-0.349,frustracion,4,No contacto,33620.0,0.0
GE-0002894,G09,Gestor 09,2026-01,KB-106733,Retail,Financiación retail,Montevideo,1-30,Llamada,True,78.7,0.355,intencion_pago,5,Pago,7030.0,7005.0
GE-0002895,G09,Gestor 09,2026-01,KB-108438,Retail,Financiación retail,Montevideo,31-60,Llamada,True,77.8,0.259,neutro,4,Promesa,16430.0,8523.0
GE-0002896,G09,Gestor 09,2026-01,KB-110062,Pyme,Crédito automotor,Montevideo,31-60,Llamada,True,75.7,0.031,neutro,4,Promesa,93630.0,44621.0
GE-0002897,G09,Gestor 09,2026-01,KB-110858,Retail,Préstamo personal,Montevideo,91-180,WhatsApp,True,77.3,-0.341,frustracion,7,Promesa,22600.0,11104.0
GE-0002898,G09,Gestor 09,2026-01,KB-101213,Retail,Préstamo personal,Canelones,1-30,WhatsApp,True,60.3,0.069,neutro,4,Promesa,11800.0,5754.0
GE-0002899,G09,Gestor 09,2026-01,KB-107637,Retail,Cuenta corriente,Canelones,91-180,Llamada,True,66.4,0.008,objecion,4,Promesa,23370.0,7333.0
GE-0002900,G09,Gestor 09,2026-01,KB-109218,Corporativo,Tarjeta de crédito,Maldonado,1-30,WhatsApp,True,72.1,0.538,intencion_pago,5,Promesa,2521010.0,1171093.0
GE-0002901,G09,Gestor 09,2026-01,KB-102699,Retail,Tarjeta de crédito,Montevideo,31-60,Llamada,True,73.8,0.164,neutro,5,Promesa,15060.0,6593.0
GE-0002902,G09,Gestor 09,2026-01,KB-107581,Pyme,Microcrédito,Montevideo,31-60,WhatsApp,True,78.2,0.556,intencion_pago,3,Promesa,41430.0,19893.0
GE-0002903,G09,Gestor 09,2026-01,KB-101919,Retail,Préstamo personal,Canelones,1-30,Llamada,True,82.5,-0.08,objecion,3,Promesa,25070.0,14710.0
GE-0002904,G09,Gestor 09,2026-01,KB-110123,Retail,Préstamo personal,Montevideo,1-30,WhatsApp,True,67.3,-0.029,neutro,6,Sin acuerdo,55200.0,0.0
GE-0002905,G10,Gestor 10,2026-01,KB-100092,Pyme,Préstamo personal,Colonia,61-90,Llamada,True,73.7,0.014,objecion,4,Pago,112880.0,102793.0
GE-0002906,G10,Gestor 10,2026-01,KB-102596,Retail,Tarjeta de crédito,Maldonado,91-180,WhatsApp,True,43.3,0.185,neutro,4,Sin acuerdo,24040.0,0.0
GE-0002907,G10,Gestor 10,2026-01,KB-103900,Retail,Crédito automotor,Canelones,180+,Llamada,True,65.4,-0.501,enojo,1,Pago,24050.0,14989.0
GE-0002908,G10,Gestor 10,2026-01,KB-107331,Retail,Tarjeta de crédito,Salto,1-30,WhatsApp,True,72.2,0.025,neutro,5,Pago,15240.0,14286.0
GE-0002909,G10,Gestor 10,2026-01,KB-110871,Pyme,Tarjeta de crédito,Florida,180+,WhatsApp,True,66.8,-0.218,dificultad_economica,4,Sin acuerdo,162610.0,0.0
GE-0002910,G10,Gestor 10,2026-01,KB-111021,Retail,Tarjeta de crédito,Maldonado,1-30,Llamada,True,74.3,0.476,intencion_pago,4,Promesa,13930.0,6451.0
GE-0002911,G10,Gestor 10,2026-01,KB-110575,Pyme,Microcrédito,Maldonado,31-60,WhatsApp,True,73.5,-0.552,frustracion,3,Promesa,160740.0,92311.0
GE-0002912,G10,Gestor 10,2026-01,KB-103914,Corporativo,Préstamo personal,Montevideo,91-180,Llamada,True,67.6,-0.379,frustracion,2,Promesa,411120.0,169689.0
GE-0002913,G10,Gestor 10,2026-01,KB-102532,Retail,Préstamo personal,Canelones,1-30,WhatsApp,True,60.9,0.103,neutro,4,Promesa,66070.0,33206.0
GE-0002914,G10,Gestor 10,2026-01,KB-101726,Retail,Préstamo personal,Canelones,61-90,Llamada,True,68.6,-0.085,ansiedad,3,Pago,19510.0,16736.0
GE-0002915,G10,Gestor 10,2026-01,KB-107691,Retail,Tarjeta de crédito,Montevideo,61-90,Llamada,True,69.2,-0.371,frustracion,3,Promesa,38460.0,19187.0
GE-0002916,G10,Gestor 10,2026-01,KB-111043,Corporativo,Tarjeta de crédito,Canelones,91-180,Llamada,True,61.5,-0.373,dificultad_economica,4,No contacto,42290.0,0.0
GE-0002917,G10,Gestor 10,2026-01,KB-111198,Pyme,Préstamo personal,Montevideo,180+,Llamada,True,72.5,-0.611,enojo,3,No contacto,428890.0,0.0
GE-0002918,G10,Gestor 10,2026-01,KB-104771,Retail,Microcrédito,Montevideo,61-90,Llamada,True,69.4,-0.179,dificultad_economica,4,Promesa,12850.0,7429.0
GE-0002919,G10,Gestor 10,2026-01,KB-100362,Retail,Tarjeta de crédito,Montevideo,91-180,WhatsApp,True,56.2,-0.028,neutro,3,Promesa,10840.0,3819.0
GE-0002920,G10,Gestor 10,2026-01,KB-107651,Pyme,Tarjeta de crédito,Montevideo,1-30,WhatsApp,True,52.0,0.053,objecion,3,Sin acuerdo,267140.0,0.0
GE-0002921,G10,Gestor 10,2026-01,KB-105570,Corporativo,Cuenta corriente,San José,91-180,WhatsApp,True,77.8,-0.154,dificultad_economica,3,Promesa,1437590.0,825964.0
GE-0002922,G10,Gestor 10,2026-01,KB-106706,Retail,Cuenta corriente,Montevideo,1-30,Llamada,True,61.7,-0.192,objecion,3,Pago,67290.0,64166.0
GE-0002923,G10,Gestor 10,2026-01,KB-100454,Retail,Tarjeta de crédito,Montevideo,180+,Llamada,True,63.1,-0.54,frustracion,3,Promesa,30010.0,14890.0
GE-0002924,G10,Gestor 10,2026-01,KB-102156,Retail,Préstamo personal,Montevideo,1-30,Llamada,True,63.7,-0.123,objecion,5,Promesa,26160.0,9973.0
GE-0002925,G10,Gestor 10,2026-01,KB-109293,Retail,Cuenta corriente,Montevideo,1-30,WhatsApp,True,72.1,0.076,neutro,4,Sin acuerdo,63990.0,0.0
GE-0002926,G10,Gestor 10,2026-01,KB-109399,Retail,Microcrédito,Canelones,61-90,Llamada,True,68.0,-0.221,objecion,4,Promesa,10130.0,4194.0
GE-0002927,G10,Gestor 10,2026-01,KB-105788,Retail,Microcrédito,Canelones,31-60,WhatsApp,True,74.8,0.382,intencion_pago,4,Sin acuerdo,19130.0,0.0
GE-0002928,G10,Gestor 10,2026-01,KB-105677,Retail,Préstamo personal,Salto,180+,WhatsApp,True,47.9,-0.349,dificultad_economica,1,Pago,72970.0,51850.0
GE-0002929,G10,Gestor 10,2026-01,KB-100464,Pyme,Tarjeta de crédito,Canelones,31-60,Llamada,True,59.3,-0.033,objecion,4,Promesa,117140.0,59497.0
GE-0002930,G10,Gestor 10,2026-01,KB-108333,Retail,Cuenta corriente,Montevideo,1-30,WhatsApp,True,61.6,-0.01,objecion,2,Pago,17640.0,14883.0
GE-0002931,G10,Gestor 10,2026-01,KB-102477,Corporativo,Préstamo personal,Treinta y Tres,180+,Llamada,True,64.9,0.02,neutro,5,Promesa,676290.0,228089.0
GE-0002932,G10,Gestor 10,2026-01,KB-105391,Pyme,Financiación retail,Canelones,31-60,Llamada,True,57.9,0.477,intencion_pago,2,No contacto,43510.0,0.0
GE-0002933,G10,Gestor 10,2026-01,KB-102842,Retail,Préstamo personal,Tacuarembó,61-90,WhatsApp,True,71.4,-0.136,ansiedad,3,Sin acuerdo,33400.0,0.0
GE-0002934,G10,Gestor 10,2026-01,KB-108610,Corporativo,Préstamo personal,Montevideo,91-180,Llamada,True,50.7,0.112,neutro,2,No contacto,726840.0,0.0
GE-0002935,G10,Gestor 10,2026-01,KB-101826,Retail,Tarjeta de crédito,Salto,1-30,Llamada,True,73.1,0.165,neutro,3,Promesa,31170.0,17130.0
GE-0002936,G10,Gestor 10,2026-01,KB-107627,Retail,Tarjeta de crédito,Montevideo,91-180,Llamada,True,63.7,-0.075,objecion,4,Sin acuerdo,30060.0,0.0
GE-0002937,G10,Gestor 10,2026-01,KB-109522,Pyme,Préstamo personal,Canelones,31-60,WhatsApp,True,63.5,-0.506,enojo,4,Sin acuerdo,147100.0,0.0
GE-0002938,G10,Gestor 10,2026-01,KB-101052,Retail,Microcrédito,Canelones,61-90,Llamada,True,46.3,-0.071,ansiedad,2,No contacto,22280.0,0.0
GE-0002939,G10,Gestor 10,2026-01,KB-111469,Retail,Crédito automotor,Montevideo,180+,Llamada,True,54.8,-0.438,frustracion,3,No contacto,22940.0,0.0
GE-0002940,G10,Gestor 10,2026-01,KB-108367,Retail,Tarjeta de crédito,Montevideo,1-30,WhatsApp,True,61.5,-0.086,neutro,4,Pago,54910.0,53237.0
GE-0002941,G10,Gestor 10,2026-01,KB-108652,Corporativo,Tarjeta de crédito,Montevideo,1-30,Llamada,True,54.3,0.063,neutro,3,Promesa,670690.0,397949.0
GE-0002942,G10,Gestor 10,2026-01,KB-101310,Retail,Tarjeta de crédito,Trinidad,1-30,Llamada,True,62.3,0.448,intencion_pago,5,Pago,21410.0,20651.0
GE-0002943,G10,Gestor 10,2026-01,KB-105899,Pyme,Financiación retail,Montevideo,61-90,Llamada,True,47.8,-0.523,frustracion,2,Pago,68650.0,47528.0
GE-0002944,G10,Gestor 10,2026-01,KB-109695,Pyme,Tarjeta de crédito,Cerro Largo,1-30,Llamada,True,71.1,0.509,intencion_pago,2,Sin acuerdo,83850.0,0.0
GE-0002945,G10,Gestor 10,2026-01,KB-106083,Retail,Financiación retail,Cerro Largo,31-60,WhatsApp,True,63.7,-0.41,frustracion,3,Promesa,14930.0,8214.0
GE-0002946,G10,Gestor 10,2026-01,KB-106622,Retail,Tarjeta de crédito,Canelones,1-30,WhatsApp,True,66.4,0.124,neutro,4,No contacto,21560.0,0.0
GE-0002947,G10,Gestor 10,2026-01,KB-101571,Retail,Financiación retail,San José,31-60,WhatsApp,True,62.8,-0.449,frustracion,3,Sin acuerdo,16770.0,0.0
GE-0002948,G10,Gestor 10,2026-01,KB-110867,Retail,Préstamo personal,Montevideo,91-180,WhatsApp,True,74.5,-0.017,neutro,3,Sin acuerdo,21770.0,0.0
GE-0002949,G10,Gestor 10,2026-01,KB-100807,Retail,Microcrédito,Montevideo,31-60,WhatsApp,True,58.8,0.552,intencion_pago,2,Sin acuerdo,23860.0,0.0
GE-0002950,G10,Gestor 10,2026-01,KB-102494,Retail,Financiación retail,Colonia,1-30,Llamada,True,71.6,0.177,neutro,4,Pago,18150.0,13149.0
GE-0002951,G10,Gestor 10,2026-01,KB-109881,Pyme,Préstamo personal,Montevideo,1-30,WhatsApp,True,75.6,0.092,objecion,4,Promesa,449900.0,254142.0
GE-0002952,G11,Gestor 11,2026-01,KB-107323,Retail,Tarjeta de crédito,Canelones,91-180,Llamada,True,63.6,-0.497,enojo,4,Pago,27500.0,20127.0
GE-0002953,G11,Gestor 11,2026-01,KB-103797,Retail,Cuenta corriente,Soriano,31-60,Llamada,True,82.3,-0.176,frustracion,4,Pago,21040.0,16514.0
GE-0002954,G11,Gestor 11,2026-01,KB-108538,Retail,Financiación retail,Florida,1-30,WhatsApp,True,73.9,0.541,intencion_pago,4,Promesa,25870.0,14520.0
GE-0002955,G11,Gestor 11,2026-01,KB-102062,Pyme,Préstamo personal,Paysandú,1-30,WhatsApp,True,89.5,0.44,neutro,5,Promesa,102770.0,59920.0
GE-0002956,G11,Gestor 11,2026-01,KB-110534,Retail,Tarjeta de crédito,Rocha,91-180,Llamada,True,90.7,0.082,objecion,6,Pago,28980.0,25658.0
GE-0002957,G11,Gestor 11,2026-01,KB-111736,Corporativo,Cuenta corriente,Montevideo,91-180,WhatsApp,True,86.6,-0.106,dificultad_economica,4,Promesa,899780.0,520744.0
GE-0002958,G11,Gestor 11,2026-01,KB-104977,Retail,Financiación retail,Montevideo,31-60,Llamada,True,88.2,-0.148,frustracion,5,Sin acuerdo,52270.0,0.0
GE-0002959,G11,Gestor 11,2026-01,KB-108150,Retail,Tarjeta de crédito,Montevideo,1-30,Llamada,True,85.7,0.3,neutro,4,Sin acuerdo,48190.0,0.0
GE-0002960,G11,Gestor 11,2026-01,KB-107545,Retail,Préstamo personal,Soriano,91-180,Llamada,True,65.8,-0.164,dificultad_economica,4,No contacto,11870.0,0.0
GE-0002961,G11,Gestor 11,2026-01,KB-105229,Retail,Tarjeta de crédito,Canelones,1-30,WhatsApp,True,67.6,0.368,intencion_pago,3,Promesa,27480.0,14128.0
GE-0002962,G11,Gestor 11,2026-01,KB-109997,Corporativo,Tarjeta de crédito,Montevideo,1-30,WhatsApp,True,85.5,0.058,neutro,4,Promesa,788240.0,427140.0
GE-0002963,G11,Gestor 11,2026-01,KB-104208,Retail,Microcrédito,Montevideo,1-30,WhatsApp,True,67.5,0.308,intencion_pago,4,Promesa,65940.0,24502.0
GE-0002964,G11,Gestor 11,2026-01,KB-107296,Retail,Préstamo personal,Salto,91-180,Llamada,True,86.8,0.212,neutro,7,No contacto,88510.0,0.0
GE-0002965,G11,Gestor 11,2026-01,KB-110958,Retail,Financiación retail,Montevideo,1-30,WhatsApp,True,84.4,0.774,intencion_pago,4,Promesa,19760.0,9901.0
GE-0002966,G11,Gestor 11,2026-01,KB-102292,Pyme,Tarjeta de crédito,Trinidad,91-180,Llamada,True,80.7,-0.119,objecion,4,Promesa,535160.0,196749.0
GE-0002967,G11,Gestor 11,2026-01,KB-104119,Retail,Préstamo personal,Maldonado,1-30,Llamada,True,68.9,0.038,neutro,4,Promesa,50470.0,29005.0
GE-0002968,G11,Gestor 11,2026-01,KB-103448,Retail,Préstamo personal,Treinta y Tres,91-180,WhatsApp,True,76.6,-0.201,frustracion,4,Pago,35680.0,27031.0
GE-0002969,G11,Gestor 11,2026-01,KB-105610,Pyme,Financiación retail,Montevideo,1-30,Llamada,True,92.2,0.249,objecion,3,Promesa,153220.0,75212.0
GE-0002970,G11,Gestor 11,2026-01,KB-109069,Pyme,Tarjeta de crédito,Montevideo,1-30,Llamada,True,91.4,0.736,intencion_pago,5,Pago,343090.0,260885.0
GE-0002971,G11,Gestor 11,2026-01,KB-110865,Retail,Tarjeta de crédito,Montevideo,180+,WhatsApp,True,74.1,-0.312,frustracion,6,Sin acuerdo,22760.0,0.0
GE-0002972,G11,Gestor 11,2026-01,KB-107227,Retail,Financiación retail,Montevideo,61-90,Llamada,True,84.6,-0.033,ansiedad,5,Promesa,16540.0,7138.0
GE-0002973,G11,Gestor 11,2026-01,KB-103728,Retail,Tarjeta de crédito,Canelones,61-90,Llamada,True,86.2,0.087,ansiedad,5,Pago,15740.0,13087.0
GE-0002974,G11,Gestor 11,2026-01,KB-109054,Pyme,Préstamo personal,Montevideo,31-60,WhatsApp,True,75.5,0.112,neutro,2,No contacto,63500.0,0.0
GE-0002975,G11,Gestor 11,2026-01,KB-101125,Pyme,Crédito automotor,Soriano,91-180,Llamada,True,74.5,-0.303,dificultad_economica,3,No contacto,113200.0,0.0
GE-0002976,G11,Gestor 11,2026-01,KB-104535,Retail,Financiación retail,Montevideo,31-60,WhatsApp,True,70.0,0.582,intencion_pago,4,Promesa,31290.0,17577.0
GE-0002977,G11,Gestor 11,2026-01,KB-108133,Retail,Cuenta corriente,Maldonado,1-30,Llamada,True,75.6,-0.009,ansiedad,5,Sin acuerdo,40610.0,0.0
GE-0002978,G11,Gestor 11,2026-01,KB-102318,Retail,Tarjeta de crédito,Canelones,180+,WhatsApp,True,86.6,-0.237,dificultad_economica,4,Sin acuerdo,61050.0,0.0
GE-0002979,G11,Gestor 11,2026-01,KB-109726,Retail,Préstamo personal,Canelones,1-30,WhatsApp,True,73.8,-0.18,ansiedad,4,Sin acuerdo,37190.0,0.0
GE-0002980,G11,Gestor 11,2026-01,KB-104563,Retail,Cuenta corriente,San José,91-180,WhatsApp,True,80.7,-0.122,dificultad_economica,2,No contacto,44360.0,0.0
GE-0002981,G11,Gestor 11,2026-01,KB-102095,Retail,Tarjeta de crédito,Montevideo,91-180,WhatsApp,True,76.7,-0.326,frustracion,4,Sin acuerdo,10640.0,0.0
GE-0002982,G11,Gestor 11,2026-01,KB-102710,Pyme,Préstamo personal,Montevideo,31-60,Llamada,True,92.5,0.099,objecion,5,Sin acuerdo,51900.0,0.0
GE-0002983,G11,Gestor 11,2026-01,KB-106348,Retail,Tarjeta de crédito,Rocha,180+,Llamada,True,71.5,-0.377,frustracion,3,Pago,42830.0,26024.0
GE-0002984,G11,Gestor 11,2026-01,KB-109058,Retail,Microcrédito,Lavalleja,31-60,Llamada,True,89.7,0.767,intencion_pago,5,Pago,17240.0,11943.0
GE-0002985,G11,Gestor 11,2026-01,KB-100218,Retail,Préstamo personal,San José,1-30,Llamada,True,79.0,0.464,intencion_pago,5,Pago,27040.0,24273.0
GE-0002986,G11,Gestor 11,2026-01,KB-106380,Retail,Préstamo personal,Paysandú,61-90,Llamada,True,77.1,-0.254,dificultad_economica,2,No contacto,59020.0,0.0
GE-0002987,G11,Gestor 11,2026-01,KB-105838,Retail,Préstamo personal,Montevideo,31-60,WhatsApp,True,87.6,0.646,intencion_pago,6,Promesa,12530.0,6954.0
GE-0002988,G11,Gestor 11,2026-01,KB-111001,Retail,Tarjeta de crédito,San José,1-30,WhatsApp,True,81.3,-0.222,objecion,5,Pago,43210.0,40415.0
GE-0002989,G11,Gestor 11,2026-01,KB-109030,Retail,Préstamo personal,Canelones,61-90,Llamada,True,79.3,-0.258,dificultad_economica,3,Promesa,28750.0,15166.0
GE-0002990,G11,Gestor 11,2026-01,KB-109466,Pyme,Microcrédito,Montevideo,1-30,WhatsApp,True,82.3,0.196,neutro,4,Pago,224870.0,188321.0
GE-0002991,G11,Gestor 11,2026-01,KB-110168,Pyme,Cuenta corriente,Canelones,31-60,Llamada,True,87.3,0.439,intencion_pago,2,Pago,113310.0,108790.0
GE-0002992,G11,Gestor 11,2026-01,KB-110610,Retail,Préstamo personal,Paysandú,91-180,WhatsApp,True,76.1,0.049,objecion,4,Pago,29750.0,19822.0
GE-0002993,G11,Gestor 11,2026-01,KB-100316,Pyme,Crédito automotor,Rocha,1-30,Llamada,True,75.0,0.512,intencion_pago,3,Promesa,451830.0,245590.0
GE-0002994,G11,Gestor 11,2026-01,KB-106443,Retail,Tarjeta de crédito,Paysandú,91-180,Llamada,True,89.1,-0.392,enojo,5,Promesa,29560.0,16539.0
GE-0002995,G12,Gestor 12,2026-01,KB-100658,Retail,Financiación retail,Montevideo,61-90,Llamada,True,84.8,-0.157,ansiedad,5,Promesa,31580.0,17735.0
GE-0002996,G12,Gestor 12,2026-01,KB-106509,Retail,Microcrédito,Canelones,91-180,Llamada,True,68.9,-0.231,dificultad_economica,5,Pago,11470.0,10523.0
GE-0002997,G12,Gestor 12,2026-01,KB-108865,Pyme,Crédito automotor,Rivera,91-180,Llamada,True,87.3,-0.146,dificultad_economica,3,Promesa,102850.0,31544.0
GE-0002998,G12,Gestor 12,2026-01,KB-106971,Retail,Cuenta corriente,Montevideo,91-180,WhatsApp,True,76.1,-0.327,enojo,2,No contacto,43460.0,0.0
GE-0002999,G12,Gestor 12,2026-01,KB-103435,Retail,Tarjeta de crédito,Montevideo,91-180,Llamada,True,80.0,-0.508,frustracion,4,Promesa,14890.0,5032.0
GE-0003000,G12,Gestor 12,2026-01,KB-100433,Retail,Préstamo personal,Canelones,61-90,WhatsApp,True,72.5,-0.238,ansiedad,4,Pago,20080.0,14662.0
GE-0003001,G12,Gestor 12,2026-01,KB-108487,Pyme,Tarjeta de crédito,Artigas,61-90,WhatsApp,True,75.6,-0.021,objecion,5,Promesa,478240.0,253608.0
GE-0003002,G12,Gestor 12,2026-01,KB-106726,Retail,Crédito automotor,Montevideo,91-180,WhatsApp,True,72.9,-0.554,frustracion,4,Promesa,32990.0,16950.0
GE-0003003,G12,Gestor 12,2026-01,KB-102478,Pyme,Préstamo personal,Durazno,61-90,WhatsApp,True,65.2,0.042,objecion,4,No contacto,63610.0,0.0
GE-0003004,G12,Gestor 12,2026-01,KB-103246,Retail,Tarjeta de crédito,Florida,91-180,Llamada,True,76.6,-0.184,ansiedad,5,Promesa,126000.0,53583.0
GE-0003005,G12,Gestor 12,2026-01,KB-108775,Retail,Financiación retail,Montevideo,91-180,Llamada,True,74.0,-0.289,frustracion,4,Pago,5450.0,5412.0
GE-0003006,G12,Gestor 12,2026-01,KB-107521,Pyme,Crédito automotor,Montevideo,180+,Llamada,True,72.4,-0.574,frustracion,4,Sin acuerdo,102190.0,0.0
GE-0003007,G12,Gestor 12,2026-01,KB-107620,Corporativo,Crédito automotor,Montevideo,180+,Llamada,True,81.1,-0.119,objecion,5,Promesa,271150.0,145507.0
GE-0003008,G12,Gestor 12,2026-01,KB-101296,Retail,Préstamo personal,Montevideo,91-180,Llamada,True,78.9,-0.481,enojo,4,Sin acuerdo,21920.0,0.0
GE-0003009,G12,Gestor 12,2026-01,KB-109816,Retail,Crédito automotor,Montevideo,31-60,Llamada,True,79.9,0.075,neutro,5,Promesa,16800.0,7810.0
GE-0003010,G12,Gestor 12,2026-01,KB-105107,Retail,Tarjeta de crédito,Canelones,1-30,Llamada,True,76.3,0.368,intencion_pago,2,Pago,108730.0,92640.0
GE-0003011,G12,Gestor 12,2026-01,KB-100453,Retail,Préstamo personal,Montevideo,31-60,WhatsApp,True,66.6,0.456,intencion_pago,3,Promesa,194940.0,73783.0
GE-0003012,G12,Gestor 12,2026-01,KB-101316,Pyme,Tarjeta de crédito,Montevideo,61-90,WhatsApp,True,80.5,0.158,objecion,3,Pago,318590.0,269209.0
GE-0003013,G12,Gestor 12,2026-01,KB-109579,Pyme,Microcrédito,Montevideo,61-90,WhatsApp,True,82.9,-0.038,objecion,3,Promesa,209070.0,68186.0
GE-0003014,G12,Gestor 12,2026-01,KB-109947,Pyme,Cuenta corriente,Maldonado,31-60,WhatsApp,True,78.7,0.646,intencion_pago,4,Promesa,245390.0,87685.0
GE-0003015,G12,Gestor 12,2026-01,KB-106144,Retail,Financiación retail,Artigas,1-30,WhatsApp,True,74.0,-0.436,frustracion,5,Sin acuerdo,14760.0,0.0
GE-0003016,G12,Gestor 12,2026-01,KB-101044,Retail,Préstamo personal,Montevideo,61-90,Llamada,True,78.1,-0.205,frustracion,5,Promesa,25600.0,14654.0
GE-0003017,G12,Gestor 12,2026-01,KB-111618,Retail,Préstamo personal,Montevideo,1-30,Llamada,True,74.6,-0.081,neutro,3,Pago,66900.0,55056.0
GE-0003018,G12,Gestor 12,2026-01,KB-107012,Pyme,Préstamo personal,Paysandú,1-30,Llamada,True,91.7,0.318,ansiedad,6,Promesa,61700.0,35159.0
GE-0003019,G12,Gestor 12,2026-01,KB-109587,Pyme,Financiación retail,Florida,180+,WhatsApp,True,77.6,-0.512,enojo,4,No contacto,137250.0,0.0
GE-0003020,G12,Gestor 12,2026-01,KB-100738,Retail,Crédito automotor,Rocha,31-60,WhatsApp,True,64.8,-0.459,frustracion,3,Promesa,47400.0,20057.0
GE-0003021,G12,Gestor 12,2026-01,KB-104330,Corporativo,Financiación retail,San José,31-60,WhatsApp,True,84.7,-0.137,frustracion,4,Promesa,459210.0,169822.0
GE-0003022,G12,Gestor 12,2026-01,KB-108663,Corporativo,Préstamo personal,Trinidad,31-60,WhatsApp,True,65.5,0.179,neutro,4,Promesa,1932200.0,827200.0
GE-0003023,G12,Gestor 12,2026-01,KB-102802,Retail,Microcrédito,Canelones,1-30,Llamada,True,71.5,0.584,intencion_pago,3,Pago,39690.0,33269.0
GE-0003024,G12,Gestor 12,2026-01,KB-107731,Pyme,Crédito automotor,Montevideo,1-30,Llamada,True,69.8,0.071,objecion,2,Pago,145330.0,93002.0
GE-0003025,G12,Gestor 12,2026-01,KB-108166,Corporativo,Financiación retail,Montevideo,1-30,Llamada,True,66.4,0.573,intencion_pago,3,Promesa,196900.0,116828.0
GE-0003026,G12,Gestor 12,2026-01,KB-103813,Retail,Financiación retail,Canelones,31-60,WhatsApp,True,80.9,-0.176,ansiedad,3,Promesa,40740.0,16581.0
GE-0003027,G12,Gestor 12,2026-01,KB-109979,Corporativo,Tarjeta de crédito,Salto,91-180,Llamada,True,76.6,-0.452,frustracion,4,Promesa,160390.0,72778.0
GE-0003028,G12,Gestor 12,2026-01,KB-111961,Pyme,Financiación retail,Colonia,31-60,Llamada,True,89.5,-0.086,ansiedad,3,Promesa,70270.0,36515.0
GE-0003029,G12,Gestor 12,2026-01,KB-106955,Retail,Microcrédito,Canelones,31-60,WhatsApp,True,77.2,0.145,objecion,4,Promesa,46640.0,25997.0
GE-0003030,G12,Gestor 12,2026-01,KB-103575,Retail,Financiación retail,Lavalleja,91-180,WhatsApp,True,52.8,-0.265,objecion,2,No contacto,25850.0,0.0
GE-0003031,G12,Gestor 12,2026-01,KB-104942,Pyme,Tarjeta de crédito,Colonia,180+,WhatsApp,True,91.0,-0.075,objecion,5,Pago,45800.0,28576.0
GE-0003032,G12,Gestor 12,2026-01,KB-110610,Retail,Préstamo personal,Paysandú,91-180,Llamada,True,74.9,-0.262,dificultad_economica,4,Sin acuerdo,29750.0,0.0
GE-0003033,G12,Gestor 12,2026-01,KB-102359,Retail,Préstamo personal,Tacuarembó,180+,Llamada,True,74.2,-0.092,objecion,5,No contacto,83890.0,0.0
GE-0003034,G12,Gestor 12,2026-01,KB-103334,Retail,Tarjeta de crédito,Salto,180+,WhatsApp,True,60.3,-0.271,dificultad_economica,3,Promesa,53560.0,17832.0
GE-0003035,G12,Gestor 12,2026-01,KB-106004,Retail,Crédito automotor,Montevideo,61-90,Llamada,True,87.0,0.194,neutro,5,Pago,21350.0,20619.0
GE-0003036,G01,Gestor 01,2026-02,KB-111285,Retail,Cuenta corriente,Montevideo,1-30,WhatsApp,False,69.6,-0.383,frustracion,4,Sin acuerdo,36650.0,0.0
GE-0003037,G01,Gestor 01,2026-02,KB-101867,Retail,Financiación retail,Montevideo,1-30,Llamada,False,70.8,0.635,intencion_pago,3,Pago,29180.0,28342.0
GE-0003038,G01,Gestor 01,2026-02,KB-100556,Retail,Préstamo personal,Colonia,1-30,Llamada,False,64.4,0.637,intencion_pago,4,Pago,53990.0,45923.0
GE-0003039,G01,Gestor 01,2026-02,KB-103615,Retail,Crédito automotor,Canelones,31-60,WhatsApp,False,70.4,0.613,intencion_pago,4,Promesa,51270.0,20403.0
GE-0003040,G01,Gestor 01,2026-02,KB-102624,Retail,Cuenta corriente,Flores,31-60,Llamada,False,51.3,0.078,objecion,3,No contacto,33920.0,0.0
GE-0003041,G01,Gestor 01,2026-02,KB-101475,Retail,Cuenta corriente,Montevideo,91-180,WhatsApp,False,64.8,-0.5,enojo,4,Sin acuerdo,14760.0,0.0
GE-0003042,G01,Gestor 01,2026-02,KB-111306,Pyme,Cuenta corriente,Montevideo,1-30,Llamada,False,71.0,0.205,neutro,5,Promesa,146140.0,79427.0
GE-0003043,G01,Gestor 01,2026-02,KB-108328,Retail,Microcrédito,Canelones,1-30,Llamada,False,57.4,-0.29,ansiedad,4,Promesa,15790.0,8083.0
GE-0003044,G01,Gestor 01,2026-02,KB-102616,Retail,Financiación retail,Montevideo,1-30,Llamada,False,74.1,0.117,neutro,4,Promesa,22700.0,13480.0
GE-0003045,G01,Gestor 01,2026-02,KB-111429,Retail,Financiación retail,Montevideo,61-90,Llamada,False,65.6,0.018,neutro,4,Promesa,40810.0,19080.0
GE-0003046,G01,Gestor 01,2026-02,KB-105041,Pyme,Tarjeta de crédito,Maldonado,31-60,Llamada,False,66.5,0.599,intencion_pago,4,Pago,178970.0,164833.0
GE-0003047,G01,Gestor 01,2026-02,KB-102025,Retail,Crédito automotor,Montevideo,61-90,WhatsApp,False,56.4,-0.602,enojo,4,Pago,19830.0,13278.0
GE-0003048,G01,Gestor 01,2026-02,KB-106191,Pyme,Préstamo personal,Canelones,91-180,Llamada,False,56.0,-0.398,dificultad_economica,2,Promesa,300760.0,111601.0
GE-0003049,G01,Gestor 01,2026-02,KB-101701,Corporativo,Tarjeta de crédito,Salto,1-30,Llamada,False,55.5,0.519,intencion_pago,2,Pago,167210.0,157342.0
GE-0003050,G01,Gestor 01,2026-02,KB-109571,Pyme,Préstamo personal,Salto,1-30,Llamada,False,70.5,0.514,intencion_pago,3,Promesa,277330.0,109631.0
GE-0003051,G01,Gestor 01,2026-02,KB-109275,Pyme,Crédito automotor,Canelones,31-60,Llamada,False,66.6,-0.183,objecion,2,Promesa,470940.0,223818.0
GE-0003052,G01,Gestor 01,2026-02,KB-102840,Retail,Financiación retail,Montevideo,31-60,WhatsApp,False,62.0,-0.281,frustracion,2,Pago,33920.0,32122.0
GE-0003053,G01,Gestor 01,2026-02,KB-105504,Pyme,Tarjeta de crédito,Canelones,180+,WhatsApp,False,67.3,0.032,objecion,2,Pago,87090.0,66548.0
GE-0003054,G01,Gestor 01,2026-02,KB-104943,Retail,Tarjeta de crédito,Maldonado,91-180,WhatsApp,False,62.8,-0.425,frustracion,2,Pago,40980.0,37721.0
GE-0003055,G01,Gestor 01,2026-02,KB-104004,Retail,Tarjeta de crédito,Colonia,91-180,WhatsApp,False,54.4,-0.802,enojo,3,No contacto,25270.0,0.0
GE-0003056,G01,Gestor 01,2026-02,KB-107259,Pyme,Financiación retail,Flores,91-180,WhatsApp,False,66.6,-0.466,enojo,3,Pago,175060.0,136138.0
GE-0003057,G01,Gestor 01,2026-02,KB-111477,Retail,Microcrédito,Maldonado,31-60,Llamada,False,70.3,-0.213,neutro,4,Pago,89730.0,83925.0
GE-0003058,G01,Gestor 01,2026-02,KB-110945,Retail,Tarjeta de crédito,San José,1-30,WhatsApp,False,63.9,0.579,intencion_pago,4,Promesa,24620.0,14620.0
GE-0003059,G01,Gestor 01,2026-02,KB-106257,Retail,Financiación retail,Maldonado,61-90,Llamada,False,64.5,0.015,neutro,5,Promesa,8080.0,2588.0
GE-0003060,G01,Gestor 01,2026-02,KB-101800,Retail,Tarjeta de crédito,Canelones,1-30,Llamada,False,60.0,0.435,intencion_pago,3,Pago,8460.0,8331.0
GE-0003061,G01,Gestor 01,2026-02,KB-111254,Retail,Préstamo personal,Canelones,31-60,Llamada,False,66.9,-0.247,frustracion,4,No contacto,19220.0,0.0
GE-0003062,G01,Gestor 01,2026-02,KB-100654,Retail,Tarjeta de crédito,Maldonado,1-30,WhatsApp,False,66.7,0.258,neutro,3,Sin acuerdo,40810.0,0.0
GE-0003063,G01,Gestor 01,2026-02,KB-106852,Pyme,Préstamo personal,Montevideo,1-30,Llamada,False,60.6,0.151,neutro,2,Pago,75690.0,61947.0
GE-0003064,G01,Gestor 01,2026-02,KB-108006,Pyme,Tarjeta de crédito,Montevideo,91-180,Llamada,False,67.6,-0.373,dificultad_economica,2,Promesa,66700.0,32787.0
GE-0003065,G01,Gestor 01,2026-02,KB-109408,Retail,Microcrédito,Salto,1-30,Llamada,False,60.8,0.455,intencion_pago,2,Promesa,25910.0,11755.0
GE-0003066,G01,Gestor 01,2026-02,KB-107376,Pyme,Crédito automotor,Canelones,31-60,WhatsApp,False,65.9,-0.315,objecion,3,Promesa,83560.0,34419.0
GE-0003067,G01,Gestor 01,2026-02,KB-110051,Retail,Tarjeta de crédito,Lavalleja,61-90,WhatsApp,False,69.7,0.0,ansiedad,3,Promesa,32840.0,14549.0
GE-0003068,G01,Gestor 01,2026-02,KB-102715,Retail,Microcrédito,Montevideo,1-30,Llamada,False,66.1,0.052,ansiedad,4,Pago,10640.0,10086.0
GE-0003069,G01,Gestor 01,2026-02,KB-109891,Retail,Préstamo personal,Montevideo,1-30,Llamada,False,75.4,-0.02,objecion,4,Pago,54130.0,53406.0
GE-0003070,G01,Gestor 01,2026-02,KB-110505,Pyme,Crédito automotor,Salto,61-90,Llamada,False,71.8,-0.274,frustracion,3,Pago,32270.0,27668.0
GE-0003071,G01,Gestor 01,2026-02,KB-104301,Retail,Cuenta corriente,Durazno,1-30,WhatsApp,False,67.2,0.524,intencion_pago,3,Sin acuerdo,21470.0,0.0
GE-0003072,G01,Gestor 01,2026-02,KB-107948,Retail,Préstamo personal,Treinta y Tres,1-30,WhatsApp,False,57.1,0.653,intencion_pago,2,Pago,95840.0,88030.0
GE-0003073,G01,Gestor 01,2026-02,KB-102303,Retail,Cuenta corriente,Colonia,1-30,Llamada,False,65.4,0.649,intencion_pago,2,Promesa,13460.0,7476.0
GE-0003074,G01,Gestor 01,2026-02,KB-103384,Retail,Financiación retail,Montevideo,1-30,WhatsApp,False,62.0,0.306,intencion_pago,2,Promesa,109040.0,44378.0
GE-0003075,G01,Gestor 01,2026-02,KB-111209,Retail,Préstamo personal,Montevideo,61-90,WhatsApp,False,59.8,-0.295,objecion,3,Promesa,27320.0,12905.0
GE-0003076,G01,Gestor 01,2026-02,KB-107723,Retail,Crédito automotor,Tacuarembó,31-60,Llamada,False,63.9,0.48,intencion_pago,3,Promesa,21350.0,10515.0
GE-0003077,G01,Gestor 01,2026-02,KB-106394,Retail,Tarjeta de crédito,Colonia,91-180,Llamada,False,71.8,0.046,objecion,3,Promesa,118290.0,70248.0
GE-0003078,G01,Gestor 01,2026-02,KB-108103,Corporativo,Crédito automotor,Montevideo,91-180,WhatsApp,False,56.0,-0.263,frustracion,2,Sin acuerdo,1378690.0,0.0
GE-0003079,G02,Gestor 02,2026-02,KB-106680,Retail,Cuenta corriente,Montevideo,61-90,Llamada,False,49.8,-0.05,objecion,1,No contacto,20870.0,0.0
GE-0003080,G02,Gestor 02,2026-02,KB-110617,Retail,Financiación retail,Montevideo,91-180,Llamada,False,57.1,-0.348,frustracion,4,Pago,13510.0,9854.0
GE-0003081,G02,Gestor 02,2026-02,KB-111507,Pyme,Cuenta corriente,Rivera,31-60,WhatsApp,False,59.6,-0.058,neutro,3,No contacto,40960.0,0.0
GE-0003082,G02,Gestor 02,2026-02,KB-108284,Retail,Cuenta corriente,Tacuarembó,61-90,Llamada,False,38.7,-0.324,objecion,1,Sin acuerdo,90360.0,0.0
GE-0003083,G02,Gestor 02,2026-02,KB-107054,Retail,Tarjeta de crédito,Durazno,31-60,Llamada,False,46.0,0.499,intencion_pago,2,Sin acuerdo,9250.0,0.0
GE-0003084,G02,Gestor 02,2026-02,KB-107893,Retail,Préstamo personal,Montevideo,91-180,WhatsApp,False,53.7,-0.333,ansiedad,3,No contacto,60950.0,0.0
GE-0003085,G02,Gestor 02,2026-02,KB-111448,Retail,Tarjeta de crédito,Canelones,1-30,WhatsApp,False,61.5,-0.04,neutro,1,Pago,39210.0,29897.0
GE-0003086,G02,Gestor 02,2026-02,KB-104214,Corporativo,Tarjeta de crédito,Canelones,1-30,WhatsApp,False,46.8,0.444,intencion_pago,4,Promesa,637910.0,340496.0
GE-0003087,G02,Gestor 02,2026-02,KB-104175,Retail,Tarjeta de crédito,Montevideo,1-30,Llamada,False,58.4,-0.001,neutro,2,Promesa,21750.0,11009.0
GE-0003088,G02,Gestor 02,2026-02,KB-110053,Retail,Tarjeta de crédito,Canelones,31-60,WhatsApp,False,47.6,-0.212,ansiedad,1,Sin acuerdo,39880.0,0.0
GE-0003089,G02,Gestor 02,2026-02,KB-100514,Retail,Préstamo personal,Montevideo,1-30,Llamada,False,50.8,0.426,intencion_pago,3,Promesa,39280.0,22405.0
GE-0003090,G02,Gestor 02,2026-02,KB-109447,Retail,Préstamo personal,Soriano,1-30,Llamada,False,42.2,0.49,intencion_pago,3,Sin acuerdo,56900.0,0.0
GE-0003091,G02,Gestor 02,2026-02,KB-105539,Retail,Crédito automotor,Montevideo,31-60,WhatsApp,False,66.5,0.261,neutro,3,Promesa,46910.0,22499.0
GE-0003092,G02,Gestor 02,2026-02,KB-110507,Pyme,Tarjeta de crédito,Salto,31-60,WhatsApp,False,36.8,-0.362,objecion,0,No contacto,90730.0,0.0
GE-0003093,G02,Gestor 02,2026-02,KB-101413,Retail,Préstamo personal,Montevideo,1-30,WhatsApp,False,50.6,-0.269,frustracion,3,Pago,18200.0,16266.0
GE-0003094,G02,Gestor 02,2026-02,KB-110501,Retail,Crédito automotor,Montevideo,1-30,Llamada,False,56.9,0.54,intencion_pago,3,Pago,154430.0,110424.0
GE-0003095,G02,Gestor 02,2026-02,KB-103377,Pyme,Préstamo personal,Canelones,31-60,WhatsApp,False,59.8,0.573,intencion_pago,4,Pago,115310.0,110758.0
GE-0003096,G02,Gestor 02,2026-02,KB-100716,Corporativo,Préstamo personal,Rivera,1-30,Llamada,False,69.6,0.402,intencion_pago,4,Promesa,1143670.0,440076.0
GE-0003097,G02,Gestor 02,2026-02,KB-111119,Retail,Financiación retail,Canelones,91-180,WhatsApp,False,56.8,-0.577,enojo,2,No contacto,69370.0,0.0
GE-0003098,G02,Gestor 02,2026-02,KB-107574,Retail,Préstamo personal,Montevideo,91-180,WhatsApp,False,31.9,-0.375,ansiedad,3,No contacto,17350.0,0.0
GE-0003099,G02,Gestor 02,2026-02,KB-109061,Corporativo,Cuenta corriente,Montevideo,91-180,WhatsApp,False,47.0,-0.668,enojo,2,No contacto,359620.0,0.0
GE-0003100,G02,Gestor 02,2026-02,KB-100360,Pyme,Tarjeta de crédito,Canelones,1-30,Llamada,False,42.8,0.53,intencion_pago,2,Promesa,88580.0,47027.0
GE-0003101,G02,Gestor 02,2026-02,KB-105310,Pyme,Tarjeta de crédito,Montevideo,61-90,Llamada,False,45.3,-0.776,enojo,3,Pago,82820.0,80789.0
GE-0003102,G02,Gestor 02,2026-02,KB-105204,Pyme,Préstamo personal,Canelones,1-30,Llamada,False,60.8,0.551,intencion_pago,3,Pago,195900.0,174858.0
GE-0003103,G02,Gestor 02,2026-02,KB-105425,Corporativo,Tarjeta de crédito,Canelones,180+,WhatsApp,False,59.9,-0.514,enojo,4,No contacto,194180.0,0.0
GE-0003104,G02,Gestor 02,2026-02,KB-107387,Retail,Cuenta corriente,Montevideo,91-180,WhatsApp,False,45.0,-0.139,ansiedad,1,No contacto,23580.0,0.0
GE-0003105,G02,Gestor 02,2026-02,KB-107626,Retail,Microcrédito,Canelones,91-180,WhatsApp,False,59.8,-0.566,dificultad_economica,3,No contacto,7280.0,0.0
GE-0003106,G02,Gestor 02,2026-02,KB-103217,Retail,Cuenta corriente,Colonia,180+,Llamada,False,57.4,-0.488,frustracion,3,No contacto,7470.0,0.0
GE-0003107,G02,Gestor 02,2026-02,KB-111299,Retail,Tarjeta de crédito,Montevideo,31-60,WhatsApp,False,60.0,-0.023,neutro,3,Promesa,36400.0,20878.0
GE-0003108,G02,Gestor 02,2026-02,KB-100284,Retail,Préstamo personal,Colonia,1-30,WhatsApp,False,49.8,-0.076,neutro,2,Pago,43510.0,31673.0
GE-0003109,G02,Gestor 02,2026-02,KB-102639,Pyme,Tarjeta de crédito,Soriano,61-90,WhatsApp,False,59.0,-0.197,objecion,3,Pago,161940.0,149114.0
GE-0003110,G02,Gestor 02,2026-02,KB-104643,Retail,Préstamo personal,Canelones,1-30,Llamada,False,47.9,-0.198,ansiedad,3,Pago,21400.0,20140.0
GE-0003111,G02,Gestor 02,2026-02,KB-110610,Retail,Préstamo personal,Paysandú,91-180,Llamada,False,49.6,-0.584,dificultad_economica,2,Promesa,29750.0,10404.0
GE-0003112,G02,Gestor 02,2026-02,KB-110928,Retail,Microcrédito,Artigas,1-30,Llamada,False,49.2,0.339,intencion_pago,3,Promesa,58440.0,25395.0
GE-0003113,G02,Gestor 02,2026-02,KB-104617,Retail,Crédito automotor,Montevideo,1-30,Llamada,False,52.6,0.055,ansiedad,3,Promesa,14950.0,4795.0
GE-0003114,G02,Gestor 02,2026-02,KB-100947,Pyme,Préstamo personal,Rivera,91-180,Llamada,False,54.1,-0.073,objecion,0,No contacto,820150.0,0.0
GE-0003115,G02,Gestor 02,2026-02,KB-100512,Retail,Préstamo personal,Rivera,61-90,Llamada,False,51.8,-0.143,neutro,3,Sin acuerdo,55560.0,0.0
GE-0003116,G02,Gestor 02,2026-02,KB-108954,Pyme,Préstamo personal,Canelones,91-180,Llamada,False,39.7,-0.077,neutro,1,No contacto,71410.0,0.0
GE-0003117,G03,Gestor 03,2026-02,KB-101625,Retail,Préstamo personal,Rivera,180+,WhatsApp,True,76.9,-0.135,dificultad_economica,4,Promesa,68000.0,36525.0
GE-0003118,G03,Gestor 03,2026-02,KB-109148,Pyme,Préstamo personal,Montevideo,91-180,WhatsApp,True,69.1,-0.091,frustracion,4,Pago,165270.0,145288.0
GE-0003119,G03,Gestor 03,2026-02,KB-111038,Retail,Tarjeta de crédito,Montevideo,1-30,Llamada,True,86.4,0.092,neutro,4,Promesa,48780.0,27057.0
GE-0003120,G03,Gestor 03,2026-02,KB-106160,Pyme,Préstamo personal,Montevideo,31-60,Llamada,True,81.3,0.641,intencion_pago,5,Promesa,921640.0,456083.0
GE-0003121,G03,Gestor 03,2026-02,KB-101945,Retail,Tarjeta de crédito,Río Negro,1-30,WhatsApp,True,70.2,-0.19,objecion,4,Pago,16920.0,13888.0
GE-0003122,G03,Gestor 03,2026-02,KB-105334,Pyme,Tarjeta de crédito,San José,1-30,Llamada,True,70.9,0.405,intencion_pago,4,Pago,105720.0,84565.0
GE-0003123,G03,Gestor 03,2026-02,KB-109595,Retail,Préstamo personal,Montevideo,91-180,WhatsApp,True,69.4,-0.485,frustracion,2,Promesa,25350.0,12075.0
GE-0003124,G03,Gestor 03,2026-02,KB-109124,Corporativo,Préstamo personal,Lavalleja,31-60,Llamada,True,83.2,0.016,objecion,4,Promesa,1230860.0,650407.0
GE-0003125,G03,Gestor 03,2026-02,KB-105489,Retail,Cuenta corriente,Montevideo,91-180,Llamada,True,84.8,-0.394,frustracion,5,Promesa,66690.0,37236.0
GE-0003126,G03,Gestor 03,2026-02,KB-102881,Retail,Crédito automotor,Rivera,31-60,WhatsApp,True,75.7,0.068,objecion,4,No contacto,35150.0,0.0
GE-0003127,G03,Gestor 03,2026-02,KB-100870,Retail,Préstamo personal,Montevideo,91-180,Llamada,True,69.3,0.012,neutro,2,Pago,18630.0,17054.0
GE-0003128,G03,Gestor 03,2026-02,KB-108205,Retail,Cuenta corriente,Paysandú,31-60,Llamada,True,81.7,0.067,ansiedad,6,Promesa,9760.0,5519.0
GE-0003129,G03,Gestor 03,2026-02,KB-102145,Pyme,Préstamo personal,Rivera,61-90,Llamada,True,83.0,0.202,objecion,5,Promesa,74960.0,27819.0
GE-0003130,G03,Gestor 03,2026-02,KB-100458,Pyme,Tarjeta de crédito,Colonia,1-30,Llamada,True,80.0,0.322,neutro,5,Pago,198940.0,174201.0
GE-0003131,G03,Gestor 03,2026-02,KB-104197,Retail,Tarjeta de crédito,Maldonado,180+,WhatsApp,True,79.8,-0.124,frustracion,2,Pago,50920.0,42716.0
GE-0003132,G03,Gestor 03,2026-02,KB-110294,Retail,Tarjeta de crédito,Canelones,31-60,Llamada,True,73.9,-0.128,neutro,3,Pago,11530.0,10128.0
GE-0003133,G03,Gestor 03,2026-02,KB-106120,Corporativo,Tarjeta de crédito,Paysandú,1-30,Llamada,True,69.3,-0.059,neutro,4,Pago,704020.0,701508.0
GE-0003134,G03,Gestor 03,2026-02,KB-107577,Retail,Préstamo personal,San José,1-30,Llamada,True,74.4,0.036,neutro,3,Promesa,21220.0,12523.0
GE-0003135,G03,Gestor 03,2026-02,KB-108527,Retail,Préstamo personal,Lavalleja,1-30,Llamada,True,70.3,0.412,intencion_pago,4,No contacto,106710.0,0.0
GE-0003136,G03,Gestor 03,2026-02,KB-110833,Retail,Financiación retail,Rocha,180+,Llamada,True,75.4,-0.014,objecion,4,Promesa,30450.0,9145.0
GE-0003137,G03,Gestor 03,2026-02,KB-101105,Corporativo,Cuenta corriente,Maldonado,61-90,WhatsApp,True,78.0,-0.167,frustracion,4,Promesa,1282270.0,429971.0
GE-0003138,G03,Gestor 03,2026-02,KB-110019,Pyme,Tarjeta de crédito,Montevideo,91-180,WhatsApp,True,91.3,-0.016,ansiedad,4,Promesa,37230.0,16785.0
GE-0003139,G03,Gestor 03,2026-02,KB-111534,Retail,Préstamo personal,Canelones,31-60,WhatsApp,True,76.7,-0.016,ansiedad,4,Promesa,18760.0,7944.0
GE-0003140,G03,Gestor 03,2026-02,KB-107634,Retail,Tarjeta de crédito,Montevideo,61-90,WhatsApp,True,83.6,0.162,objecion,5,Pago,17780.0,14172.0
GE-0003141,G03,Gestor 03,2026-02,KB-103386,Retail,Tarjeta de crédito,Paysandú,61-90,WhatsApp,True,89.8,-0.161,frustracion,4,Pago,30270.0,19419.0
GE-0003142,G03,Gestor 03,2026-02,KB-107445,Retail,Cuenta corriente,Montevideo,31-60,Llamada,True,78.8,-0.057,ansiedad,5,Sin acuerdo,32830.0,0.0
GE-0003143,G03,Gestor 03,2026-02,KB-101573,Retail,Financiación retail,Salto,91-180,Llamada,True,80.3,-0.067,objecion,4,Pago,8440.0,5297.0
GE-0003144,G03,Gestor 03,2026-02,KB-111990,Corporativo,Crédito automotor,Durazno,1-30,Llamada,True,74.1,0.736,intencion_pago,4,Promesa,279210.0,138577.0
GE-0003145,G03,Gestor 03,2026-02,KB-107739,Pyme,Crédito automotor,Montevideo,1-30,Llamada,True,89.3,0.287,neutro,2,Sin acuerdo,483390.0,0.0
GE-0003146,G03,Gestor 03,2026-02,KB-103523,Retail,Tarjeta de crédito,Montevideo,31-60,WhatsApp,True,81.0,-0.123,ansiedad,5,Sin acuerdo,27100.0,0.0
GE-0003147,G03,Gestor 03,2026-02,KB-101588,Retail,Financiación retail,Canelones,61-90,Llamada,True,77.1,-0.217,frustracion,5,Pago,28610.0,21405.0
GE-0003148,G03,Gestor 03,2026-02,KB-106326,Retail,Tarjeta de crédito,Montevideo,91-180,WhatsApp,True,61.6,-0.134,frustracion,4,Promesa,9950.0,5033.0
GE-0003149,G03,Gestor 03,2026-02,KB-104338,Retail,Microcrédito,Colonia,91-180,WhatsApp,True,73.9,-0.536,enojo,4,Promesa,35540.0,12985.0
GE-0003150,G03,Gestor 03,2026-02,KB-102201,Pyme,Préstamo personal,Montevideo,91-180,WhatsApp,True,76.4,-0.021,dificultad_economica,3,Sin acuerdo,55920.0,0.0
GE-0003151,G03,Gestor 03,2026-02,KB-105253,Pyme,Tarjeta de crédito,Montevideo,31-60,WhatsApp,True,78.9,-0.595,enojo,2,Pago,121170.0,89739.0
GE-0003152,G03,Gestor 03,2026-02,KB-102748,Retail,Cuenta corriente,Maldonado,61-90,Llamada,True,65.8,-0.059,ansiedad,3,Promesa,7950.0,2638.0
GE-0003153,G03,Gestor 03,2026-02,KB-103287,Retail,Tarjeta de crédito,Montevideo,91-180,WhatsApp,True,70.8,-0.56,enojo,3,No contacto,14730.0,0.0
GE-0003154,G03,Gestor 03,2026-02,KB-111301,Retail,Microcrédito,Durazno,1-30,WhatsApp,True,79.7,0.049,neutro,4,Promesa,23590.0,8772.0
GE-0003155,G03,Gestor 03,2026-02,KB-106085,Retail,Tarjeta de crédito,Montevideo,31-60,WhatsApp,True,67.2,-0.002,objecion,5,Pago,27310.0,25570.0
GE-0003156,G03,Gestor 03,2026-02,KB-107311,Retail,Préstamo personal,Canelones,1-30,Llamada,True,71.7,-0.302,ansiedad,3,Pago,27950.0,21204.0
GE-0003157,G03,Gestor 03,2026-02,KB-101474,Retail,Microcrédito,Montevideo,1-30,WhatsApp,True,78.4,0.595,intencion_pago,3,Promesa,14690.0,5035.0
GE-0003158,G03,Gestor 03,2026-02,KB-105011,Pyme,Tarjeta de crédito,Canelones,61-90,WhatsApp,True,83.8,0.058,neutro,5,Promesa,220590.0,82872.0
GE-0003159,G04,Gestor 04,2026-02,KB-106122,Pyme,Tarjeta de crédito,Canelones,1-30,WhatsApp,True,71.9,0.061,neutro,3,Pago,246510.0,244553.0
GE-0003160,G04,Gestor 04,2026-02,KB-109419,Retail,Préstamo personal,Soriano,31-60,Llamada,True,93.7,0.773,intencion_pago,5,Pago,25420.0,18522.0
GE-0003161,G04,Gestor 04,2026-02,KB-102173,Corporativo,Préstamo personal,Montevideo,31-60,Llamada,True,84.1,-0.048,objecion,6,Promesa,547960.0,245397.0
GE-0003162,G04,Gestor 04,2026-02,KB-106798,Retail,Tarjeta de crédito,Montevideo,1-30,Llamada,True,65.4,-0.139,objecion,5,Pago,67050.0,50978.0
GE-0003163,G04,Gestor 04,2026-02,KB-104223,Retail,Préstamo personal,Montevideo,1-30,Llamada,True,78.6,-0.27,objecion,4,Pago,46680.0,43756.0
GE-0003164,G04,Gestor 04,2026-02,KB-104859,Retail,Cuenta corriente,Montevideo,61-90,Llamada,True,78.5,0.165,neutro,4,Promesa,6040.0,3346.0
GE-0003165,G04,Gestor 04,2026-02,KB-101375,Pyme,Tarjeta de crédito,Salto,91-180,WhatsApp,True,83.0,0.139,ansiedad,5,Pago,66190.0,53933.0
GE-0003166,G04,Gestor 04,2026-02,KB-110328,Pyme,Tarjeta de crédito,Montevideo,91-180,Llamada,True,77.5,-0.324,enojo,5,Sin acuerdo,79720.0,0.0
GE-0003167,G04,Gestor 04,2026-02,KB-110814,Pyme,Tarjeta de crédito,Montevideo,91-180,WhatsApp,True,81.9,-0.2,dificultad_economica,4,Promesa,94200.0,29449.0
GE-0003168,G04,Gestor 04,2026-02,KB-108941,Retail,Microcrédito,Montevideo,91-180,Llamada,True,69.7,-0.464,frustracion,5,No contacto,22980.0,0.0
GE-0003169,G04,Gestor 04,2026-02,KB-109457,Pyme,Tarjeta de crédito,Canelones,61-90,Llamada,True,81.2,-0.137,objecion,6,Promesa,160170.0,85350.0
GE-0003170,G04,Gestor 04,2026-02,KB-103711,Pyme,Cuenta corriente,Maldonado,1-30,WhatsApp,True,70.4,0.019,neutro,4,Sin acuerdo,184070.0,0.0
GE-0003171,G04,Gestor 04,2026-02,KB-109015,Retail,Tarjeta de crédito,Cerro Largo,91-180,WhatsApp,True,65.6,-0.543,enojo,4,Promesa,23710.0,8703.0
GE-0003172,G04,Gestor 04,2026-02,KB-107246,Retail,Financiación retail,Montevideo,91-180,WhatsApp,True,76.6,-0.232,frustracion,5,Sin acuerdo,5140.0,0.0
GE-0003173,G04,Gestor 04,2026-02,KB-105953,Retail,Préstamo personal,Canelones,1-30,WhatsApp,True,91.7,0.79,intencion_pago,5,Sin acuerdo,23100.0,0.0
GE-0003174,G04,Gestor 04,2026-02,KB-108669,Retail,Préstamo personal,Montevideo,61-90,Llamada,True,70.3,-0.143,objecion,4,Sin acuerdo,58320.0,0.0
GE-0003175,G04,Gestor 04,2026-02,KB-110547,Retail,Tarjeta de crédito,Maldonado,180+,WhatsApp,True,90.2,-0.593,enojo,7,Pago,54730.0,34219.0
GE-0003176,G04,Gestor 04,2026-02,KB-111238,Retail,Cuenta corriente,Cerro Largo,61-90,WhatsApp,True,77.5,-0.094,neutro,3,Promesa,12500.0,5876.0
GE-0003177,G04,Gestor 04,2026-02,KB-107473,Pyme,Préstamo personal,Salto,61-90,WhatsApp,True,72.6,0.083,neutro,4,Promesa,149520.0,79878.0
GE-0003178,G04,Gestor 04,2026-02,KB-108616,Retail,Préstamo personal,Montevideo,31-60,WhatsApp,True,73.5,-0.079,ansiedad,2,Pago,22800.0,20188.0
GE-0003179,G04,Gestor 04,2026-02,KB-106270,Pyme,Crédito automotor,Rocha,31-60,WhatsApp,True,75.5,0.204,neutro,4,Promesa,88050.0,33574.0
GE-0003180,G04,Gestor 04,2026-02,KB-110294,Retail,Tarjeta de crédito,Canelones,31-60,Llamada,True,60.1,0.109,neutro,2,Promesa,11530.0,5866.0
GE-0003181,G04,Gestor 04,2026-02,KB-108948,Corporativo,Préstamo personal,Rocha,1-30,Llamada,True,86.6,0.222,neutro,5,Promesa,292110.0,166611.0
GE-0003182,G04,Gestor 04,2026-02,KB-110942,Pyme,Crédito automotor,Soriano,61-90,Llamada,True,72.3,-0.532,frustracion,4,Promesa,192380.0,96488.0
GE-0003183,G04,Gestor 04,2026-02,KB-111264,Retail,Préstamo personal,Durazno,91-180,WhatsApp,True,71.0,-0.084,dificultad_economica,4,Pago,14060.0,10504.0
GE-0003184,G04,Gestor 04,2026-02,KB-111183,Corporativo,Préstamo personal,Salto,31-60,WhatsApp,True,68.9,-0.127,neutro,3,Sin acuerdo,335770.0,0.0
GE-0003185,G04,Gestor 04,2026-02,KB-103232,Retail,Préstamo personal,Montevideo,31-60,WhatsApp,True,80.5,-0.121,frustracion,4,Sin acuerdo,16010.0,0.0
GE-0003186,G04,Gestor 04,2026-02,KB-101948,Pyme,Tarjeta de crédito,Montevideo,61-90,WhatsApp,True,76.6,-0.267,enojo,3,Promesa,64030.0,32863.0
GE-0003187,G04,Gestor 04,2026-02,KB-105892,Retail,Tarjeta de crédito,Rocha,1-30,Llamada,True,79.9,-0.14,ansiedad,0,Pago,44030.0,41007.0
GE-0003188,G04,Gestor 04,2026-02,KB-100376,Retail,Préstamo personal,Montevideo,31-60,Llamada,True,75.3,0.483,intencion_pago,4,Pago,23110.0,21388.0
GE-0003189,G04,Gestor 04,2026-02,KB-104420,Corporativo,Microcrédito,Tacuarembó,31-60,WhatsApp,True,78.5,0.704,intencion_pago,3,Promesa,578490.0,269382.0
GE-0003190,G04,Gestor 04,2026-02,KB-110681,Retail,Préstamo personal,Colonia,1-30,Llamada,True,72.2,0.49,intencion_pago,4,Promesa,22950.0,10337.0
GE-0003191,G04,Gestor 04,2026-02,KB-109972,Retail,Préstamo personal,Montevideo,31-60,WhatsApp,True,69.0,0.254,neutro,2,Promesa,20140.0,11915.0
GE-0003192,G04,Gestor 04,2026-02,KB-108883,Retail,Préstamo personal,Trinidad,180+,Llamada,True,89.8,0.297,neutro,6,Promesa,34770.0,12392.0
GE-0003193,G04,Gestor 04,2026-02,KB-105502,Pyme,Tarjeta de crédito,Cerro Largo,1-30,Llamada,True,75.9,-0.207,ansiedad,5,Pago,49170.0,33032.0
GE-0003194,G04,Gestor 04,2026-02,KB-106736,Retail,Tarjeta de crédito,San José,91-180,WhatsApp,True,88.8,0.417,objecion,6,Promesa,6880.0,3943.0
GE-0003195,G04,Gestor 04,2026-02,KB-106258,Pyme,Préstamo personal,Montevideo,180+,Llamada,True,65.0,-0.187,objecion,5,No contacto,50880.0,0.0
GE-0003196,G04,Gestor 04,2026-02,KB-104469,Retail,Tarjeta de crédito,Montevideo,1-30,WhatsApp,True,76.2,0.077,objecion,3,Pago,6360.0,5876.0
GE-0003197,G04,Gestor 04,2026-02,KB-108570,Corporativo,Tarjeta de crédito,Canelones,61-90,Llamada,True,70.5,0.067,neutro,3,Pago,1946010.0,1471569.0
GE-0003198,G05,Gestor 05,2026-02,KB-105453,Retail,Tarjeta de crédito,Canelones,91-180,WhatsApp,True,43.8,0.08,objecion,1,No contacto,27100.0,0.0
GE-0003199,G05,Gestor 05,2026-02,KB-105253,Pyme,Tarjeta de crédito,Montevideo,31-60,WhatsApp,True,74.8,0.608,intencion_pago,3,Pago,121170.0,89739.0
GE-0003200,G05,Gestor 05,2026-02,KB-104007,Retail,Préstamo personal,Montevideo,180+,Llamada,True,42.4,-0.687,enojo,2,Promesa,10540.0,3221.0
GE-0003201,G05,Gestor 05,2026-02,KB-111180,Retail,Financiación retail,Canelones,31-60,WhatsApp,True,60.7,0.578,intencion_pago,3,Promesa,22730.0,11908.0
GE-0003202,G05,Gestor 05,2026-02,KB-101931,Retail,Financiación retail,Canelones,91-180,WhatsApp,True,49.6,-0.554,dificultad_economica,0,Promesa,8470.0,5025.0
GE-0003203,G05,Gestor 05,2026-02,KB-109808,Retail,Tarjeta de crédito,Montevideo,1-30,Llamada,True,44.6,0.156,neutro,3,No contacto,5460.0,0.0
GE-0003204,G05,Gestor 05,2026-02,KB-105993,Corporativo,Cuenta corriente,Salto,61-90,WhatsApp,True,56.5,-0.214,objecion,2,Sin acuerdo,109500.0,0.0
GE-0003205,G05,Gestor 05,2026-02,KB-103110,Retail,Tarjeta de crédito,Canelones,31-60,WhatsApp,True,47.4,0.436,intencion_pago,1,Promesa,27540.0,14045.0
GE-0003206,G05,Gestor 05,2026-02,KB-102074,Retail,Tarjeta de crédito,Soriano,91-180,WhatsApp,True,62.6,-0.636,enojo,2,Pago,23400.0,16402.0
GE-0003207,G05,Gestor 05,2026-02,KB-102999,Retail,Tarjeta de crédito,Colonia,91-180,Llamada,True,44.4,-0.385,dificultad_economica,1,Pago,21990.0,14975.0
GE-0003208,G05,Gestor 05,2026-02,KB-107684,Retail,Cuenta corriente,Montevideo,61-90,Llamada,True,49.0,-0.334,objecion,0,Sin acuerdo,21940.0,0.0
GE-0003209,G05,Gestor 05,2026-02,KB-105553,Retail,Tarjeta de crédito,Montevideo,61-90,WhatsApp,True,55.7,-0.365,enojo,5,No contacto,101480.0,0.0
GE-0003210,G05,Gestor 05,2026-02,KB-106899,Pyme,Cuenta corriente,Canelones,31-60,WhatsApp,True,60.8,-0.706,frustracion,4,No contacto,42230.0,0.0
GE-0003211,G05,Gestor 05,2026-02,KB-100469,Retail,Tarjeta de crédito,Florida,91-180,Llamada,True,51.5,-0.394,dificultad_economica,3,Pago,14050.0,12326.0
GE-0003212,G05,Gestor 05,2026-02,KB-102377,Retail,Financiación retail,Montevideo,1-30,Llamada,True,41.1,0.272,intencion_pago,3,Promesa,7140.0,3780.0
GE-0003213,G05,Gestor 05,2026-02,KB-108637,Retail,Préstamo personal,Montevideo,1-30,Llamada,True,70.6,0.5,intencion_pago,4,Sin acuerdo,38430.0,0.0
GE-0003214,G05,Gestor 05,2026-02,KB-104404,Retail,Cuenta corriente,Montevideo,91-180,Llamada,True,61.2,-0.499,objecion,3,No contacto,9020.0,0.0
GE-0003215,G05,Gestor 05,2026-02,KB-100264,Retail,Préstamo personal,Montevideo,31-60,WhatsApp,True,61.7,0.364,intencion_pago,5,Sin acuerdo,21820.0,0.0
GE-0003216,G05,Gestor 05,2026-02,KB-108848,Pyme,Préstamo personal,Montevideo,180+,Llamada,True,55.4,-0.678,enojo,4,Sin acuerdo,140650.0,0.0
GE-0003217,G05,Gestor 05,2026-02,KB-110517,Retail,Cuenta corriente,Montevideo,31-60,Llamada,True,54.7,-0.355,frustracion,4,No contacto,8710.0,0.0
GE-0003218,G05,Gestor 05,2026-02,KB-104804,Pyme,Crédito automotor,Maldonado,1-30,WhatsApp,True,38.4,-0.38,objecion,2,Pago,418020.0,386256.0
GE-0003219,G05,Gestor 05,2026-02,KB-108645,Pyme,Préstamo personal,Trinidad,1-30,WhatsApp,True,56.3,0.444,intencion_pago,4,Sin acuerdo,24630.0,0.0
GE-0003220,G05,Gestor 05,2026-02,KB-107769,Retail,Financiación retail,Maldonado,31-60,Llamada,True,48.1,-0.202,ansiedad,4,No contacto,26800.0,0.0
GE-0003221,G05,Gestor 05,2026-02,KB-108540,Retail,Microcrédito,Canelones,1-30,Llamada,True,46.4,0.31,intencion_pago,0,Promesa,19170.0,9289.0
GE-0003222,G05,Gestor 05,2026-02,KB-103153,Retail,Préstamo personal,Montevideo,1-30,WhatsApp,True,49.1,0.0,neutro,3,Promesa,29010.0,9269.0
GE-0003223,G05,Gestor 05,2026-02,KB-103027,Retail,Tarjeta de crédito,Colonia,61-90,WhatsApp,True,53.8,-0.466,dificultad_economica,2,Promesa,10060.0,4974.0
GE-0003224,G05,Gestor 05,2026-02,KB-106846,Retail,Microcrédito,Montevideo,31-60,Llamada,True,58.1,-0.171,frustracion,3,Pago,89490.0,72786.0
GE-0003225,G05,Gestor 05,2026-02,KB-103436,Pyme,Financiación retail,Montevideo,1-30,Llamada,True,59.5,0.358,intencion_pago,4,Pago,114210.0,89949.0
GE-0003226,G05,Gestor 05,2026-02,KB-100881,Pyme,Tarjeta de crédito,Montevideo,31-60,Llamada,True,55.3,0.295,intencion_pago,2,Promesa,224630.0,102612.0
GE-0003227,G05,Gestor 05,2026-02,KB-102551,Corporativo,Microcrédito,Montevideo,180+,WhatsApp,True,60.9,-0.524,enojo,3,Sin acuerdo,222390.0,0.0
GE-0003228,G05,Gestor 05,2026-02,KB-104622,Retail,Tarjeta de crédito,Montevideo,61-90,Llamada,True,48.4,-0.029,objecion,1,Pago,26680.0,19242.0
GE-0003229,G05,Gestor 05,2026-02,KB-104967,Pyme,Préstamo personal,San José,91-180,Llamada,True,52.0,-0.071,ansiedad,3,No contacto,217120.0,0.0
GE-0003230,G05,Gestor 05,2026-02,KB-107010,Retail,Tarjeta de crédito,Canelones,180+,Llamada,True,45.1,-0.547,enojo,4,Sin acuerdo,8380.0,0.0
GE-0003231,G05,Gestor 05,2026-02,KB-105916,Pyme,Tarjeta de crédito,Rivera,1-30,WhatsApp,True,53.8,0.512,intencion_pago,3,Promesa,95670.0,41129.0
GE-0003232,G05,Gestor 05,2026-02,KB-108551,Pyme,Préstamo personal,Montevideo,91-180,WhatsApp,True,35.7,-0.681,dificultad_economica,3,Pago,251360.0,187059.0
GE-0003233,G05,Gestor 05,2026-02,KB-104001,Retail,Microcrédito,Montevideo,180+,Llamada,True,41.2,0.029,objecion,3,Sin acuerdo,8410.0,0.0
GE-0003234,G05,Gestor 05,2026-02,KB-104478,Pyme,Préstamo personal,Montevideo,61-90,WhatsApp,True,46.3,-0.5,ansiedad,5,Sin acuerdo,173950.0,0.0
GE-0003235,G05,Gestor 05,2026-02,KB-108755,Retail,Tarjeta de crédito,Canelones,91-180,Llamada,True,49.6,-0.481,enojo,1,Promesa,29460.0,12132.0
GE-0003236,G05,Gestor 05,2026-02,KB-100214,Retail,Crédito automotor,Canelones,1-30,WhatsApp,True,53.9,0.001,neutro,2,Promesa,24090.0,12015.0
GE-0003237,G05,Gestor 05,2026-02,KB-106064,Corporativo,Financiación retail,Maldonado,91-180,Llamada,True,53.1,-0.382,enojo,1,Promesa,191550.0,64360.0
GE-0003238,G05,Gestor 05,2026-02,KB-104288,Retail,Préstamo personal,Montevideo,31-60,WhatsApp,True,51.2,0.084,neutro,3,Pago,26970.0,24425.0
GE-0003239,G05,Gestor 05,2026-02,KB-101689,Retail,Préstamo personal,Maldonado,61-90,WhatsApp,True,70.1,-0.431,frustracion,4,Pago,15120.0,10330.0
GE-0003240,G05,Gestor 05,2026-02,KB-103690,Retail,Microcrédito,Montevideo,91-180,Llamada,True,62.0,-0.054,objecion,4,Promesa,63380.0,34648.0
GE-0003241,G06,Gestor 06,2026-02,KB-104783,Retail,Crédito automotor,Montevideo,180+,Llamada,True,51.7,-0.324,frustracion,3,Pago,15490.0,9764.0
GE-0003242,G06,Gestor 06,2026-02,KB-103302,Corporativo,Tarjeta de crédito,Montevideo,1-30,Llamada,True,62.0,0.056,neutro,3,Pago,3801090.0,3652548.0
GE-0003243,G06,Gestor 06,2026-02,KB-104512,Pyme,Crédito automotor,Canelones,1-30,Llamada,True,58.7,0.411,intencion_pago,4,Promesa,55030.0,30782.0
GE-0003244,G06,Gestor 06,2026-02,KB-109767,Retail,Microcrédito,Paysandú,61-90,Llamada,True,55.1,0.039,objecion,3,No contacto,37410.0,0.0
GE-0003245,G06,Gestor 06,2026-02,KB-105497,Pyme,Tarjeta de crédito,Montevideo,91-180,WhatsApp,True,66.2,-0.195,dificultad_economica,4,Pago,39120.0,30235.0
GE-0003246,G06,Gestor 06,2026-02,KB-104404,Retail,Cuenta corriente,Montevideo,91-180,WhatsApp,True,56.0,-0.55,enojo,2,Promesa,9020.0,3220.0
GE-0003247,G06,Gestor 06,2026-02,KB-103303,Pyme,Microcrédito,Canelones,61-90,Llamada,True,37.5,-0.176,neutro,4,No contacto,144250.0,0.0
GE-0003248,G06,Gestor 06,2026-02,KB-100125,Corporativo,Financiación retail,Canelones,31-60,Llamada,True,57.9,0.61,intencion_pago,3,No contacto,1450760.0,0.0
GE-0003249,G06,Gestor 06,2026-02,KB-107915,Retail,Tarjeta de crédito,Montevideo,31-60,WhatsApp,True,58.9,-0.306,objecion,3,Promesa,25340.0,12130.0
GE-0003250,G06,Gestor 06,2026-02,KB-111880,Retail,Préstamo personal,Canelones,91-180,WhatsApp,True,42.9,-0.385,ansiedad,3,No contacto,44290.0,0.0
GE-0003251,G06,Gestor 06,2026-02,KB-108461,Pyme,Tarjeta de crédito,Montevideo,180+,Llamada,True,46.5,-0.163,ansiedad,2,No contacto,309210.0,0.0
GE-0003252,G06,Gestor 06,2026-02,KB-101176,Pyme,Cuenta corriente,Rocha,31-60,WhatsApp,True,49.3,-0.267,ansiedad,3,Promesa,47650.0,26510.0
GE-0003253,G06,Gestor 06,2026-02,KB-100167,Retail,Microcrédito,Canelones,1-30,Llamada,True,64.0,0.426,intencion_pago,2,Promesa,31960.0,18015.0
GE-0003254,G06,Gestor 06,2026-02,KB-106886,Retail,Cuenta corriente,Montevideo,180+,WhatsApp,True,70.3,-0.06,objecion,5,No contacto,48030.0,0.0
GE-0003255,G06,Gestor 06,2026-02,KB-110006,Retail,Préstamo personal,Montevideo,1-30,WhatsApp,True,70.2,0.845,intencion_pago,4,Pago,42640.0,38584.0
GE-0003256,G06,Gestor 06,2026-02,KB-107473,Pyme,Préstamo personal,Salto,61-90,WhatsApp,True,54.3,-0.443,frustracion,2,Promesa,149520.0,79878.0
GE-0003257,G06,Gestor 06,2026-02,KB-104294,Retail,Préstamo personal,Flores,1-30,WhatsApp,True,67.8,0.222,objecion,1,Pago,10600.0,10360.0
GE-0003258,G06,Gestor 06,2026-02,KB-106802,Retail,Tarjeta de crédito,Montevideo,31-60,WhatsApp,True,66.2,-0.095,neutro,3,Pago,35340.0,32005.0
GE-0003259,G06,Gestor 06,2026-02,KB-106256,Retail,Microcrédito,Canelones,31-60,Llamada,True,70.2,-0.328,frustracion,3,Promesa,36040.0,19565.0
GE-0003260,G06,Gestor 06,2026-02,KB-103882,Retail,Tarjeta de crédito,Montevideo,1-30,Llamada,True,51.8,0.629,intencion_pago,4,Pago,8780.0,5833.0
GE-0003261,G06,Gestor 06,2026-02,KB-104460,Retail,Microcrédito,Montevideo,31-60,Llamada,True,58.1,0.062,neutro,3,No contacto,21750.0,0.0
GE-0003262,G06,Gestor 06,2026-02,KB-103444,Pyme,Cuenta corriente,Canelones,1-30,WhatsApp,True,47.3,-0.495,ansiedad,3,Promesa,76780.0,45902.0
GE-0003263,G06,Gestor 06,2026-02,KB-104615,Corporativo,Crédito automotor,Montevideo,1-30,Llamada,True,48.6,0.43,intencion_pago,1,Pago,363440.0,313965.0
GE-0003264,G06,Gestor 06,2026-02,KB-111589,Pyme,Microcrédito,Montevideo,1-30,Llamada,True,41.5,0.083,neutro,4,Promesa,38740.0,20113.0
GE-0003265,G06,Gestor 06,2026-02,KB-108117,Retail,Microcrédito,Canelones,31-60,Llamada,True,47.3,0.388,intencion_pago,4,Sin acuerdo,27000.0,0.0
GE-0003266,G06,Gestor 06,2026-02,KB-106381,Retail,Préstamo personal,Tacuarembó,31-60,Llamada,True,49.8,0.603,intencion_pago,1,Sin acuerdo,18320.0,0.0
GE-0003267,G06,Gestor 06,2026-02,KB-105048,Retail,Microcrédito,Paysandú,91-180,WhatsApp,True,60.1,-0.095,dificultad_economica,2,Promesa,53130.0,27588.0
GE-0003268,G06,Gestor 06,2026-02,KB-111312,Retail,Préstamo personal,Montevideo,1-30,WhatsApp,True,59.1,-0.636,enojo,4,Pago,100510.0,69734.0
GE-0003269,G06,Gestor 06,2026-02,KB-106227,Retail,Microcrédito,Montevideo,1-30,WhatsApp,True,64.0,0.169,neutro,2,Promesa,38250.0,16214.0
GE-0003270,G06,Gestor 06,2026-02,KB-104578,Retail,Préstamo personal,Rivera,1-30,WhatsApp,True,47.6,0.377,intencion_pago,2,Promesa,11840.0,6226.0
GE-0003271,G06,Gestor 06,2026-02,KB-110934,Retail,Préstamo personal,Rocha,31-60,WhatsApp,True,47.2,-0.001,neutro,1,Promesa,36740.0,19766.0
GE-0003272,G06,Gestor 06,2026-02,KB-102507,Retail,Préstamo personal,Montevideo,1-30,Llamada,True,43.0,-0.176,ansiedad,1,Pago,30520.0,26617.0
GE-0003273,G06,Gestor 06,2026-02,KB-111626,Pyme,Préstamo personal,Paysandú,180+,Llamada,True,60.7,-0.187,dificultad_economica,5,No contacto,118620.0,0.0
GE-0003274,G06,Gestor 06,2026-02,KB-110581,Retail,Cuenta corriente,Montevideo,91-180,Llamada,True,56.8,-0.123,objecion,3,Pago,17010.0,15669.0
GE-0003275,G06,Gestor 06,2026-02,KB-102257,Retail,Financiación retail,San José,180+,WhatsApp,True,42.8,-0.176,objecion,1,Sin acuerdo,20250.0,0.0
GE-0003276,G06,Gestor 06,2026-02,KB-110523,Retail,Financiación retail,Rocha,31-60,WhatsApp,True,48.7,-0.045,objecion,2,Sin acuerdo,31110.0,0.0
GE-0003277,G07,Gestor 07,2026-02,KB-105470,Pyme,Tarjeta de crédito,Montevideo,1-30,Llamada,True,73.2,0.154,neutro,4,Promesa,94940.0,54284.0
GE-0003278,G07,Gestor 07,2026-02,KB-104616,Retail,Tarjeta de crédito,Maldonado,31-60,Llamada,True,76.4,0.496,intencion_pago,5,Promesa,16570.0,9511.0
GE-0003279,G07,Gestor 07,2026-02,KB-108808,Retail,Tarjeta de crédito,Montevideo,91-180,WhatsApp,True,69.8,-0.186,ansiedad,4,Promesa,14830.0,8800.0
GE-0003280,G07,Gestor 07,2026-02,KB-106344,Corporativo,Préstamo personal,Canelones,180+,WhatsApp,True,75.7,-0.277,enojo,4,No contacto,1132700.0,0.0
GE-0003281,G07,Gestor 07,2026-02,KB-111768,Retail,Cuenta corriente,Montevideo,91-180,WhatsApp,True,76.8,-0.403,dificultad_economica,5,Pago,12480.0,11642.0
GE-0003282,G07,Gestor 07,2026-02,KB-102280,Retail,Préstamo personal,Artigas,91-180,Llamada,True,71.1,-0.394,dificultad_economica,4,Sin acuerdo,33290.0,0.0
GE-0003283,G07,Gestor 07,2026-02,KB-101802,Retail,Microcrédito,Tacuarembó,91-180,WhatsApp,True,71.4,-0.022,ansiedad,3,Sin acuerdo,79620.0,0.0
GE-0003284,G07,Gestor 07,2026-02,KB-105747,Retail,Crédito automotor,Colonia,91-180,Llamada,True,60.2,-0.39,dificultad_economica,3,Pago,15770.0,9884.0
GE-0003285,G07,Gestor 07,2026-02,KB-105434,Pyme,Tarjeta de crédito,Canelones,31-60,Llamada,True,71.9,0.282,intencion_pago,2,Promesa,139350.0,46872.0
GE-0003286,G07,Gestor 07,2026-02,KB-108439,Pyme,Préstamo personal,Maldonado,1-30,Llamada,True,70.1,0.542,intencion_pago,2,Sin acuerdo,94170.0,0.0
GE-0003287,G07,Gestor 07,2026-02,KB-110138,Pyme,Financiación retail,Montevideo,91-180,Llamada,True,84.3,-0.166,objecion,5,Pago,49190.0,31740.0
GE-0003288,G07,Gestor 07,2026-02,KB-110878,Retail,Tarjeta de crédito,Maldonado,31-60,WhatsApp,True,67.4,-0.14,objecion,2,Sin acuerdo,39680.0,0.0
GE-0003289,G07,Gestor 07,2026-02,KB-102636,Retail,Tarjeta de crédito,Maldonado,31-60,Llamada,True,69.7,-0.505,enojo,6,Sin acuerdo,40080.0,0.0
GE-0003290,G07,Gestor 07,2026-02,KB-108057,Retail,Préstamo personal,Montevideo,61-90,Llamada,True,72.3,0.127,objecion,4,Promesa,95080.0,55443.0
GE-0003291,G07,Gestor 07,2026-02,KB-110342,Retail,Tarjeta de crédito,Maldonado,1-30,Llamada,True,78.7,0.483,intencion_pago,4,Sin acuerdo,49360.0,0.0
GE-0003292,G07,Gestor 07,2026-02,KB-103990,Retail,Préstamo personal,Montevideo,1-30,Llamada,True,69.8,0.614,intencion_pago,5,Promesa,18820.0,10123.0
GE-0003293,G07,Gestor 07,2026-02,KB-105701,Retail,Microcrédito,Canelones,31-60,WhatsApp,True,61.5,-0.507,enojo,4,Pago,5470.0,4975.0
GE-0003294,G07,Gestor 07,2026-02,KB-106813,Retail,Préstamo personal,Montevideo,91-180,Llamada,True,82.2,-0.325,enojo,3,Pago,38320.0,26799.0
GE-0003295,G07,Gestor 07,2026-02,KB-101937,Retail,Crédito automotor,Tacuarembó,31-60,Llamada,True,78.3,-0.147,ansiedad,2,Promesa,66750.0,27884.0
GE-0003296,G07,Gestor 07,2026-02,KB-101373,Retail,Financiación retail,Treinta y Tres,1-30,Llamada,True,79.3,0.697,intencion_pago,5,Promesa,12650.0,6592.0
GE-0003297,G07,Gestor 07,2026-02,KB-103702,Retail,Tarjeta de crédito,San José,91-180,Llamada,True,66.8,-0.558,enojo,3,Promesa,37350.0,14168.0
GE-0003298,G07,Gestor 07,2026-02,KB-104700,Retail,Préstamo personal,Montevideo,61-90,Llamada,True,73.8,-0.23,dificultad_economica,6,Promesa,23780.0,8273.0
GE-0003299,G07,Gestor 07,2026-02,KB-101762,Retail,Crédito automotor,Montevideo,31-60,Llamada,True,82.3,0.24,neutro,5,Promesa,34760.0,20049.0
GE-0003300,G07,Gestor 07,2026-02,KB-105143,Retail,Préstamo personal,Montevideo,61-90,WhatsApp,True,82.3,0.2,neutro,3,Promesa,30520.0,10806.0
GE-0003301,G07,Gestor 07,2026-02,KB-105227,Corporativo,Microcrédito,Colonia,31-60,WhatsApp,True,82.8,0.391,intencion_pago,7,Pago,709690.0,551005.0
GE-0003302,G07,Gestor 07,2026-02,KB-100824,Retail,Préstamo personal,Durazno,180+,Llamada,True,81.2,-0.318,frustracion,4,Promesa,50610.0,28199.0
GE-0003303,G07,Gestor 07,2026-02,KB-102291,Retail,Cuenta corriente,Montevideo,91-180,WhatsApp,True,66.5,-0.583,enojo,2,Pago,24090.0,22877.0
GE-0003304,G07,Gestor 07,2026-02,KB-101747,Pyme,Préstamo personal,Montevideo,1-30,WhatsApp,True,56.2,0.776,intencion_pago,5,Sin acuerdo,78870.0,0.0
GE-0003305,G07,Gestor 07,2026-02,KB-100296,Retail,Tarjeta de crédito,Montevideo,1-30,WhatsApp,True,82.5,0.023,ansiedad,6,Promesa,31920.0,13617.0
GE-0003306,G07,Gestor 07,2026-02,KB-107929,Retail,Tarjeta de crédito,Canelones,61-90,Llamada,True,74.9,-0.224,dificultad_economica,4,Pago,13090.0,11045.0
GE-0003307,G07,Gestor 07,2026-02,KB-100769,Retail,Tarjeta de crédito,Canelones,1-30,Llamada,True,75.8,0.478,intencion_pago,3,Promesa,12810.0,5623.0
GE-0003308,G07,Gestor 07,2026-02,KB-110220,Retail,Préstamo personal,Colonia,180+,Llamada,True,79.6,0.135,objecion,3,Promesa,37120.0,11929.0
GE-0003309,G07,Gestor 07,2026-02,KB-103967,Retail,Microcrédito,San José,1-30,WhatsApp,True,73.0,-0.153,ansiedad,3,Pago,27720.0,26127.0
GE-0003310,G07,Gestor 07,2026-02,KB-109562,Pyme,Préstamo personal,Florida,91-180,WhatsApp,True,62.0,-0.439,frustracion,5,Sin acuerdo,144540.0,0.0
GE-0003311,G07,Gestor 07,2026-02,KB-105808,Retail,Tarjeta de crédito,Montevideo,91-180,WhatsApp,True,70.5,0.032,objecion,2,Promesa,43070.0,20693.0
GE-0003312,G07,Gestor 07,2026-02,KB-108906,Retail,Financiación retail,Rocha,91-180,Llamada,True,67.8,-0.465,enojo,3,No contacto,92780.0,0.0
GE-0003313,G07,Gestor 07,2026-02,KB-101171,Retail,Microcrédito,Treinta y Tres,31-60,WhatsApp,True,62.7,-0.083,ansiedad,2,Pago,26380.0,19308.0
GE-0003314,G07,Gestor 07,2026-02,KB-102938,Retail,Cuenta corriente,Rivera,31-60,WhatsApp,True,79.0,-0.023,objecion,3,Promesa,57310.0,28537.0
GE-0003315,G07,Gestor 07,2026-02,KB-110005,Retail,Crédito automotor,Soriano,31-60,Llamada,True,64.1,0.099,objecion,2,Pago,19340.0,18644.0
GE-0003316,G07,Gestor 07,2026-02,KB-110346,Corporativo,Tarjeta de crédito,Paysandú,31-60,WhatsApp,True,70.7,-0.357,frustracion,3,Sin acuerdo,212780.0,0.0
GE-0003317,G07,Gestor 07,2026-02,KB-105660,Retail,Tarjeta de crédito,Montevideo,1-30,WhatsApp,True,66.6,0.283,neutro,4,Sin acuerdo,75070.0,0.0
GE-0003318,G07,Gestor 07,2026-02,KB-106315,Pyme,Tarjeta de crédito,Tacuarembó,91-180,WhatsApp,True,59.3,0.052,objecion,5,No contacto,46770.0,0.0
GE-0003319,G07,Gestor 07,2026-02,KB-105637,Pyme,Tarjeta de crédito,Montevideo,31-60,Llamada,True,82.3,0.564,intencion_pago,4,Promesa,234360.0,118704.0
GE-0003320,G07,Gestor 07,2026-02,KB-102524,Retail,Préstamo personal,Montevideo,31-60,Llamada,True,64.3,0.158,neutro,3,Promesa,17780.0,6054.0
GE-0003321,G08,Gestor 08,2026-02,KB-111399,Retail,Préstamo personal,Montevideo,1-30,Llamada,True,70.8,0.762,intencion_pago,4,Promesa,21000.0,9071.0
GE-0003322,G08,Gestor 08,2026-02,KB-101303,Pyme,Préstamo personal,Canelones,91-180,Llamada,True,74.7,-0.675,enojo,3,No contacto,32810.0,0.0
GE-0003323,G08,Gestor 08,2026-02,KB-110558,Retail,Crédito automotor,Montevideo,91-180,WhatsApp,True,85.7,-0.211,dificultad_economica,3,Promesa,59360.0,19171.0
GE-0003324,G08,Gestor 08,2026-02,KB-108647,Pyme,Préstamo personal,Paysandú,31-60,WhatsApp,True,56.0,0.36,intencion_pago,2,Pago,110130.0,107392.0
GE-0003325,G08,Gestor 08,2026-02,KB-107749,Pyme,Tarjeta de crédito,Montevideo,180+,Llamada,True,64.1,-0.666,enojo,2,No contacto,59200.0,0.0
GE-0003326,G08,Gestor 08,2026-02,KB-106276,Retail,Financiación retail,Montevideo,31-60,WhatsApp,True,72.7,0.107,objecion,6,Sin acuerdo,54980.0,0.0
GE-0003327,G08,Gestor 08,2026-02,KB-102016,Retail,Préstamo personal,Montevideo,61-90,WhatsApp,True,73.9,-0.324,frustracion,4,Pago,77770.0,70499.0
GE-0003328,G08,Gestor 08,2026-02,KB-101001,Retail,Préstamo personal,Montevideo,91-180,Llamada,True,67.8,-0.251,frustracion,3,Promesa,28520.0,16905.0
GE-0003329,G08,Gestor 08,2026-02,KB-102926,Pyme,Cuenta corriente,Canelones,1-30,Llamada,True,83.4,-0.023,ansiedad,5,Pago,203810.0,157774.0
GE-0003330,G08,Gestor 08,2026-02,KB-107076,Retail,Cuenta corriente,Montevideo,61-90,WhatsApp,True,50.8,-0.172,objecion,0,Sin acuerdo,11020.0,0.0
GE-0003331,G08,Gestor 08,2026-02,KB-102038,Pyme,Financiación retail,Canelones,1-30,WhatsApp,True,73.2,0.201,objecion,3,Pago,385290.0,256162.0
GE-0003332,G08,Gestor 08,2026-02,KB-100913,Retail,Préstamo personal,Montevideo,61-90,Llamada,True,55.0,-0.235,dificultad_economica,3,No contacto,78910.0,0.0
GE-0003333,G08,Gestor 08,2026-02,KB-102897,Retail,Financiación retail,Canelones,61-90,Llamada,True,73.2,-0.233,frustracion,3,Pago,27940.0,22786.0
GE-0003334,G08,Gestor 08,2026-02,KB-101501,Pyme,Tarjeta de crédito,Maldonado,1-30,Llamada,True,67.9,0.543,intencion_pago,3,Pago,81980.0,70826.0
GE-0003335,G08,Gestor 08,2026-02,KB-102376,Retail,Crédito automotor,Montevideo,91-180,WhatsApp,True,62.8,-0.496,frustracion,3,Pago,39690.0,35884.0
GE-0003336,G08,Gestor 08,2026-02,KB-108115,Retail,Préstamo personal,Maldonado,91-180,WhatsApp,True,70.5,-0.147,objecion,6,Pago,17390.0,13507.0
GE-0003337,G08,Gestor 08,2026-02,KB-109084,Retail,Financiación retail,Maldonado,1-30,WhatsApp,True,84.0,0.796,intencion_pago,4,Pago,23200.0,22390.0
GE-0003338,G08,Gestor 08,2026-02,KB-105056,Retail,Tarjeta de crédito,Colonia,1-30,Llamada,True,59.9,0.387,intencion_pago,3,Pago,53210.0,50166.0
GE-0003339,G08,Gestor 08,2026-02,KB-111751,Retail,Préstamo personal,Montevideo,180+,WhatsApp,True,65.1,-0.743,enojo,2,Pago,28030.0,24619.0
GE-0003340,G08,Gestor 08,2026-02,KB-101590,Retail,Crédito automotor,Colonia,31-60,WhatsApp,True,71.2,-0.047,objecion,3,Promesa,22600.0,12025.0
GE-0003341,G08,Gestor 08,2026-02,KB-102826,Retail,Tarjeta de crédito,Montevideo,91-180,WhatsApp,True,71.4,-0.076,ansiedad,3,Promesa,5550.0,1729.0
GE-0003342,G08,Gestor 08,2026-02,KB-110671,Retail,Tarjeta de crédito,Maldonado,91-180,WhatsApp,True,75.9,-0.273,dificultad_economica,7,No contacto,12490.0,0.0
GE-0003343,G08,Gestor 08,2026-02,KB-106622,Retail,Tarjeta de crédito,Canelones,1-30,WhatsApp,True,70.7,0.576,intencion_pago,3,Sin acuerdo,21560.0,0.0
GE-0003344,G08,Gestor 08,2026-02,KB-101040,Retail,Microcrédito,Canelones,31-60,Llamada,True,89.4,-0.191,frustracion,5,Pago,19830.0,12476.0
GE-0003345,G08,Gestor 08,2026-02,KB-108627,Retail,Crédito automotor,Montevideo,61-90,Llamada,True,82.7,0.142,neutro,2,Pago,41660.0,38644.0
GE-0003346,G08,Gestor 08,2026-02,KB-104869,Corporativo,Crédito automotor,Montevideo,91-180,WhatsApp,True,60.0,-0.686,enojo,3,Pago,509140.0,437570.0
GE-0003347,G08,Gestor 08,2026-02,KB-110614,Retail,Tarjeta de crédito,Montevideo,61-90,Llamada,True,61.1,-0.501,enojo,4,No contacto,32680.0,0.0
GE-0003348,G08,Gestor 08,2026-02,KB-111946,Pyme,Préstamo personal,Montevideo,180+,Llamada,True,63.6,-0.296,dificultad_economica,3,Promesa,31290.0,9555.0
GE-0003349,G08,Gestor 08,2026-02,KB-103375,Pyme,Financiación retail,Canelones,180+,WhatsApp,True,70.6,0.055,dificultad_economica,6,Pago,65840.0,46510.0
GE-0003350,G08,Gestor 08,2026-02,KB-100366,Pyme,Financiación retail,Tacuarembó,91-180,Llamada,True,68.0,-0.145,ansiedad,3,No contacto,102420.0,0.0
GE-0003351,G08,Gestor 08,2026-02,KB-110415,Retail,Tarjeta de crédito,Montevideo,1-30,WhatsApp,True,67.7,0.529,intencion_pago,3,Promesa,62430.0,37127.0
GE-0003352,G08,Gestor 08,2026-02,KB-107945,Retail,Cuenta corriente,Canelones,1-30,Llamada,True,79.2,0.122,neutro,5,Sin acuerdo,41720.0,0.0
GE-0003353,G08,Gestor 08,2026-02,KB-110995,Retail,Tarjeta de crédito,Montevideo,180+,Llamada,True,70.2,-0.453,frustracion,2,Pago,31740.0,19997.0
GE-0003354,G08,Gestor 08,2026-02,KB-100145,Retail,Tarjeta de crédito,Montevideo,31-60,WhatsApp,True,70.7,-0.222,ansiedad,2,Promesa,40670.0,22933.0
GE-0003355,G08,Gestor 08,2026-02,KB-102371,Pyme,Cuenta corriente,Canelones,1-30,WhatsApp,True,57.0,0.087,neutro,5,No contacto,58270.0,0.0
GE-0003356,G08,Gestor 08,2026-02,KB-101103,Retail,Préstamo personal,Lavalleja,1-30,Llamada,True,73.2,0.867,intencion_pago,2,Pago,18730.0,18025.0
GE-0003357,G08,Gestor 08,2026-02,KB-101940,Retail,Cuenta corriente,San José,91-180,WhatsApp,True,75.2,-0.433,enojo,4,Promesa,50660.0,23792.0
GE-0003358,G08,Gestor 08,2026-02,KB-109317,Retail,Tarjeta de crédito,Paysandú,1-30,WhatsApp,True,74.5,0.757,intencion_pago,4,Promesa,53430.0,22874.0
GE-0003359,G08,Gestor 08,2026-02,KB-102352,Retail,Microcrédito,Montevideo,180+,WhatsApp,True,60.3,-0.696,enojo,4,Pago,38830.0,37065.0
GE-0003360,G08,Gestor 08,2026-02,KB-102346,Retail,Tarjeta de crédito,Montevideo,1-30,WhatsApp,True,54.7,-0.433,frustracion,2,No contacto,54850.0,0.0
GE-0003361,G08,Gestor 08,2026-02,KB-102661,Retail,Tarjeta de crédito,Rocha,1-30,WhatsApp,True,73.9,0.433,intencion_pago,3,Pago,13490.0,9945.0
GE-0003362,G08,Gestor 08,2026-02,KB-107106,Retail,Tarjeta de crédito,Artigas,31-60,WhatsApp,True,67.1,-0.11,ansiedad,4,Sin acuerdo,27490.0,0.0
GE-0003363,G08,Gestor 08,2026-02,KB-102585,Retail,Tarjeta de crédito,Paysandú,180+,Llamada,True,74.4,-0.387,enojo,4,Sin acuerdo,21800.0,0.0
GE-0003364,G08,Gestor 08,2026-02,KB-111758,Corporativo,Tarjeta de crédito,Montevideo,31-60,Llamada,True,71.1,-0.409,enojo,4,No contacto,292030.0,0.0
GE-0003365,G09,Gestor 09,2026-02,KB-100172,Retail,Tarjeta de crédito,Montevideo,31-60,Llamada,True,60.2,0.031,ansiedad,3,Promesa,5940.0,2886.0
GE-0003366,G09,Gestor 09,2026-02,KB-110147,Pyme,Crédito automotor,Montevideo,1-30,WhatsApp,True,60.8,0.477,intencion_pago,4,Promesa,42630.0,22707.0
GE-0003367,G09,Gestor 09,2026-02,KB-111623,Pyme,Cuenta corriente,Montevideo,1-30,Llamada,True,70.4,0.096,neutro,4,Pago,251730.0,228141.0
GE-0003368,G09,Gestor 09,2026-02,KB-108495,Retail,Préstamo personal,Durazno,61-90,Llamada,True,71.0,-0.177,frustracion,5,Sin acuerdo,19650.0,0.0
GE-0003369,G09,Gestor 09,2026-02,KB-106689,Retail,Financiación retail,Montevideo,1-30,Llamada,True,81.3,-0.685,enojo,4,Promesa,28080.0,11906.0
GE-0003370,G09,Gestor 09,2026-02,KB-108109,Retail,Tarjeta de crédito,Canelones,31-60,WhatsApp,True,72.5,-0.095,objecion,6,Promesa,6980.0,4112.0
GE-0003371,G09,Gestor 09,2026-02,KB-106775,Retail,Microcrédito,Montevideo,180+,Llamada,True,59.0,-0.05,objecion,5,No contacto,39020.0,0.0
GE-0003372,G09,Gestor 09,2026-02,KB-108991,Pyme,Tarjeta de crédito,Montevideo,31-60,Llamada,True,60.8,-0.073,objecion,3,Promesa,123600.0,54250.0
GE-0003373,G09,Gestor 09,2026-02,KB-104788,Retail,Tarjeta de crédito,Canelones,31-60,Llamada,True,55.6,-0.15,ansiedad,3,Pago,34750.0,33860.0
GE-0003374,G09,Gestor 09,2026-02,KB-108507,Retail,Financiación retail,Maldonado,1-30,WhatsApp,True,76.4,0.563,intencion_pago,3,Pago,162400.0,148163.0
GE-0003375,G09,Gestor 09,2026-02,KB-101310,Retail,Tarjeta de crédito,Trinidad,1-30,Llamada,True,79.8,0.664,intencion_pago,3,Pago,21410.0,20651.0
GE-0003376,G09,Gestor 09,2026-02,KB-104988,Pyme,Tarjeta de crédito,Colonia,61-90,Llamada,True,76.2,-0.187,ansiedad,7,Promesa,207190.0,109423.0
GE-0003377,G09,Gestor 09,2026-02,KB-100061,Retail,Préstamo personal,Rocha,31-60,WhatsApp,True,64.3,0.131,neutro,3,Promesa,30130.0,15056.0
GE-0003378,G09,Gestor 09,2026-02,KB-110974,Retail,Préstamo personal,Canelones,31-60,WhatsApp,True,70.6,-0.134,frustracion,2,Promesa,78020.0,33007.0
GE-0003379,G09,Gestor 09,2026-02,KB-110091,Pyme,Tarjeta de crédito,Maldonado,61-90,Llamada,True,66.7,-0.742,enojo,1,Pago,17530.0,15935.0
GE-0003380,G09,Gestor 09,2026-02,KB-110021,Pyme,Cuenta corriente,San José,61-90,Llamada,True,59.9,0.131,objecion,3,No contacto,398070.0,0.0
GE-0003381,G09,Gestor 09,2026-02,KB-104831,Pyme,Préstamo personal,Montevideo,180+,Llamada,True,78.9,-0.347,dificultad_economica,3,Promesa,61220.0,19888.0
GE-0003382,G09,Gestor 09,2026-02,KB-110612,Pyme,Financiación retail,Montevideo,61-90,Llamada,True,80.7,-0.412,enojo,5,Pago,155320.0,141888.0
GE-0003383,G09,Gestor 09,2026-02,KB-105301,Retail,Tarjeta de crédito,Maldonado,180+,Llamada,True,74.8,-0.061,objecion,3,Pago,11280.0,6879.0
GE-0003384,G09,Gestor 09,2026-02,KB-100206,Retail,Préstamo personal,Paysandú,180+,Llamada,True,65.8,-0.462,frustracion,2,No contacto,33540.0,0.0
GE-0003385,G09,Gestor 09,2026-02,KB-110010,Retail,Tarjeta de crédito,Montevideo,31-60,Llamada,True,73.3,0.73,intencion_pago,4,Promesa,25840.0,11048.0
GE-0003386,G09,Gestor 09,2026-02,KB-110802,Retail,Crédito automotor,Maldonado,180+,Llamada,True,77.7,-0.411,frustracion,4,Sin acuerdo,20090.0,0.0
GE-0003387,G09,Gestor 09,2026-02,KB-111542,Retail,Cuenta corriente,Montevideo,91-180,Llamada,True,68.0,-0.143,frustracion,4,Promesa,6150.0,2822.0
GE-0003388,G09,Gestor 09,2026-02,KB-110625,Pyme,Préstamo personal,Montevideo,61-90,Llamada,True,76.7,0.049,objecion,5,No contacto,53180.0,0.0
GE-0003389,G09,Gestor 09,2026-02,KB-104652,Pyme,Préstamo personal,Durazno,61-90,WhatsApp,True,61.9,-0.026,ansiedad,3,No contacto,80340.0,0.0
GE-0003390,G09,Gestor 09,2026-02,KB-107549,Pyme,Cuenta corriente,Florida,61-90,Llamada,True,73.4,-0.214,dificultad_economica,4,Promesa,336800.0,171255.0
GE-0003391,G09,Gestor 09,2026-02,KB-108620,Retail,Préstamo personal,Cerro Largo,91-180,Llamada,True,60.8,-0.615,enojo,3,Pago,101400.0,76822.0
GE-0003392,G09,Gestor 09,2026-02,KB-103387,Retail,Microcrédito,Montevideo,31-60,Llamada,True,78.9,-0.008,neutro,4,No contacto,220990.0,0.0
GE-0003393,G09,Gestor 09,2026-02,KB-105780,Retail,Financiación retail,Montevideo,91-180,Llamada,True,75.9,-0.064,ansiedad,5,Promesa,47500.0,17718.0
GE-0003394,G09,Gestor 09,2026-02,KB-102416,Retail,Financiación retail,San José,1-30,Llamada,True,77.7,0.076,neutro,4,Promesa,18540.0,7221.0
GE-0003395,G09,Gestor 09,2026-02,KB-102099,Retail,Tarjeta de crédito,Artigas,91-180,WhatsApp,True,74.2,-0.09,ansiedad,2,No contacto,23740.0,0.0
GE-0003396,G09,Gestor 09,2026-02,KB-109351,Pyme,Tarjeta de crédito,Montevideo,91-180,WhatsApp,True,80.3,-0.427,frustracion,4,No contacto,48500.0,0.0
GE-0003397,G09,Gestor 09,2026-02,KB-101515,Pyme,Microcrédito,Rivera,180+,Llamada,True,62.6,0.009,dificultad_economica,3,Promesa,36380.0,15019.0
GE-0003398,G09,Gestor 09,2026-02,KB-111142,Retail,Tarjeta de crédito,San José,1-30,Llamada,True,63.9,0.48,intencion_pago,4,Promesa,45080.0,19725.0
GE-0003399,G09,Gestor 09,2026-02,KB-103740,Corporativo,Cuenta corriente,Artigas,91-180,Llamada,True,78.8,-0.398,frustracion,4,No contacto,1386900.0,0.0
GE-0003400,G09,Gestor 09,2026-02,KB-108420,Retail,Financiación retail,Artigas,61-90,WhatsApp,True,71.9,-0.162,dificultad_economica,5,Sin acuerdo,40840.0,0.0
GE-0003401,G09,Gestor 09,2026-02,KB-108907,Retail,Tarjeta de crédito,Río Negro,31-60,Llamada,True,81.3,-0.433,enojo,4,Pago,9560.0,9155.0
GE-0003402,G09,Gestor 09,2026-02,KB-100727,Retail,Tarjeta de crédito,Montevideo,31-60,WhatsApp,True,68.5,0.669,intencion_pago,3,Promesa,16290.0,9176.0
GE-0003403,G09,Gestor 09,2026-02,KB-111668,Pyme,Financiación retail,San José,1-30,WhatsApp,True,69.2,0.216,neutro,4,Sin acuerdo,271580.0,0.0
GE-0003404,G09,Gestor 09,2026-02,KB-103455,Retail,Tarjeta de crédito,San José,61-90,WhatsApp,True,56.7,-0.41,objecion,3,Pago,30650.0,27178.0
GE-0003405,G09,Gestor 09,2026-02,KB-109386,Retail,Tarjeta de crédito,Canelones,91-180,WhatsApp,True,88.1,0.314,neutro,3,Pago,25540.0,22252.0
GE-0003406,G09,Gestor 09,2026-02,KB-108069,Corporativo,Préstamo personal,Rivera,1-30,WhatsApp,True,63.2,0.631,intencion_pago,3,Promesa,1727020.0,837835.0
GE-0003407,G09,Gestor 09,2026-02,KB-111796,Retail,Tarjeta de crédito,Montevideo,31-60,WhatsApp,True,61.9,-0.314,ansiedad,4,Promesa,28530.0,15466.0
GE-0003408,G09,Gestor 09,2026-02,KB-102465,Retail,Préstamo personal,Artigas,31-60,WhatsApp,True,59.6,-0.094,neutro,3,Promesa,48980.0,15822.0
GE-0003409,G09,Gestor 09,2026-02,KB-100645,Retail,Préstamo personal,Montevideo,61-90,Llamada,True,56.5,-0.307,ansiedad,3,Sin acuerdo,37900.0,0.0
GE-0003410,G09,Gestor 09,2026-02,KB-104799,Retail,Préstamo personal,Montevideo,1-30,WhatsApp,True,64.7,0.37,intencion_pago,3,Promesa,25500.0,13357.0
GE-0003411,G09,Gestor 09,2026-02,KB-103482,Pyme,Tarjeta de crédito,Canelones,31-60,Llamada,True,64.6,-0.66,enojo,2,Promesa,65160.0,22943.0
GE-0003412,G10,Gestor 10,2026-02,KB-106968,Retail,Microcrédito,Canelones,31-60,WhatsApp,True,53.4,0.349,intencion_pago,2,Sin acuerdo,9350.0,0.0
GE-0003413,G10,Gestor 10,2026-02,KB-107075,Retail,Cuenta corriente,Canelones,1-30,Llamada,True,61.8,-0.025,neutro,4,No contacto,37810.0,0.0
GE-0003414,G10,Gestor 10,2026-02,KB-100143,Retail,Tarjeta de crédito,Salto,91-180,Llamada,True,46.8,-0.748,enojo,3,Promesa,22140.0,8975.0
GE-0003415,G10,Gestor 10,2026-02,KB-111231,Retail,Crédito automotor,San José,91-180,WhatsApp,True,51.2,-0.348,frustracion,3,Pago,11950.0,8148.0
GE-0003416,G10,Gestor 10,2026-02,KB-105042,Retail,Financiación retail,Cerro Largo,180+,Llamada,True,75.5,-0.434,enojo,3,Sin acuerdo,6620.0,0.0
GE-0003417,G10,Gestor 10,2026-02,KB-111140,Retail,Financiación retail,Cerro Largo,1-30,WhatsApp,True,54.5,-0.015,neutro,1,Sin acuerdo,113560.0,0.0
GE-0003418,G10,Gestor 10,2026-02,KB-106671,Corporativo,Microcrédito,Salto,1-30,Llamada,True,71.5,0.281,neutro,4,Pago,1219750.0,918661.0
GE-0003419,G10,Gestor 10,2026-02,KB-105811,Retail,Cuenta corriente,Canelones,1-30,Llamada,True,61.8,0.066,neutro,2,Promesa,5410.0,2821.0
GE-0003420,G10,Gestor 10,2026-02,KB-102146,Pyme,Microcrédito,Montevideo,180+,Llamada,True,56.6,-0.807,enojo,4,No contacto,85250.0,0.0
GE-0003421,G10,Gestor 10,2026-02,KB-101792,Pyme,Crédito automotor,Maldonado,91-180,Llamada,True,55.7,-0.353,dificultad_economica,4,Pago,41670.0,38154.0
GE-0003422,G10,Gestor 10,2026-02,KB-107155,Pyme,Tarjeta de crédito,Canelones,180+,Llamada,True,56.0,-0.51,frustracion,2,Promesa,261900.0,78993.0
GE-0003423,G10,Gestor 10,2026-02,KB-100846,Retail,Crédito automotor,Maldonado,31-60,WhatsApp,True,65.8,-0.328,frustracion,4,Pago,27690.0,24418.0
GE-0003424,G10,Gestor 10,2026-02,KB-111141,Retail,Préstamo personal,Colonia,31-60,Llamada,True,72.2,-0.128,ansiedad,3,Promesa,39640.0,17244.0
GE-0003425,G10,Gestor 10,2026-02,KB-104652,Pyme,Préstamo personal,Durazno,61-90,Llamada,True,55.1,-0.156,ansiedad,4,Promesa,80340.0,30023.0
GE-0003426,G10,Gestor 10,2026-02,KB-108740,Retail,Tarjeta de crédito,Montevideo,1-30,Llamada,True,75.8,0.305,neutro,5,Promesa,29350.0,16015.0
GE-0003427,G10,Gestor 10,2026-02,KB-103495,Retail,Microcrédito,Artigas,180+,WhatsApp,True,67.0,-0.369,frustracion,5,No contacto,156880.0,0.0
GE-0003428,G10,Gestor 10,2026-02,KB-104175,Retail,Tarjeta de crédito,Montevideo,1-30,Llamada,True,67.2,-0.293,ansiedad,2,Promesa,21750.0,11009.0
GE-0003429,G10,Gestor 10,2026-02,KB-106993,Pyme,Tarjeta de crédito,Canelones,91-180,Llamada,True,58.0,-0.358,frustracion,3,Sin acuerdo,364630.0,0.0
GE-0003430,G10,Gestor 10,2026-02,KB-107951,Pyme,Préstamo personal,Soriano,31-60,WhatsApp,True,62.7,0.474,intencion_pago,2,Pago,206660.0,188331.0
GE-0003431,G10,Gestor 10,2026-02,KB-110628,Pyme,Tarjeta de crédito,Cerro Largo,91-180,WhatsApp,True,65.0,-0.114,objecion,2,Sin acuerdo,90450.0,0.0
GE-0003432,G10,Gestor 10,2026-02,KB-100091,Pyme,Microcrédito,Artigas,31-60,Llamada,True,74.1,-0.12,ansiedad,4,Sin acuerdo,42270.0,0.0
GE-0003433,G10,Gestor 10,2026-02,KB-101623,Pyme,Tarjeta de crédito,Montevideo,180+,Llamada,True,62.0,-0.288,enojo,4,Promesa,535420.0,164271.0
GE-0003434,G10,Gestor 10,2026-02,KB-103368,Pyme,Microcrédito,Montevideo,31-60,WhatsApp,True,74.5,-0.354,frustracion,4,Promesa,230970.0,113944.0
GE-0003435,G10,Gestor 10,2026-02,KB-110709,Retail,Crédito automotor,Paysandú,31-60,Llamada,True,63.8,0.645,intencion_pago,2,Sin acuerdo,31010.0,0.0
GE-0003436,G10,Gestor 10,2026-02,KB-108939,Pyme,Microcrédito,Cerro Largo,1-30,WhatsApp,True,56.4,0.522,intencion_pago,3,Promesa,144270.0,75435.0
GE-0003437,G10,Gestor 10,2026-02,KB-102990,Pyme,Préstamo personal,Montevideo,1-30,Llamada,True,64.1,0.016,neutro,4,Pago,285940.0,277638.0
GE-0003438,G10,Gestor 10,2026-02,KB-109503,Pyme,Financiación retail,Montevideo,1-30,WhatsApp,True,73.8,0.024,neutro,4,Pago,261860.0,179498.0
GE-0003439,G10,Gestor 10,2026-02,KB-107323,Retail,Tarjeta de crédito,Canelones,91-180,WhatsApp,True,61.8,-0.39,frustracion,6,No contacto,27500.0,0.0
GE-0003440,G10,Gestor 10,2026-02,KB-110735,Retail,Préstamo personal,Canelones,91-180,Llamada,True,81.3,-0.248,frustracion,5,Sin acuerdo,27910.0,0.0
GE-0003441,G10,Gestor 10,2026-02,KB-108166,Corporativo,Financiación retail,Montevideo,1-30,WhatsApp,True,64.3,0.569,intencion_pago,5,Pago,196900.0,195150.0
GE-0003442,G10,Gestor 10,2026-02,KB-107970,Retail,Préstamo personal,Montevideo,91-180,Llamada,True,74.1,-0.239,dificultad_economica,3,Sin acuerdo,9530.0,0.0
GE-0003443,G10,Gestor 10,2026-02,KB-105407,Pyme,Préstamo personal,Montevideo,180+,Llamada,True,66.9,-0.048,objecion,4,Promesa,132220.0,40833.0
GE-0003444,G10,Gestor 10,2026-02,KB-108591,Pyme,Tarjeta de crédito,Montevideo,61-90,Llamada,True,77.9,-0.284,dificultad_economica,5,Pago,157450.0,149388.0
GE-0003445,G10,Gestor 10,2026-02,KB-111819,Retail,Cuenta corriente,Trinidad,31-60,Llamada,True,70.8,-0.056,objecion,5,Sin acuerdo,29470.0,0.0
GE-0003446,G10,Gestor 10,2026-02,KB-104461,Retail,Préstamo personal,Paysandú,31-60,WhatsApp,True,65.3,-0.296,frustracion,2,No contacto,31610.0,0.0
GE-0003447,G10,Gestor 10,2026-02,KB-106597,Pyme,Microcrédito,Montevideo,1-30,Llamada,True,56.0,-0.232,neutro,4,Promesa,43710.0,21575.0
GE-0003448,G10,Gestor 10,2026-02,KB-105914,Retail,Préstamo personal,Maldonado,61-90,Llamada,True,67.1,-0.383,dificultad_economica,3,Pago,41120.0,32110.0
GE-0003449,G10,Gestor 10,2026-02,KB-106912,Retail,Préstamo personal,Canelones,1-30,WhatsApp,True,66.6,0.355,intencion_pago,3,Pago,22420.0,21667.0
GE-0003450,G10,Gestor 10,2026-02,KB-105243,Corporativo,Cuenta corriente,Montevideo,31-60,Llamada,True,63.1,0.067,neutro,4,Sin acuerdo,420760.0,0.0
GE-0003451,G10,Gestor 10,2026-02,KB-108692,Pyme,Cuenta corriente,Canelones,31-60,WhatsApp,True,55.3,0.038,neutro,2,Sin acuerdo,105400.0,0.0
GE-0003452,G10,Gestor 10,2026-02,KB-110603,Retail,Préstamo personal,Rocha,91-180,Llamada,True,59.4,-0.195,objecion,1,No contacto,29390.0,0.0
GE-0003453,G11,Gestor 11,2026-02,KB-108579,Pyme,Microcrédito,Cerro Largo,91-180,WhatsApp,True,72.3,-0.222,ansiedad,5,Promesa,65500.0,34399.0
GE-0003454,G11,Gestor 11,2026-02,KB-109281,Retail,Préstamo personal,Montevideo,1-30,Llamada,True,85.7,0.602,intencion_pago,5,Promesa,28060.0,10686.0
GE-0003455,G11,Gestor 11,2026-02,KB-102864,Corporativo,Tarjeta de crédito,Montevideo,91-180,WhatsApp,True,70.0,-0.234,ansiedad,2,Pago,327730.0,241938.0
GE-0003456,G11,Gestor 11,2026-02,KB-102859,Pyme,Préstamo personal,Montevideo,1-30,Llamada,True,77.7,-0.116,ansiedad,4,Promesa,208180.0,119252.0
GE-0003457,G11,Gestor 11,2026-02,KB-102344,Retail,Préstamo personal,Flores,31-60,Llamada,True,91.2,0.226,objecion,4,Pago,47430.0,44628.0
GE-0003458,G11,Gestor 11,2026-02,KB-108055,Corporativo,Microcrédito,Montevideo,61-90,WhatsApp,True,80.2,-0.35,frustracion,4,Promesa,198850.0,116116.0
GE-0003459,G11,Gestor 11,2026-02,KB-111767,Pyme,Financiación retail,Artigas,91-180,WhatsApp,True,89.7,0.057,neutro,5,Promesa,196460.0,87835.0
GE-0003460,G11,Gestor 11,2026-02,KB-110822,Pyme,Préstamo personal,Montevideo,91-180,Llamada,True,75.7,-0.139,dificultad_economica,5,Pago,250080.0,182201.0
GE-0003461,G11,Gestor 11,2026-02,KB-110855,Retail,Microcrédito,Montevideo,31-60,WhatsApp,True,88.9,0.104,neutro,4,Promesa,33640.0,15845.0
GE-0003462,G11,Gestor 11,2026-02,KB-107015,Corporativo,Microcrédito,Canelones,61-90,Llamada,True,88.3,0.267,neutro,4,Promesa,175070.0,69768.0
GE-0003463,G11,Gestor 11,2026-02,KB-105551,Retail,Tarjeta de crédito,Maldonado,31-60,Llamada,True,79.5,0.094,neutro,3,Sin acuerdo,17810.0,0.0
GE-0003464,G11,Gestor 11,2026-02,KB-108699,Retail,Préstamo personal,Montevideo,91-180,WhatsApp,True,80.3,-0.348,frustracion,3,Promesa,14670.0,8170.0
GE-0003465,G11,Gestor 11,2026-02,KB-108598,Retail,Microcrédito,Montevideo,31-60,Llamada,True,63.3,-0.217,ansiedad,3,No contacto,20600.0,0.0
GE-0003466,G11,Gestor 11,2026-02,KB-108960,Corporativo,Préstamo personal,Salto,61-90,Llamada,True,93.9,-0.106,ansiedad,4,Promesa,371060.0,122599.0
GE-0003467,G11,Gestor 11,2026-02,KB-107539,Pyme,Tarjeta de crédito,Rivera,61-90,WhatsApp,True,76.2,0.235,objecion,5,Pago,63900.0,48005.0
GE-0003468,G11,Gestor 11,2026-02,KB-102531,Retail,Microcrédito,Canelones,1-30,Llamada,True,86.2,-0.219,objecion,4,Pago,15430.0,11632.0
GE-0003469,G11,Gestor 11,2026-02,KB-104147,Retail,Tarjeta de crédito,Montevideo,91-180,Llamada,True,87.4,0.025,neutro,4,Promesa,17110.0,5620.0
GE-0003470,G11,Gestor 11,2026-02,KB-103299,Retail,Tarjeta de crédito,Soriano,91-180,Llamada,True,94.3,-0.029,dificultad_economica,5,Promesa,12740.0,5913.0
GE-0003471,G11,Gestor 11,2026-02,KB-107575,Pyme,Tarjeta de crédito,Canelones,180+,WhatsApp,True,78.1,-0.445,frustracion,4,Sin acuerdo,139270.0,0.0
GE-0003472,G11,Gestor 11,2026-02,KB-111556,Corporativo,Financiación retail,Canelones,31-60,Llamada,True,86.6,0.523,intencion_pago,4,Promesa,3446600.0,1872662.0
GE-0003473,G11,Gestor 11,2026-02,KB-104918,Retail,Préstamo personal,Paysandú,91-180,WhatsApp,True,82.9,-0.577,enojo,4,Promesa,21000.0,8957.0
GE-0003474,G11,Gestor 11,2026-02,KB-103389,Retail,Tarjeta de crédito,Salto,31-60,WhatsApp,True,70.4,0.091,neutro,3,Sin acuerdo,46050.0,0.0
GE-0003475,G11,Gestor 11,2026-02,KB-106737,Retail,Préstamo personal,Canelones,31-60,Llamada,True,75.3,0.734,intencion_pago,6,Promesa,22950.0,11912.0
GE-0003476,G11,Gestor 11,2026-02,KB-101094,Pyme,Crédito automotor,Canelones,31-60,WhatsApp,True,81.8,0.605,intencion_pago,4,Promesa,89710.0,32334.0
GE-0003477,G11,Gestor 11,2026-02,KB-103472,Retail,Crédito automotor,Montevideo,61-90,WhatsApp,True,82.8,-0.035,objecion,2,Pago,27070.0,16957.0
GE-0003478,G11,Gestor 11,2026-02,KB-107597,Retail,Crédito automotor,Florida,91-180,WhatsApp,True,88.8,-0.141,dificultad_economica,4,Promesa,19470.0,10599.0
GE-0003479,G11,Gestor 11,2026-02,KB-106900,Retail,Microcrédito,Montevideo,91-180,Llamada,True,78.7,-0.535,enojo,3,Promesa,8810.0,3800.0
GE-0003480,G11,Gestor 11,2026-02,KB-103910,Pyme,Tarjeta de crédito,Florida,1-30,Llamada,True,87.5,-0.129,ansiedad,4,Pago,42550.0,39488.0
GE-0003481,G11,Gestor 11,2026-02,KB-100423,Retail,Tarjeta de crédito,Montevideo,1-30,Llamada,True,94.5,0.813,intencion_pago,4,Pago,58640.0,58005.0
GE-0003482,G11,Gestor 11,2026-02,KB-109779,Retail,Préstamo personal,Maldonado,31-60,Llamada,True,82.5,-0.144,neutro,4,No contacto,27810.0,0.0
GE-0003483,G11,Gestor 11,2026-02,KB-102107,Retail,Préstamo personal,Montevideo,91-180,Llamada,True,71.7,-0.24,dificultad_economica,4,Promesa,24420.0,13621.0
GE-0003484,G11,Gestor 11,2026-02,KB-102738,Pyme,Cuenta corriente,Lavalleja,61-90,WhatsApp,True,90.1,-0.015,ansiedad,6,Promesa,65630.0,25243.0
GE-0003485,G11,Gestor 11,2026-02,KB-107752,Corporativo,Préstamo personal,Montevideo,61-90,WhatsApp,True,86.7,0.338,neutro,5,No contacto,753090.0,0.0
GE-0003486,G11,Gestor 11,2026-02,KB-101361,Retail,Microcrédito,Montevideo,91-180,Llamada,True,76.6,0.186,objecion,3,Promesa,26440.0,14609.0
GE-0003487,G11,Gestor 11,2026-02,KB-104534,Retail,Financiación retail,Colonia,1-30,Llamada,True,75.1,0.687,intencion_pago,4,Pago,10160.0,10129.0
GE-0003488,G11,Gestor 11,2026-02,KB-111383,Pyme,Tarjeta de crédito,San José,61-90,WhatsApp,True,73.0,-0.146,ansiedad,3,Pago,151130.0,100092.0
GE-0003489,G11,Gestor 11,2026-02,KB-100740,Retail,Préstamo personal,Montevideo,61-90,Llamada,True,79.5,-0.178,frustracion,3,Sin acuerdo,69920.0,0.0
GE-0003490,G11,Gestor 11,2026-02,KB-100237,Retail,Crédito automotor,San José,61-90,Llamada,True,77.7,-0.068,objecion,4,Pago,35850.0,29123.0
GE-0003491,G11,Gestor 11,2026-02,KB-104901,Pyme,Microcrédito,Paysandú,31-60,Llamada,True,81.6,0.149,neutro,5,Promesa,288560.0,114402.0
GE-0003492,G11,Gestor 11,2026-02,KB-110720,Retail,Microcrédito,Canelones,91-180,WhatsApp,True,78.3,-0.343,dificultad_economica,4,Pago,68880.0,50292.0
GE-0003493,G11,Gestor 11,2026-02,KB-102410,Corporativo,Financiación retail,Montevideo,31-60,Llamada,True,76.6,-0.709,enojo,3,No contacto,361630.0,0.0
GE-0003494,G11,Gestor 11,2026-02,KB-107428,Pyme,Préstamo personal,Paysandú,1-30,Llamada,True,73.6,0.646,intencion_pago,4,Promesa,252070.0,137892.0
GE-0003495,G11,Gestor 11,2026-02,KB-108537,Retail,Tarjeta de crédito,Salto,1-30,Llamada,True,98.9,0.171,ansiedad,3,Promesa,14210.0,7487.0
GE-0003496,G11,Gestor 11,2026-02,KB-106870,Retail,Cuenta corriente,Montevideo,1-30,WhatsApp,True,85.6,0.217,neutro,3,Promesa,10980.0,6206.0
GE-0003497,G11,Gestor 11,2026-02,KB-110025,Retail,Financiación retail,Montevideo,1-30,WhatsApp,True,87.0,-0.049,ansiedad,4,Promesa,74500.0,28527.0
GE-0003498,G11,Gestor 11,2026-02,KB-105604,Retail,Préstamo personal,Paysandú,180+,Llamada,True,87.0,0.188,neutro,4,Promesa,31620.0,11913.0
GE-0003499,G11,Gestor 11,2026-02,KB-107386,Retail,Préstamo personal,Montevideo,1-30,Llamada,True,74.9,0.489,intencion_pago,5,Sin acuerdo,14600.0,0.0
GE-0003500,G11,Gestor 11,2026-02,KB-101406,Pyme,Préstamo personal,Colonia,91-180,Llamada,True,86.4,-0.325,frustracion,5,Promesa,334910.0,104943.0
GE-0003501,G12,Gestor 12,2026-02,KB-104125,Corporativo,Tarjeta de crédito,Montevideo,31-60,Llamada,True,96.0,0.177,objecion,5,Pago,1708280.0,1555167.0
GE-0003502,G12,Gestor 12,2026-02,KB-110377,Retail,Tarjeta de crédito,Montevideo,91-180,WhatsApp,True,85.6,-0.299,dificultad_economica,4,Promesa,15340.0,6904.0
GE-0003503,G12,Gestor 12,2026-02,KB-102211,Corporativo,Crédito automotor,Montevideo,31-60,WhatsApp,True,76.0,-0.141,objecion,1,Promesa,100040.0,38624.0
GE-0003504,G12,Gestor 12,2026-02,KB-101204,Pyme,Financiación retail,Montevideo,1-30,Llamada,True,81.7,0.232,neutro,3,Pago,72400.0,67799.0
GE-0003505,G12,Gestor 12,2026-02,KB-102920,Retail,Tarjeta de crédito,Canelones,31-60,Llamada,True,76.2,-0.473,enojo,5,Sin acuerdo,29080.0,0.0
GE-0003506,G12,Gestor 12,2026-02,KB-111102,Pyme,Préstamo personal,Tacuarembó,180+,WhatsApp,True,94.1,-0.369,enojo,4,Promesa,230060.0,118115.0
GE-0003507,G12,Gestor 12,2026-02,KB-103746,Pyme,Microcrédito,Montevideo,91-180,WhatsApp,True,73.9,-0.197,dificultad_economica,4,Pago,255970.0,233201.0
GE-0003508,G12,Gestor 12,2026-02,KB-110300,Retail,Financiación retail,Montevideo,1-30,Llamada,True,76.7,0.717,intencion_pago,3,Sin acuerdo,14460.0,0.0
GE-0003509,G12,Gestor 12,2026-02,KB-108031,Retail,Cuenta corriente,Montevideo,1-30,Llamada,True,82.5,0.132,neutro,4,Pago,26880.0,26124.0
GE-0003510,G12,Gestor 12,2026-02,KB-102677,Retail,Préstamo personal,Montevideo,61-90,Llamada,True,79.7,-0.53,enojo,3,No contacto,33380.0,0.0
GE-0003511,G12,Gestor 12,2026-02,KB-107749,Pyme,Tarjeta de crédito,Montevideo,180+,WhatsApp,True,74.4,-0.354,frustracion,5,No contacto,59200.0,0.0
GE-0003512,G12,Gestor 12,2026-02,KB-104180,Retail,Préstamo personal,Soriano,91-180,WhatsApp,True,72.2,0.236,neutro,5,Pago,9350.0,7746.0
GE-0003513,G12,Gestor 12,2026-02,KB-103885,Pyme,Tarjeta de crédito,Rivera,1-30,WhatsApp,True,87.8,0.054,neutro,4,Sin acuerdo,183300.0,0.0
GE-0003514,G12,Gestor 12,2026-02,KB-100125,Corporativo,Financiación retail,Canelones,31-60,Llamada,True,65.8,-0.503,frustracion,2,Promesa,1450760.0,545251.0
GE-0003515,G12,Gestor 12,2026-02,KB-105695,Retail,Financiación retail,Montevideo,91-180,WhatsApp,True,64.3,-0.276,dificultad_economica,1,Pago,13260.0,8260.0
GE-0003516,G12,Gestor 12,2026-02,KB-109817,Retail,Crédito automotor,Treinta y Tres,1-30,WhatsApp,True,75.0,0.016,ansiedad,6,Pago,85850.0,81149.0
GE-0003517,G12,Gestor 12,2026-02,KB-102984,Retail,Cuenta corriente,Salto,31-60,WhatsApp,True,76.0,0.123,neutro,4,Promesa,150180.0,73621.0
GE-0003518,G12,Gestor 12,2026-02,KB-102381,Pyme,Tarjeta de crédito,Montevideo,180+,Llamada,True,73.8,-0.094,objecion,4,Sin acuerdo,16410.0,0.0
GE-0003519,G12,Gestor 12,2026-02,KB-103349,Retail,Microcrédito,Montevideo,1-30,Llamada,True,93.2,-0.244,ansiedad,4,Pago,8150.0,8132.0
GE-0003520,G12,Gestor 12,2026-02,KB-105221,Retail,Préstamo personal,Montevideo,1-30,Llamada,True,81.8,-0.153,objecion,5,Promesa,25020.0,10712.0
GE-0003521,G12,Gestor 12,2026-02,KB-102575,Pyme,Microcrédito,Rivera,61-90,WhatsApp,True,71.3,0.04,objecion,3,Promesa,424800.0,208322.0
GE-0003522,G12,Gestor 12,2026-02,KB-107495,Retail,Cuenta corriente,Montevideo,61-90,Llamada,True,82.5,-0.174,dificultad_economica,4,Promesa,66000.0,30635.0
GE-0003523,G12,Gestor 12,2026-02,KB-110038,Corporativo,Préstamo personal,Montevideo,1-30,WhatsApp,True,83.7,0.264,neutro,4,Pago,330410.0,239255.0
GE-0003524,G12,Gestor 12,2026-02,KB-111908,Retail,Cuenta corriente,Colonia,180+,WhatsApp,True,72.2,0.042,objecion,5,Promesa,21170.0,8617.0
GE-0003525,G12,Gestor 12,2026-02,KB-110860,Retail,Préstamo personal,Montevideo,31-60,Llamada,True,87.2,0.157,neutro,5,Promesa,120040.0,68969.0
GE-0003526,G12,Gestor 12,2026-02,KB-107901,Pyme,Tarjeta de crédito,Salto,91-180,WhatsApp,True,66.0,0.01,dificultad_economica,3,Sin acuerdo,412770.0,0.0
GE-0003527,G12,Gestor 12,2026-02,KB-106301,Corporativo,Financiación retail,Rocha,1-30,WhatsApp,True,71.2,0.117,neutro,3,Promesa,539970.0,313520.0
GE-0003528,G12,Gestor 12,2026-02,KB-102433,Retail,Tarjeta de crédito,Montevideo,61-90,Llamada,True,79.4,-0.119,dificultad_economica,4,No contacto,23550.0,0.0
GE-0003529,G12,Gestor 12,2026-02,KB-110910,Pyme,Crédito automotor,Montevideo,31-60,WhatsApp,True,70.3,-0.482,enojo,3,Promesa,339100.0,186262.0
GE-0003530,G12,Gestor 12,2026-02,KB-102993,Pyme,Tarjeta de crédito,Montevideo,1-30,WhatsApp,True,76.7,0.366,neutro,2,Sin acuerdo,285270.0,0.0
GE-0003531,G12,Gestor 12,2026-02,KB-108122,Pyme,Tarjeta de crédito,Montevideo,31-60,Llamada,True,80.0,0.248,neutro,4,Pago,52960.0,48467.0
GE-0003532,G12,Gestor 12,2026-02,KB-110889,Pyme,Crédito automotor,Durazno,180+,Llamada,True,65.0,-0.405,frustracion,1,Pago,803140.0,672079.0
GE-0003533,G12,Gestor 12,2026-02,KB-102317,Pyme,Microcrédito,Montevideo,61-90,Llamada,True,90.3,0.16,neutro,5,Pago,40920.0,36278.0
GE-0003534,G12,Gestor 12,2026-02,KB-107779,Retail,Préstamo personal,Colonia,61-90,WhatsApp,True,81.1,-0.059,objecion,4,Pago,21700.0,14281.0
GE-0003535,G12,Gestor 12,2026-02,KB-102136,Retail,Tarjeta de crédito,Montevideo,31-60,Llamada,True,84.7,0.164,objecion,5,Pago,45310.0,44537.0
GE-0003536,G12,Gestor 12,2026-02,KB-110283,Pyme,Tarjeta de crédito,Rivera,1-30,Llamada,True,91.8,0.018,neutro,4,Promesa,59280.0,28908.0
GE-0003537,G12,Gestor 12,2026-02,KB-110748,Pyme,Microcrédito,Maldonado,1-30,WhatsApp,True,68.8,0.143,neutro,4,Promesa,137340.0,74268.0
GE-0003538,G12,Gestor 12,2026-02,KB-101568,Retail,Crédito automotor,Montevideo,91-180,Llamada,True,86.5,-0.464,enojo,4,Promesa,24780.0,13820.0
GE-0003539,G12,Gestor 12,2026-02,KB-103662,Retail,Crédito automotor,Montevideo,91-180,WhatsApp,True,92.2,-0.06,frustracion,5,Promesa,36510.0,12007.0
GE-0003540,G01,Gestor 01,2026-03,KB-104401,Retail,Crédito automotor,Montevideo,31-60,WhatsApp,False,67.5,0.05,neutro,4,Promesa,19060.0,9764.0
GE-0003541,G01,Gestor 01,2026-03,KB-103547,Pyme,Préstamo personal,Paysandú,31-60,Llamada,False,71.8,-0.071,objecion,4,No contacto,56770.0,0.0
GE-0003542,G01,Gestor 01,2026-03,KB-101786,Retail,Cuenta corriente,Montevideo,91-180,Llamada,False,66.0,-0.395,ansiedad,4,No contacto,112430.0,0.0
GE-0003543,G01,Gestor 01,2026-03,KB-104388,Pyme,Microcrédito,Canelones,1-30,WhatsApp,False,74.0,-0.121,neutro,4,Pago,166630.0,145473.0
GE-0003544,G01,Gestor 01,2026-03,KB-107350,Retail,Préstamo personal,Montevideo,31-60,Llamada,False,58.1,-0.0,neutro,3,Promesa,37030.0,21563.0
GE-0003545,G01,Gestor 01,2026-03,KB-111484,Pyme,Préstamo personal,Montevideo,1-30,WhatsApp,False,56.3,-0.249,ansiedad,2,No contacto,88620.0,0.0
GE-0003546,G01,Gestor 01,2026-03,KB-109031,Retail,Tarjeta de crédito,Montevideo,61-90,WhatsApp,False,68.3,-0.246,ansiedad,4,Pago,8420.0,7783.0
GE-0003547,G01,Gestor 01,2026-03,KB-108861,Retail,Tarjeta de crédito,Durazno,91-180,Llamada,False,65.0,-0.77,enojo,2,Pago,31650.0,21831.0
GE-0003548,G01,Gestor 01,2026-03,KB-102550,Retail,Microcrédito,Rivera,61-90,Llamada,False,58.2,-0.379,frustracion,3,Promesa,41390.0,20143.0
GE-0003549,G01,Gestor 01,2026-03,KB-103246,Retail,Tarjeta de crédito,Florida,91-180,WhatsApp,False,59.5,-0.122,dificultad_economica,4,Pago,126000.0,96644.0
GE-0003550,G01,Gestor 01,2026-03,KB-102934,Retail,Tarjeta de crédito,Montevideo,31-60,Llamada,False,57.2,0.076,ansiedad,3,Sin acuerdo,11290.0,0.0
GE-0003551,G01,Gestor 01,2026-03,KB-101062,Pyme,Préstamo personal,Maldonado,91-180,Llamada,False,67.6,-0.211,dificultad_economica,3,No contacto,73500.0,0.0
GE-0003552,G01,Gestor 01,2026-03,KB-103938,Pyme,Tarjeta de crédito,Canelones,31-60,Llamada,False,75.0,-0.249,objecion,4,Pago,107060.0,98871.0
GE-0003553,G01,Gestor 01,2026-03,KB-108291,Pyme,Microcrédito,Maldonado,1-30,WhatsApp,False,73.7,0.463,intencion_pago,3,Promesa,51490.0,25033.0
GE-0003554,G01,Gestor 01,2026-03,KB-106779,Retail,Préstamo personal,Maldonado,31-60,Llamada,False,65.8,0.186,neutro,4,Pago,18540.0,16454.0
GE-0003555,G01,Gestor 01,2026-03,KB-107480,Retail,Cuenta corriente,Montevideo,1-30,Llamada,False,77.7,0.748,intencion_pago,3,Promesa,10800.0,5821.0
GE-0003556,G01,Gestor 01,2026-03,KB-101883,Pyme,Tarjeta de crédito,Montevideo,31-60,Llamada,False,57.3,-0.15,ansiedad,4,Promesa,40430.0,16726.0
GE-0003557,G01,Gestor 01,2026-03,KB-104718,Corporativo,Préstamo personal,Maldonado,1-30,Llamada,False,56.3,-0.132,ansiedad,1,Sin acuerdo,418690.0,0.0
GE-0003558,G01,Gestor 01,2026-03,KB-103943,Retail,Préstamo personal,Maldonado,31-60,Llamada,False,73.0,0.05,objecion,4,Promesa,64650.0,36365.0
GE-0003559,G01,Gestor 01,2026-03,KB-111729,Retail,Préstamo personal,Rivera,91-180,Llamada,False,64.1,-0.018,dificultad_economica,2,Sin acuerdo,16090.0,0.0
GE-0003560,G01,Gestor 01,2026-03,KB-102690,Retail,Tarjeta de crédito,Canelones,1-30,Llamada,False,60.9,-0.307,ansiedad,4,Pago,29700.0,29262.0
GE-0003561,G01,Gestor 01,2026-03,KB-107935,Pyme,Financiación retail,Montevideo,31-60,WhatsApp,False,69.9,0.608,intencion_pago,4,Promesa,96180.0,48862.0
GE-0003562,G01,Gestor 01,2026-03,KB-110387,Retail,Préstamo personal,Montevideo,180+,WhatsApp,False,68.6,-0.45,enojo,2,Pago,106740.0,100917.0
GE-0003563,G01,Gestor 01,2026-03,KB-107613,Retail,Crédito automotor,Paysandú,1-30,WhatsApp,False,69.2,0.063,neutro,3,Sin acuerdo,30100.0,0.0
GE-0003564,G01,Gestor 01,2026-03,KB-106300,Retail,Préstamo personal,Montevideo,91-180,WhatsApp,False,76.2,0.001,ansiedad,4,Pago,50880.0,41193.0
GE-0003565,G01,Gestor 01,2026-03,KB-109789,Retail,Préstamo personal,Montevideo,31-60,Llamada,False,60.9,-0.03,neutro,3,Sin acuerdo,40820.0,0.0
GE-0003566,G01,Gestor 01,2026-03,KB-106890,Pyme,Crédito automotor,Montevideo,91-180,Llamada,False,61.2,-0.017,objecion,3,Promesa,90290.0,44096.0
GE-0003567,G01,Gestor 01,2026-03,KB-104037,Corporativo,Préstamo personal,Montevideo,61-90,WhatsApp,False,57.4,-0.351,frustracion,3,No contacto,676950.0,0.0
GE-0003568,G01,Gestor 01,2026-03,KB-110764,Retail,Préstamo personal,Canelones,31-60,WhatsApp,False,76.8,0.115,neutro,3,Sin acuerdo,31450.0,0.0
GE-0003569,G01,Gestor 01,2026-03,KB-109188,Pyme,Tarjeta de crédito,Montevideo,1-30,Llamada,False,67.0,-0.119,ansiedad,3,Pago,59370.0,51555.0
GE-0003570,G01,Gestor 01,2026-03,KB-105474,Retail,Tarjeta de crédito,Treinta y Tres,1-30,WhatsApp,False,60.3,-0.795,enojo,3,Pago,40570.0,38208.0
GE-0003571,G01,Gestor 01,2026-03,KB-110828,Pyme,Crédito automotor,Montevideo,61-90,Llamada,False,76.6,0.116,objecion,3,Promesa,176350.0,102559.0
GE-0003572,G01,Gestor 01,2026-03,KB-109591,Pyme,Microcrédito,Durazno,1-30,Llamada,False,68.6,0.128,neutro,4,Sin acuerdo,77100.0,0.0
GE-0003573,G01,Gestor 01,2026-03,KB-110020,Retail,Microcrédito,Rocha,61-90,Llamada,False,60.6,-0.348,frustracion,3,Sin acuerdo,50020.0,0.0
GE-0003574,G01,Gestor 01,2026-03,KB-107333,Retail,Préstamo personal,Canelones,61-90,WhatsApp,False,56.2,-0.122,ansiedad,1,Sin acuerdo,16580.0,0.0
GE-0003575,G01,Gestor 01,2026-03,KB-111797,Pyme,Tarjeta de crédito,Montevideo,61-90,Llamada,False,53.5,0.143,neutro,3,Pago,80350.0,79274.0
GE-0003576,G01,Gestor 01,2026-03,KB-105077,Retail,Financiación retail,Montevideo,91-180,Llamada,False,71.3,-0.028,dificultad_economica,3,Promesa,84110.0,38005.0
GE-0003577,G01,Gestor 01,2026-03,KB-108780,Pyme,Microcrédito,Montevideo,61-90,WhatsApp,False,63.7,-0.245,dificultad_economica,3,No contacto,155790.0,0.0
GE-0003578,G02,Gestor 02,2026-03,KB-101324,Retail,Tarjeta de crédito,Maldonado,31-60,WhatsApp,False,45.3,-0.715,enojo,1,Pago,50940.0,44904.0
GE-0003579,G02,Gestor 02,2026-03,KB-108970,Pyme,Tarjeta de crédito,Canelones,61-90,Llamada,False,50.8,-0.098,objecion,2,No contacto,130560.0,0.0
GE-0003580,G02,Gestor 02,2026-03,KB-105515,Retail,Préstamo personal,Montevideo,61-90,Llamada,False,49.3,-0.559,enojo,3,Promesa,57190.0,30310.0
GE-0003581,G02,Gestor 02,2026-03,KB-106684,Pyme,Tarjeta de crédito,Colonia,1-30,Llamada,False,62.7,0.099,objecion,5,Promesa,76600.0,42673.0
GE-0003582,G02,Gestor 02,2026-03,KB-110950,Pyme,Tarjeta de crédito,San José,91-180,WhatsApp,False,59.4,-0.322,objecion,3,Pago,102000.0,80390.0
GE-0003583,G02,Gestor 02,2026-03,KB-102914,Retail,Tarjeta de crédito,Canelones,31-60,Llamada,False,37.5,0.465,intencion_pago,1,Pago,19440.0,17937.0
GE-0003584,G02,Gestor 02,2026-03,KB-100906,Retail,Microcrédito,Montevideo,180+,Llamada,False,61.6,-0.137,objecion,3,Promesa,17330.0,5584.0
GE-0003585,G02,Gestor 02,2026-03,KB-107276,Retail,Tarjeta de crédito,Montevideo,91-180,WhatsApp,False,56.9,-0.495,ansiedad,3,No contacto,19070.0,0.0
GE-0003586,G02,Gestor 02,2026-03,KB-106485,Pyme,Préstamo personal,Montevideo,91-180,Llamada,False,34.5,-0.813,enojo,3,No contacto,154940.0,0.0
GE-0003587,G02,Gestor 02,2026-03,KB-110391,Retail,Financiación retail,Montevideo,1-30,WhatsApp,False,36.2,-0.235,ansiedad,2,No contacto,11940.0,0.0
GE-0003588,G02,Gestor 02,2026-03,KB-107292,Pyme,Financiación retail,Colonia,1-30,Llamada,False,61.2,-0.391,ansiedad,2,Sin acuerdo,65620.0,0.0
GE-0003589,G02,Gestor 02,2026-03,KB-111893,Pyme,Financiación retail,Tacuarembó,31-60,WhatsApp,False,42.5,0.438,intencion_pago,1,Promesa,93470.0,49921.0
GE-0003590,G02,Gestor 02,2026-03,KB-106925,Corporativo,Financiación retail,Canelones,31-60,WhatsApp,False,51.9,-0.02,ansiedad,2,No contacto,893040.0,0.0
GE-0003591,G02,Gestor 02,2026-03,KB-100889,Retail,Tarjeta de crédito,Colonia,1-30,WhatsApp,False,65.7,-0.269,frustracion,2,Pago,33340.0,31178.0
GE-0003592,G02,Gestor 02,2026-03,KB-109574,Pyme,Financiación retail,Canelones,31-60,Llamada,False,52.7,-0.363,frustracion,4,Pago,171780.0,154245.0
GE-0003593,G02,Gestor 02,2026-03,KB-101765,Corporativo,Préstamo personal,Montevideo,61-90,Llamada,False,51.0,-0.121,objecion,2,Promesa,525900.0,272240.0
GE-0003594,G02,Gestor 02,2026-03,KB-107628,Pyme,Préstamo personal,San José,61-90,WhatsApp,False,51.8,-0.351,objecion,3,Pago,23280.0,19837.0
GE-0003595,G02,Gestor 02,2026-03,KB-111601,Retail,Préstamo personal,Montevideo,1-30,WhatsApp,False,52.3,0.386,intencion_pago,2,Promesa,31180.0,18249.0
GE-0003596,G02,Gestor 02,2026-03,KB-110145,Pyme,Préstamo personal,Canelones,91-180,Llamada,False,47.9,-0.376,dificultad_economica,3,Promesa,85760.0,35879.0
GE-0003597,G02,Gestor 02,2026-03,KB-108005,Retail,Cuenta corriente,Rivera,91-180,Llamada,False,55.1,-0.266,dificultad_economica,3,Pago,117780.0,103465.0
GE-0003598,G02,Gestor 02,2026-03,KB-109240,Corporativo,Microcrédito,Montevideo,31-60,Llamada,False,54.1,-0.316,objecion,3,Promesa,472280.0,261690.0
GE-0003599,G02,Gestor 02,2026-03,KB-104937,Retail,Financiación retail,Florida,91-180,Llamada,False,60.9,-0.408,ansiedad,2,Promesa,47250.0,19982.0
GE-0003600,G02,Gestor 02,2026-03,KB-109594,Retail,Préstamo personal,Montevideo,1-30,WhatsApp,False,46.6,0.549,intencion_pago,1,Pago,33190.0,29610.0
GE-0003601,G02,Gestor 02,2026-03,KB-106156,Retail,Cuenta corriente,Rivera,1-30,Llamada,False,60.5,0.086,neutro,1,Pago,7750.0,6478.0
GE-0003602,G02,Gestor 02,2026-03,KB-111698,Retail,Financiación retail,Montevideo,61-90,WhatsApp,False,76.7,-0.166,objecion,3,Sin acuerdo,34010.0,0.0
GE-0003603,G02,Gestor 02,2026-03,KB-104379,Pyme,Préstamo personal,Rivera,31-60,Llamada,False,45.2,0.474,intencion_pago,2,Pago,168380.0,167774.0
GE-0003604,G02,Gestor 02,2026-03,KB-100100,Retail,Cuenta corriente,Montevideo,91-180,Llamada,False,49.3,-0.738,enojo,3,Pago,28510.0,22112.0
GE-0003605,G02,Gestor 02,2026-03,KB-107043,Corporativo,Microcrédito,Montevideo,91-180,Llamada,False,60.8,-0.562,frustracion,3,Pago,422340.0,292103.0
GE-0003606,G02,Gestor 02,2026-03,KB-103285,Pyme,Financiación retail,Montevideo,31-60,Llamada,False,49.7,0.426,intencion_pago,1,Pago,161720.0,143231.0
GE-0003607,G02,Gestor 02,2026-03,KB-102656,Retail,Crédito automotor,Rivera,91-180,Llamada,False,46.7,-0.25,dificultad_economica,2,Promesa,9560.0,3617.0
GE-0003608,G02,Gestor 02,2026-03,KB-100127,Retail,Crédito automotor,Montevideo,180+,Llamada,False,51.6,-0.561,frustracion,0,Sin acuerdo,20250.0,0.0
GE-0003609,G02,Gestor 02,2026-03,KB-107555,Retail,Financiación retail,Rocha,61-90,Llamada,False,59.6,-0.082,neutro,2,Promesa,21860.0,8837.0
GE-0003610,G02,Gestor 02,2026-03,KB-109959,Pyme,Microcrédito,Montevideo,31-60,WhatsApp,False,47.4,-0.03,neutro,4,Promesa,353570.0,127665.0
GE-0003611,G02,Gestor 02,2026-03,KB-102370,Pyme,Tarjeta de crédito,Montevideo,180+,Llamada,False,65.3,-0.533,enojo,6,Pago,76590.0,47931.0
GE-0003612,G02,Gestor 02,2026-03,KB-110762,Pyme,Microcrédito,Montevideo,31-60,Llamada,False,49.5,-0.482,frustracion,3,Promesa,93400.0,54568.0
GE-0003613,G02,Gestor 02,2026-03,KB-107570,Corporativo,Cuenta corriente,Treinta y Tres,180+,Llamada,False,56.5,-0.395,frustracion,2,No contacto,238470.0,0.0
GE-0003614,G03,Gestor 03,2026-03,KB-111685,Pyme,Tarjeta de crédito,Durazno,1-30,Llamada,True,90.9,0.223,neutro,5,Sin acuerdo,596900.0,0.0
GE-0003615,G03,Gestor 03,2026-03,KB-109556,Retail,Préstamo personal,Tacuarembó,91-180,Llamada,True,69.0,-0.368,frustracion,2,Pago,17280.0,13238.0
GE-0003616,G03,Gestor 03,2026-03,KB-101352,Retail,Préstamo personal,Soriano,61-90,Llamada,True,77.5,-0.243,dificultad_economica,2,Promesa,8380.0,2894.0
GE-0003617,G03,Gestor 03,2026-03,KB-107085,Pyme,Tarjeta de crédito,Montevideo,1-30,Llamada,True,58.1,-0.31,frustracion,2,No contacto,88130.0,0.0
GE-0003618,G03,Gestor 03,2026-03,KB-105843,Retail,Cuenta corriente,Salto,91-180,WhatsApp,True,80.6,-0.237,frustracion,4,Pago,19200.0,15331.0
GE-0003619,G03,Gestor 03,2026-03,KB-111670,Retail,Cuenta corriente,Durazno,31-60,WhatsApp,True,64.1,-0.385,frustracion,3,Pago,19500.0,19115.0
GE-0003620,G03,Gestor 03,2026-03,KB-100898,Pyme,Financiación retail,Montevideo,61-90,Llamada,True,93.0,0.029,dificultad_economica,3,Promesa,27930.0,16003.0
GE-0003621,G03,Gestor 03,2026-03,KB-106302,Retail,Tarjeta de crédito,Canelones,61-90,WhatsApp,True,88.2,-0.572,enojo,3,Pago,119450.0,107680.0
GE-0003622,G03,Gestor 03,2026-03,KB-106589,Retail,Préstamo personal,Canelones,1-30,WhatsApp,True,76.0,-0.007,neutro,5,Pago,49760.0,41063.0
GE-0003623,G03,Gestor 03,2026-03,KB-107268,Pyme,Microcrédito,Montevideo,180+,Llamada,True,71.8,-0.336,dificultad_economica,5,Promesa,94390.0,40697.0
GE-0003624,G03,Gestor 03,2026-03,KB-104380,Pyme,Microcrédito,Soriano,180+,WhatsApp,True,85.6,-0.543,enojo,5,Pago,50390.0,43915.0
GE-0003625,G03,Gestor 03,2026-03,KB-108697,Retail,Microcrédito,Montevideo,31-60,WhatsApp,True,71.9,-0.106,frustracion,3,Sin acuerdo,16220.0,0.0
GE-0003626,G03,Gestor 03,2026-03,KB-104198,Corporativo,Préstamo personal,Montevideo,91-180,Llamada,True,80.7,-0.533,enojo,6,Sin acuerdo,694910.0,0.0
GE-0003627,G03,Gestor 03,2026-03,KB-109123,Retail,Préstamo personal,Montevideo,180+,Llamada,True,69.2,-0.136,dificultad_economica,5,No contacto,14670.0,0.0
GE-0003628,G03,Gestor 03,2026-03,KB-100062,Retail,Préstamo personal,Montevideo,91-180,WhatsApp,True,83.6,0.039,objecion,6,Pago,10190.0,7006.0
GE-0003629,G03,Gestor 03,2026-03,KB-108676,Pyme,Préstamo personal,Cerro Largo,1-30,Llamada,True,69.4,0.621,intencion_pago,5,Promesa,301820.0,179232.0
GE-0003630,G03,Gestor 03,2026-03,KB-100740,Retail,Préstamo personal,Montevideo,61-90,WhatsApp,True,73.7,-0.193,ansiedad,5,Pago,69920.0,65023.0
GE-0003631,G03,Gestor 03,2026-03,KB-101002,Corporativo,Tarjeta de crédito,Montevideo,61-90,WhatsApp,True,77.9,-0.304,dificultad_economica,4,Sin acuerdo,642260.0,0.0
GE-0003632,G03,Gestor 03,2026-03,KB-108683,Pyme,Préstamo personal,Montevideo,1-30,WhatsApp,True,88.4,0.046,objecion,4,Pago,16910.0,15309.0
GE-0003633,G03,Gestor 03,2026-03,KB-106926,Pyme,Tarjeta de crédito,Montevideo,1-30,Llamada,True,85.3,0.109,objecion,3,Promesa,55020.0,32306.0
GE-0003634,G03,Gestor 03,2026-03,KB-107017,Retail,Tarjeta de crédito,Tacuarembó,1-30,Llamada,True,89.6,0.465,intencion_pago,7,Promesa,37160.0,19122.0
GE-0003635,G03,Gestor 03,2026-03,KB-105279,Pyme,Préstamo personal,Montevideo,31-60,Llamada,True,68.3,0.624,intencion_pago,4,Pago,97110.0,79880.0
GE-0003636,G03,Gestor 03,2026-03,KB-111969,Retail,Préstamo personal,Paysandú,31-60,WhatsApp,True,72.7,-0.429,enojo,3,Promesa,17710.0,9503.0
GE-0003637,G03,Gestor 03,2026-03,KB-103367,Corporativo,Cuenta corriente,Montevideo,1-30,WhatsApp,True,73.7,0.432,intencion_pago,3,Pago,235520.0,206452.0
GE-0003638,G03,Gestor 03,2026-03,KB-108743,Retail,Crédito automotor,Montevideo,61-90,Llamada,True,97.6,-0.55,enojo,3,Pago,38110.0,36921.0
GE-0003639,G03,Gestor 03,2026-03,KB-100732,Retail,Préstamo personal,Montevideo,31-60,WhatsApp,True,88.3,-0.047,neutro,3,Promesa,19950.0,8965.0
GE-0003640,G03,Gestor 03,2026-03,KB-110431,Retail,Microcrédito,Montevideo,61-90,WhatsApp,True,69.2,-0.214,objecion,3,Sin acuerdo,16620.0,0.0
GE-0003641,G03,Gestor 03,2026-03,KB-110259,Retail,Tarjeta de crédito,Tacuarembó,91-180,WhatsApp,True,79.6,-0.023,dificultad_economica,4,Sin acuerdo,106770.0,0.0
GE-0003642,G03,Gestor 03,2026-03,KB-110864,Retail,Préstamo personal,Artigas,31-60,Llamada,True,78.3,0.63,intencion_pago,5,Promesa,32910.0,18394.0
GE-0003643,G03,Gestor 03,2026-03,KB-109569,Retail,Préstamo personal,Montevideo,61-90,Llamada,True,80.5,-0.18,objecion,4,Promesa,39790.0,19638.0
GE-0003644,G03,Gestor 03,2026-03,KB-102373,Retail,Préstamo personal,Canelones,1-30,Llamada,True,81.8,-0.11,ansiedad,3,Pago,26290.0,26102.0
GE-0003645,G03,Gestor 03,2026-03,KB-111697,Pyme,Tarjeta de crédito,Montevideo,1-30,Llamada,True,78.7,0.499,intencion_pago,5,Pago,99680.0,91873.0
GE-0003646,G03,Gestor 03,2026-03,KB-103607,Retail,Préstamo personal,Maldonado,180+,Llamada,True,84.6,-0.363,enojo,4,Promesa,18820.0,6204.0
GE-0003647,G03,Gestor 03,2026-03,KB-108418,Corporativo,Financiación retail,Maldonado,91-180,WhatsApp,True,69.8,-0.089,objecion,4,Pago,257420.0,212149.0
GE-0003648,G03,Gestor 03,2026-03,KB-103915,Retail,Préstamo personal,Canelones,91-180,Llamada,True,72.1,-0.122,frustracion,3,Pago,58410.0,45248.0
GE-0003649,G03,Gestor 03,2026-03,KB-100196,Retail,Crédito automotor,Colonia,91-180,WhatsApp,True,78.3,-0.416,dificultad_economica,2,Promesa,63190.0,36641.0
GE-0003650,G03,Gestor 03,2026-03,KB-100829,Retail,Crédito automotor,Florida,61-90,WhatsApp,True,90.4,-0.267,dificultad_economica,4,Sin acuerdo,86240.0,0.0
GE-0003651,G03,Gestor 03,2026-03,KB-103008,Retail,Crédito automotor,Maldonado,61-90,WhatsApp,True,79.6,0.233,objecion,4,Sin acuerdo,8960.0,0.0
GE-0003652,G04,Gestor 04,2026-03,KB-109145,Retail,Préstamo personal,Rocha,31-60,WhatsApp,True,82.1,-0.074,ansiedad,5,Pago,13630.0,11110.0
GE-0003653,G04,Gestor 04,2026-03,KB-105292,Retail,Tarjeta de crédito,Río Negro,31-60,Llamada,True,87.7,0.602,intencion_pago,6,Promesa,23250.0,12980.0
GE-0003654,G04,Gestor 04,2026-03,KB-103785,Retail,Microcrédito,Maldonado,1-30,Llamada,True,88.3,-0.093,ansiedad,4,Promesa,60880.0,32555.0
GE-0003655,G04,Gestor 04,2026-03,KB-105850,Retail,Cuenta corriente,Canelones,180+,Llamada,True,86.7,-0.035,dificultad_economica,5,Sin acuerdo,17610.0,0.0
GE-0003656,G04,Gestor 04,2026-03,KB-107815,Corporativo,Crédito automotor,Montevideo,1-30,Llamada,True,86.2,0.84,intencion_pago,5,Promesa,809900.0,478742.0
GE-0003657,G04,Gestor 04,2026-03,KB-103994,Retail,Préstamo personal,Montevideo,91-180,WhatsApp,True,79.4,-0.276,dificultad_economica,4,Pago,49330.0,46937.0
GE-0003658,G04,Gestor 04,2026-03,KB-111024,Retail,Tarjeta de crédito,Canelones,61-90,Llamada,True,74.9,-0.387,frustracion,5,No contacto,29540.0,0.0
GE-0003659,G04,Gestor 04,2026-03,KB-102779,Retail,Préstamo personal,Canelones,91-180,WhatsApp,True,81.5,-0.419,enojo,4,No contacto,63490.0,0.0
GE-0003660,G04,Gestor 04,2026-03,KB-101790,Pyme,Tarjeta de crédito,Montevideo,31-60,Llamada,True,86.7,0.058,ansiedad,4,Promesa,341940.0,184973.0
GE-0003661,G04,Gestor 04,2026-03,KB-107276,Retail,Tarjeta de crédito,Montevideo,91-180,WhatsApp,True,84.4,-0.528,enojo,2,No contacto,19070.0,0.0
GE-0003662,G04,Gestor 04,2026-03,KB-111124,Retail,Tarjeta de crédito,Montevideo,61-90,WhatsApp,True,73.5,-0.356,dificultad_economica,3,Promesa,34920.0,13851.0
GE-0003663,G04,Gestor 04,2026-03,KB-105992,Retail,Cuenta corriente,Maldonado,180+,Llamada,True,76.1,-0.473,frustracion,2,Promesa,30360.0,10388.0
GE-0003664,G04,Gestor 04,2026-03,KB-110960,Retail,Tarjeta de crédito,Montevideo,1-30,Llamada,True,82.0,0.441,intencion_pago,4,Promesa,13540.0,6958.0
GE-0003665,G04,Gestor 04,2026-03,KB-103742,Retail,Tarjeta de crédito,Colonia,180+,WhatsApp,True,86.3,-0.135,dificultad_economica,5,Pago,11170.0,10092.0
GE-0003666,G04,Gestor 04,2026-03,KB-109669,Retail,Cuenta corriente,Canelones,1-30,WhatsApp,True,69.3,0.591,intencion_pago,5,Sin acuerdo,34470.0,0.0
GE-0003667,G04,Gestor 04,2026-03,KB-106720,Retail,Tarjeta de crédito,Montevideo,31-60,WhatsApp,True,80.0,-0.474,frustracion,3,Promesa,21110.0,11441.0
GE-0003668,G04,Gestor 04,2026-03,KB-110985,Pyme,Financiación retail,Durazno,91-180,Llamada,True,86.9,-0.024,dificultad_economica,4,Pago,409990.0,293017.0
GE-0003669,G04,Gestor 04,2026-03,KB-105985,Retail,Financiación retail,Maldonado,31-60,Llamada,True,73.5,0.074,neutro,4,Promesa,25490.0,14907.0
GE-0003670,G04,Gestor 04,2026-03,KB-107117,Retail,Préstamo personal,Paysandú,1-30,WhatsApp,True,87.0,0.222,neutro,4,Promesa,15300.0,9080.0
GE-0003671,G04,Gestor 04,2026-03,KB-106855,Pyme,Préstamo personal,Montevideo,61-90,WhatsApp,True,67.1,-0.112,objecion,3,Pago,28050.0,24945.0
GE-0003672,G04,Gestor 04,2026-03,KB-108150,Retail,Tarjeta de crédito,Montevideo,1-30,WhatsApp,True,81.7,-0.062,objecion,4,Promesa,48190.0,26882.0
GE-0003673,G04,Gestor 04,2026-03,KB-110577,Retail,Crédito automotor,Lavalleja,180+,Llamada,True,71.4,-0.207,objecion,3,Promesa,9100.0,2901.0
GE-0003674,G04,Gestor 04,2026-03,KB-103836,Retail,Préstamo personal,Montevideo,61-90,Llamada,True,75.8,-0.209,dificultad_economica,4,Promesa,13040.0,7408.0
GE-0003675,G04,Gestor 04,2026-03,KB-103238,Corporativo,Cuenta corriente,Florida,1-30,WhatsApp,True,80.2,0.22,neutro,3,Promesa,1070680.0,622256.0
GE-0003676,G04,Gestor 04,2026-03,KB-106311,Pyme,Microcrédito,Canelones,180+,WhatsApp,True,92.7,-0.28,dificultad_economica,5,Pago,125940.0,83439.0
GE-0003677,G04,Gestor 04,2026-03,KB-103446,Retail,Préstamo personal,Montevideo,1-30,Llamada,True,86.5,0.134,neutro,4,Promesa,9250.0,5107.0
GE-0003678,G04,Gestor 04,2026-03,KB-111906,Corporativo,Crédito automotor,Florida,61-90,WhatsApp,True,79.1,-0.175,frustracion,3,Promesa,6585020.0,3500134.0
GE-0003679,G04,Gestor 04,2026-03,KB-105609,Pyme,Préstamo personal,Treinta y Tres,61-90,WhatsApp,True,81.7,-0.137,dificultad_economica,5,Pago,96290.0,78443.0
GE-0003680,G04,Gestor 04,2026-03,KB-108274,Pyme,Préstamo personal,Montevideo,91-180,Llamada,True,71.2,-0.412,frustracion,3,Sin acuerdo,74150.0,0.0
GE-0003681,G04,Gestor 04,2026-03,KB-105659,Pyme,Microcrédito,Montevideo,1-30,WhatsApp,True,75.2,0.51,intencion_pago,5,Pago,211870.0,208871.0
GE-0003682,G04,Gestor 04,2026-03,KB-108168,Pyme,Préstamo personal,Durazno,1-30,WhatsApp,True,94.6,0.67,intencion_pago,7,Pago,41660.0,34189.0
GE-0003683,G04,Gestor 04,2026-03,KB-107728,Retail,Préstamo personal,Colonia,1-30,WhatsApp,True,84.5,0.607,intencion_pago,2,Promesa,42860.0,22839.0
GE-0003684,G04,Gestor 04,2026-03,KB-102984,Retail,Cuenta corriente,Salto,31-60,WhatsApp,True,81.2,-0.26,frustracion,5,Sin acuerdo,150180.0,0.0
GE-0003685,G04,Gestor 04,2026-03,KB-100275,Retail,Tarjeta de crédito,Montevideo,91-180,Llamada,True,78.6,0.109,objecion,4,Promesa,269870.0,139371.0
GE-0003686,G04,Gestor 04,2026-03,KB-100622,Corporativo,Préstamo personal,Montevideo,1-30,Llamada,True,84.3,0.189,neutro,6,Promesa,146120.0,85784.0
GE-0003687,G04,Gestor 04,2026-03,KB-104980,Pyme,Microcrédito,Cerro Largo,61-90,Llamada,True,80.6,-0.083,ansiedad,4,Promesa,67980.0,25343.0
GE-0003688,G04,Gestor 04,2026-03,KB-107116,Retail,Préstamo personal,San José,91-180,Llamada,True,96.9,0.149,objecion,5,Promesa,6380.0,3587.0
GE-0003689,G04,Gestor 04,2026-03,KB-101895,Retail,Microcrédito,Montevideo,31-60,Llamada,True,81.5,-0.056,objecion,4,Promesa,13120.0,7345.0
GE-0003690,G04,Gestor 04,2026-03,KB-108157,Retail,Crédito automotor,Maldonado,180+,WhatsApp,True,66.7,-0.296,frustracion,3,Pago,92140.0,56472.0
GE-0003691,G04,Gestor 04,2026-03,KB-103592,Pyme,Crédito automotor,Canelones,31-60,WhatsApp,True,78.5,-0.05,ansiedad,3,Promesa,430440.0,209544.0
GE-0003692,G04,Gestor 04,2026-03,KB-106427,Pyme,Crédito automotor,Montevideo,1-30,WhatsApp,True,83.5,-0.325,frustracion,5,Promesa,53560.0,30429.0
GE-0003693,G04,Gestor 04,2026-03,KB-102785,Retail,Microcrédito,Paysandú,31-60,Llamada,True,78.9,0.136,neutro,4,Pago,5170.0,3645.0
GE-0003694,G04,Gestor 04,2026-03,KB-102688,Retail,Crédito automotor,Maldonado,31-60,WhatsApp,True,76.8,0.572,intencion_pago,4,Promesa,15820.0,7268.0
GE-0003695,G04,Gestor 04,2026-03,KB-101113,Pyme,Préstamo personal,San José,31-60,WhatsApp,True,89.2,0.619,intencion_pago,4,Promesa,248520.0,90359.0
GE-0003696,G04,Gestor 04,2026-03,KB-103932,Retail,Tarjeta de crédito,Montevideo,61-90,Llamada,True,74.6,-0.17,ansiedad,3,Promesa,23420.0,12961.0
GE-0003697,G04,Gestor 04,2026-03,KB-100545,Retail,Cuenta corriente,Montevideo,61-90,WhatsApp,True,80.1,-0.524,frustracion,4,Promesa,23650.0,7941.0
GE-0003698,G04,Gestor 04,2026-03,KB-100264,Retail,Préstamo personal,Montevideo,31-60,WhatsApp,True,75.0,0.741,intencion_pago,3,Promesa,21820.0,12943.0
GE-0003699,G05,Gestor 05,2026-03,KB-107055,Retail,Financiación retail,Montevideo,31-60,Llamada,True,57.7,0.571,intencion_pago,3,Sin acuerdo,29260.0,0.0
GE-0003700,G05,Gestor 05,2026-03,KB-107821,Pyme,Préstamo personal,Montevideo,1-30,Llamada,True,45.3,-0.384,ansiedad,3,Pago,62150.0,58864.0
GE-0003701,G05,Gestor 05,2026-03,KB-111034,Retail,Préstamo personal,Salto,180+,WhatsApp,True,50.8,-0.308,frustracion,2,Sin acuerdo,21290.0,0.0
GE-0003702,G05,Gestor 05,2026-03,KB-111994,Retail,Tarjeta de crédito,Canelones,61-90,Llamada,True,54.7,-0.215,objecion,3,Sin acuerdo,60180.0,0.0
GE-0003703,G05,Gestor 05,2026-03,KB-110082,Pyme,Préstamo personal,Rocha,61-90,Llamada,True,63.3,-0.207,objecion,2,Sin acuerdo,478130.0,0.0
GE-0003704,G05,Gestor 05,2026-03,KB-109375,Retail,Préstamo personal,Maldonado,91-180,WhatsApp,True,64.5,-0.314,dificultad_economica,2,Sin acuerdo,21020.0,0.0
GE-0003705,G05,Gestor 05,2026-03,KB-110548,Retail,Tarjeta de crédito,Río Negro,1-30,Llamada,True,45.7,0.395,intencion_pago,2,Promesa,40720.0,15263.0
GE-0003706,G05,Gestor 05,2026-03,KB-109495,Pyme,Financiación retail,Montevideo,61-90,Llamada,True,56.1,-0.704,enojo,3,No contacto,88020.0,0.0
GE-0003707,G05,Gestor 05,2026-03,KB-111464,Retail,Préstamo personal,Montevideo,31-60,WhatsApp,True,53.8,-0.136,objecion,2,Pago,23350.0,17220.0
GE-0003708,G05,Gestor 05,2026-03,KB-111964,Pyme,Préstamo personal,Maldonado,31-60,WhatsApp,True,55.8,0.453,intencion_pago,2,Promesa,20410.0,7423.0
GE-0003709,G05,Gestor 05,2026-03,KB-106737,Retail,Préstamo personal,Canelones,31-60,WhatsApp,True,56.7,-0.014,objecion,4,Pago,22950.0,20473.0
GE-0003710,G05,Gestor 05,2026-03,KB-103815,Retail,Microcrédito,Cerro Largo,1-30,WhatsApp,True,61.5,0.539,intencion_pago,3,Pago,15450.0,14338.0
GE-0003711,G05,Gestor 05,2026-03,KB-103180,Corporativo,Tarjeta de crédito,Canelones,180+,Llamada,True,57.8,-0.556,frustracion,4,No contacto,1378920.0,0.0
GE-0003712,G05,Gestor 05,2026-03,KB-105800,Retail,Microcrédito,Canelones,1-30,WhatsApp,True,52.1,0.441,intencion_pago,1,Promesa,16200.0,5314.0
GE-0003713,G05,Gestor 05,2026-03,KB-106791,Retail,Préstamo personal,Maldonado,91-180,Llamada,True,55.4,-0.783,enojo,3,Promesa,32260.0,18393.0
GE-0003714,G05,Gestor 05,2026-03,KB-109672,Pyme,Financiación retail,Montevideo,61-90,WhatsApp,True,54.5,-0.613,enojo,3,Promesa,206260.0,74097.0
GE-0003715,G05,Gestor 05,2026-03,KB-111785,Pyme,Préstamo personal,Montevideo,180+,Llamada,True,58.5,-0.346,frustracion,3,No contacto,238980.0,0.0
GE-0003716,G05,Gestor 05,2026-03,KB-105478,Pyme,Tarjeta de crédito,Canelones,61-90,WhatsApp,True,61.4,-0.218,ansiedad,4,Sin acuerdo,235730.0,0.0
GE-0003717,G05,Gestor 05,2026-03,KB-106829,Retail,Financiación retail,Montevideo,31-60,Llamada,True,46.1,0.034,neutro,0,Promesa,46240.0,27340.0
GE-0003718,G05,Gestor 05,2026-03,KB-105842,Retail,Financiación retail,Cerro Largo,91-180,WhatsApp,True,56.6,-0.25,objecion,3,Pago,90210.0,80514.0
GE-0003719,G05,Gestor 05,2026-03,KB-108078,Retail,Tarjeta de crédito,Colonia,180+,WhatsApp,True,57.8,-0.282,frustracion,2,No contacto,35160.0,0.0
GE-0003720,G05,Gestor 05,2026-03,KB-108191,Pyme,Préstamo personal,Maldonado,61-90,WhatsApp,True,63.2,0.121,ansiedad,3,Promesa,162630.0,63900.0
GE-0003721,G05,Gestor 05,2026-03,KB-109206,Retail,Tarjeta de crédito,San José,61-90,WhatsApp,True,45.7,-0.74,enojo,3,No contacto,31150.0,0.0
GE-0003722,G05,Gestor 05,2026-03,KB-109014,Pyme,Préstamo personal,Montevideo,61-90,WhatsApp,True,49.2,-0.475,objecion,2,Promesa,181860.0,67423.0
GE-0003723,G05,Gestor 05,2026-03,KB-101643,Pyme,Préstamo personal,Montevideo,1-30,WhatsApp,True,50.0,0.596,intencion_pago,2,Promesa,90380.0,47022.0
GE-0003724,G05,Gestor 05,2026-03,KB-110130,Retail,Tarjeta de crédito,Rocha,31-60,WhatsApp,True,56.5,0.731,intencion_pago,3,Promesa,11640.0,4615.0
GE-0003725,G05,Gestor 05,2026-03,KB-102487,Corporativo,Microcrédito,Paysandú,31-60,WhatsApp,True,67.0,0.185,neutro,2,Sin acuerdo,417490.0,0.0
GE-0003726,G05,Gestor 05,2026-03,KB-105138,Pyme,Préstamo personal,Salto,31-60,Llamada,True,56.8,0.023,neutro,4,Pago,119170.0,91074.0
GE-0003727,G05,Gestor 05,2026-03,KB-111579,Pyme,Cuenta corriente,Montevideo,180+,Llamada,True,39.6,-0.312,frustracion,1,Promesa,142820.0,77770.0
GE-0003728,G05,Gestor 05,2026-03,KB-108737,Retail,Préstamo personal,Canelones,61-90,WhatsApp,True,39.1,-0.412,frustracion,2,No contacto,24350.0,0.0
GE-0003729,G05,Gestor 05,2026-03,KB-109544,Corporativo,Préstamo personal,Canelones,91-180,WhatsApp,True,55.7,-0.339,dificultad_economica,2,Sin acuerdo,312340.0,0.0
GE-0003730,G05,Gestor 05,2026-03,KB-101615,Pyme,Tarjeta de crédito,Montevideo,61-90,Llamada,True,50.4,-0.312,dificultad_economica,3,Promesa,28590.0,14875.0
GE-0003731,G05,Gestor 05,2026-03,KB-100836,Pyme,Microcrédito,Durazno,31-60,WhatsApp,True,40.3,0.288,intencion_pago,2,Promesa,219750.0,118390.0
GE-0003732,G05,Gestor 05,2026-03,KB-107099,Pyme,Tarjeta de crédito,Canelones,91-180,Llamada,True,43.1,-0.107,objecion,2,Sin acuerdo,47570.0,0.0
GE-0003733,G05,Gestor 05,2026-03,KB-105141,Pyme,Préstamo personal,Maldonado,180+,Llamada,True,62.0,-0.643,frustracion,3,No contacto,160120.0,0.0
GE-0003734,G05,Gestor 05,2026-03,KB-106539,Retail,Tarjeta de crédito,Maldonado,91-180,WhatsApp,True,64.3,0.002,objecion,5,Pago,68120.0,65890.0
GE-0003735,G05,Gestor 05,2026-03,KB-109673,Retail,Crédito automotor,Rocha,91-180,Llamada,True,53.9,-0.382,frustracion,5,Promesa,41990.0,17148.0
GE-0003736,G05,Gestor 05,2026-03,KB-110007,Retail,Tarjeta de crédito,Tacuarembó,31-60,WhatsApp,True,50.1,0.205,intencion_pago,2,Pago,15800.0,15318.0
GE-0003737,G05,Gestor 05,2026-03,KB-111281,Retail,Crédito automotor,San José,91-180,WhatsApp,True,70.3,-0.579,frustracion,3,Sin acuerdo,16760.0,0.0
GE-0003738,G05,Gestor 05,2026-03,KB-105140,Pyme,Préstamo personal,Canelones,31-60,WhatsApp,True,67.7,0.2,neutro,3,Sin acuerdo,216260.0,0.0
GE-0003739,G05,Gestor 05,2026-03,KB-102776,Retail,Microcrédito,Paysandú,91-180,WhatsApp,True,62.5,-0.561,frustracion,4,Promesa,43420.0,18480.0
GE-0003740,G05,Gestor 05,2026-03,KB-100551,Pyme,Préstamo personal,Montevideo,91-180,WhatsApp,True,67.3,-0.507,frustracion,3,Promesa,44060.0,13586.0
GE-0003741,G05,Gestor 05,2026-03,KB-101666,Retail,Préstamo personal,Flores,180+,Llamada,True,55.8,-0.364,dificultad_economica,3,No contacto,111340.0,0.0
GE-0003742,G05,Gestor 05,2026-03,KB-109905,Pyme,Préstamo personal,Montevideo,180+,Llamada,True,49.6,-0.36,frustracion,4,Sin acuerdo,34320.0,0.0
GE-0003743,G05,Gestor 05,2026-03,KB-108136,Retail,Tarjeta de crédito,Montevideo,91-180,WhatsApp,True,49.6,0.125,neutro,0,No contacto,16020.0,0.0
GE-0003744,G05,Gestor 05,2026-03,KB-107851,Pyme,Tarjeta de crédito,Canelones,61-90,Llamada,True,45.6,-0.127,objecion,1,Pago,11410.0,10416.0
GE-0003745,G06,Gestor 06,2026-03,KB-106941,Retail,Crédito automotor,Rocha,1-30,WhatsApp,True,60.4,-0.05,objecion,3,Promesa,14330.0,6688.0
GE-0003746,G06,Gestor 06,2026-03,KB-105126,Retail,Préstamo personal,Salto,31-60,Llamada,True,56.8,0.008,objecion,4,No contacto,8550.0,0.0
GE-0003747,G06,Gestor 06,2026-03,KB-103994,Retail,Préstamo personal,Montevideo,91-180,WhatsApp,True,54.5,-0.27,ansiedad,1,Promesa,49330.0,27803.0
GE-0003748,G06,Gestor 06,2026-03,KB-103923,Retail,Financiación retail,Montevideo,31-60,Llamada,True,45.9,-0.033,neutro,2,No contacto,10240.0,0.0
GE-0003749,G06,Gestor 06,2026-03,KB-105927,Retail,Microcrédito,Colonia,31-60,WhatsApp,True,50.7,-0.359,frustracion,1,Pago,41750.0,39797.0
GE-0003750,G06,Gestor 06,2026-03,KB-104541,Pyme,Financiación retail,Canelones,1-30,Llamada,True,51.2,-0.229,ansiedad,2,Sin acuerdo,23790.0,0.0
GE-0003751,G06,Gestor 06,2026-03,KB-109642,Pyme,Tarjeta de crédito,Salto,1-30,WhatsApp,True,51.5,-0.064,objecion,1,Sin acuerdo,55720.0,0.0
GE-0003752,G06,Gestor 06,2026-03,KB-110689,Retail,Financiación retail,Durazno,61-90,Llamada,True,55.1,-0.751,enojo,4,No contacto,23620.0,0.0
GE-0003753,G06,Gestor 06,2026-03,KB-103791,Retail,Tarjeta de crédito,Montevideo,31-60,Llamada,True,45.5,0.468,intencion_pago,3,Pago,39750.0,39417.0
GE-0003754,G06,Gestor 06,2026-03,KB-109602,Retail,Préstamo personal,Canelones,61-90,WhatsApp,True,48.0,-0.067,neutro,2,Sin acuerdo,47420.0,0.0
GE-0003755,G06,Gestor 06,2026-03,KB-107090,Corporativo,Crédito automotor,Maldonado,180+,Llamada,True,49.5,-0.606,frustracion,4,Sin acuerdo,1569330.0,0.0
GE-0003756,G06,Gestor 06,2026-03,KB-100418,Pyme,Préstamo personal,Montevideo,180+,Llamada,True,70.1,-0.499,enojo,2,Sin acuerdo,88650.0,0.0
GE-0003757,G06,Gestor 06,2026-03,KB-110765,Retail,Tarjeta de crédito,Artigas,61-90,WhatsApp,True,60.9,-0.187,ansiedad,3,Promesa,46100.0,25346.0
GE-0003758,G06,Gestor 06,2026-03,KB-108074,Retail,Tarjeta de crédito,San José,1-30,Llamada,True,55.7,-0.107,ansiedad,3,Pago,53650.0,35065.0
GE-0003759,G06,Gestor 06,2026-03,KB-103085,Retail,Cuenta corriente,Montevideo,180+,Llamada,True,59.0,0.151,neutro,4,Promesa,20460.0,10553.0
GE-0003760,G06,Gestor 06,2026-03,KB-100282,Retail,Microcrédito,Montevideo,91-180,Llamada,True,73.0,-0.146,dificultad_economica,4,Promesa,13960.0,4582.0
GE-0003761,G06,Gestor 06,2026-03,KB-104182,Retail,Tarjeta de crédito,Montevideo,1-30,Llamada,True,54.6,0.055,neutro,2,Promesa,180990.0,88026.0
GE-0003762,G06,Gestor 06,2026-03,KB-107066,Retail,Préstamo personal,Maldonado,31-60,Llamada,True,53.6,-0.232,objecion,3,Pago,12760.0,11145.0
GE-0003763,G06,Gestor 06,2026-03,KB-101383,Retail,Microcrédito,Maldonado,1-30,Llamada,True,53.3,0.088,neutro,2,Promesa,79070.0,37849.0
GE-0003764,G06,Gestor 06,2026-03,KB-100301,Retail,Cuenta corriente,Tacuarembó,61-90,WhatsApp,True,45.8,-0.729,frustracion,4,No contacto,3920.0,0.0
GE-0003765,G06,Gestor 06,2026-03,KB-100096,Corporativo,Préstamo personal,Montevideo,1-30,WhatsApp,True,49.5,-0.207,ansiedad,1,No contacto,272180.0,0.0
GE-0003766,G06,Gestor 06,2026-03,KB-106496,Retail,Tarjeta de crédito,Canelones,31-60,Llamada,True,53.3,0.091,neutro,4,Sin acuerdo,22670.0,0.0
GE-0003767,G06,Gestor 06,2026-03,KB-110695,Retail,Tarjeta de crédito,Montevideo,31-60,Llamada,True,52.0,0.367,intencion_pago,2,Promesa,12050.0,4555.0
GE-0003768,G06,Gestor 06,2026-03,KB-103257,Retail,Tarjeta de crédito,Florida,91-180,WhatsApp,True,57.1,-0.227,ansiedad,2,Promesa,19750.0,9469.0
GE-0003769,G06,Gestor 06,2026-03,KB-110564,Corporativo,Préstamo personal,Maldonado,1-30,Llamada,True,61.6,-0.067,objecion,3,Promesa,565880.0,268440.0
GE-0003770,G06,Gestor 06,2026-03,KB-100008,Corporativo,Tarjeta de crédito,Montevideo,31-60,WhatsApp,True,57.7,0.585,intencion_pago,3,Pago,732210.0,688542.0
GE-0003771,G06,Gestor 06,2026-03,KB-109239,Pyme,Préstamo personal,Colonia,61-90,Llamada,True,58.6,-0.421,frustracion,3,Pago,102580.0,90591.0
GE-0003772,G06,Gestor 06,2026-03,KB-100652,Pyme,Financiación retail,Canelones,91-180,WhatsApp,True,46.6,-0.671,enojo,3,Promesa,86620.0,37687.0
GE-0003773,G06,Gestor 06,2026-03,KB-104345,Pyme,Préstamo personal,Montevideo,31-60,Llamada,True,48.6,-0.338,frustracion,1,No contacto,50490.0,0.0
GE-0003774,G06,Gestor 06,2026-03,KB-110331,Pyme,Préstamo personal,Montevideo,91-180,WhatsApp,True,60.9,-0.414,dificultad_economica,1,Pago,61340.0,44183.0
GE-0003775,G06,Gestor 06,2026-03,KB-107455,Retail,Préstamo personal,Río Negro,31-60,Llamada,True,54.3,-0.18,objecion,3,Sin acuerdo,53690.0,0.0
GE-0003776,G06,Gestor 06,2026-03,KB-101886,Retail,Préstamo personal,Montevideo,91-180,Llamada,True,64.5,-0.312,objecion,3,Pago,22540.0,15707.0
GE-0003777,G06,Gestor 06,2026-03,KB-104045,Retail,Microcrédito,Rivera,1-30,WhatsApp,True,58.6,0.292,intencion_pago,4,Pago,16750.0,16323.0
GE-0003778,G06,Gestor 06,2026-03,KB-106699,Retail,Préstamo personal,Montevideo,31-60,Llamada,True,63.1,0.666,intencion_pago,3,Pago,23070.0,18491.0
GE-0003779,G06,Gestor 06,2026-03,KB-105639,Retail,Préstamo personal,Florida,180+,Llamada,True,68.6,-0.051,frustracion,2,No contacto,36960.0,0.0
GE-0003780,G06,Gestor 06,2026-03,KB-102282,Corporativo,Préstamo personal,Canelones,1-30,WhatsApp,True,62.8,0.383,intencion_pago,0,Sin acuerdo,1950930.0,0.0
GE-0003781,G06,Gestor 06,2026-03,KB-108457,Retail,Crédito automotor,Montevideo,31-60,WhatsApp,True,33.5,0.0,neutro,1,Promesa,27630.0,15858.0
GE-0003782,G06,Gestor 06,2026-03,KB-111811,Retail,Préstamo personal,Canelones,91-180,Llamada,True,66.7,-0.191,frustracion,4,No contacto,27910.0,0.0
GE-0003783,G06,Gestor 06,2026-03,KB-103231,Retail,Crédito automotor,Montevideo,1-30,Llamada,True,55.3,0.484,intencion_pago,3,Sin acuerdo,17180.0,0.0
GE-0003784,G06,Gestor 06,2026-03,KB-109601,Pyme,Tarjeta de crédito,Montevideo,61-90,Llamada,True,54.9,0.143,objecion,1,No contacto,217130.0,0.0
GE-0003785,G06,Gestor 06,2026-03,KB-103548,Corporativo,Tarjeta de crédito,Montevideo,91-180,Llamada,True,47.7,-0.025,objecion,1,Pago,169620.0,127226.0
GE-0003786,G06,Gestor 06,2026-03,KB-107706,Pyme,Tarjeta de crédito,Flores,91-180,Llamada,True,56.6,-0.059,ansiedad,3,Pago,38720.0,30196.0
GE-0003787,G06,Gestor 06,2026-03,KB-100320,Pyme,Microcrédito,Montevideo,1-30,WhatsApp,True,54.4,0.415,intencion_pago,3,Sin acuerdo,91580.0,0.0
GE-0003788,G07,Gestor 07,2026-03,KB-111552,Retail,Tarjeta de crédito,Artigas,31-60,Llamada,True,69.7,0.134,neutro,3,Sin acuerdo,33930.0,0.0
GE-0003789,G07,Gestor 07,2026-03,KB-109243,Retail,Préstamo personal,Montevideo,91-180,WhatsApp,True,77.6,-0.032,objecion,3,Pago,57200.0,43482.0
GE-0003790,G07,Gestor 07,2026-03,KB-109077,Pyme,Microcrédito,Canelones,31-60,Llamada,True,70.1,0.24,neutro,3,Pago,31130.0,29394.0
GE-0003791,G07,Gestor 07,2026-03,KB-110140,Pyme,Microcrédito,Montevideo,1-30,WhatsApp,True,73.5,0.702,intencion_pago,4,Sin acuerdo,114810.0,0.0
GE-0003792,G07,Gestor 07,2026-03,KB-102952,Corporativo,Préstamo personal,Cerro Largo,61-90,Llamada,True,56.5,-0.477,dificultad_economica,2,Promesa,812970.0,433892.0
GE-0003793,G07,Gestor 07,2026-03,KB-100103,Retail,Tarjeta de crédito,Artigas,31-60,Llamada,True,74.1,0.28,neutro,4,Promesa,26530.0,15427.0
GE-0003794,G07,Gestor 07,2026-03,KB-108056,Retail,Financiación retail,Canelones,61-90,WhatsApp,True,75.2,-0.055,ansiedad,6,Pago,44250.0,33541.0
GE-0003795,G07,Gestor 07,2026-03,KB-109341,Retail,Microcrédito,Florida,31-60,Llamada,True,79.2,0.242,neutro,1,Promesa,7610.0,3660.0
GE-0003796,G07,Gestor 07,2026-03,KB-107476,Retail,Tarjeta de crédito,Tacuarembó,91-180,WhatsApp,True,72.3,-0.23,frustracion,3,Promesa,33400.0,15496.0
GE-0003797,G07,Gestor 07,2026-03,KB-105070,Retail,Financiación retail,Tacuarembó,180+,WhatsApp,True,77.5,0.011,objecion,5,Pago,15730.0,11487.0
GE-0003798,G07,Gestor 07,2026-03,KB-107711,Pyme,Préstamo personal,Montevideo,31-60,Llamada,True,72.3,0.18,neutro,4,Pago,293930.0,226188.0
GE-0003799,G07,Gestor 07,2026-03,KB-108582,Retail,Tarjeta de crédito,Montevideo,31-60,Llamada,True,61.3,-0.094,objecion,5,Promesa,31400.0,14494.0
GE-0003800,G07,Gestor 07,2026-03,KB-108807,Retail,Crédito automotor,Montevideo,91-180,WhatsApp,True,75.1,-0.052,objecion,4,Pago,83900.0,55802.0
GE-0003801,G07,Gestor 07,2026-03,KB-101318,Retail,Microcrédito,Montevideo,180+,Llamada,True,70.1,-0.353,objecion,4,Promesa,51730.0,16775.0
GE-0003802,G07,Gestor 07,2026-03,KB-101470,Retail,Crédito automotor,Montevideo,1-30,WhatsApp,True,69.4,0.549,intencion_pago,4,Promesa,15120.0,8887.0
GE-0003803,G07,Gestor 07,2026-03,KB-103754,Corporativo,Microcrédito,Montevideo,180+,WhatsApp,True,71.2,-0.425,frustracion,6,Promesa,721060.0,221498.0
GE-0003804,G07,Gestor 07,2026-03,KB-108362,Corporativo,Tarjeta de crédito,Montevideo,61-90,Llamada,True,65.1,-0.002,objecion,1,Promesa,1248120.0,529431.0
GE-0003805,G07,Gestor 07,2026-03,KB-106650,Pyme,Crédito automotor,Montevideo,31-60,WhatsApp,True,72.4,0.241,neutro,3,Promesa,72580.0,35140.0
GE-0003806,G07,Gestor 07,2026-03,KB-107908,Pyme,Préstamo personal,Soriano,31-60,WhatsApp,True,77.5,-0.172,ansiedad,2,Promesa,90660.0,53812.0
GE-0003807,G07,Gestor 07,2026-03,KB-100084,Retail,Crédito automotor,Montevideo,91-180,Llamada,True,79.4,-0.039,ansiedad,4,No contacto,13340.0,0.0
GE-0003808,G07,Gestor 07,2026-03,KB-103139,Retail,Préstamo personal,Rocha,61-90,Llamada,True,49.7,-0.707,enojo,2,Pago,28250.0,23063.0
GE-0003809,G07,Gestor 07,2026-03,KB-110972,Pyme,Financiación retail,Salto,61-90,Llamada,True,74.1,-0.086,ansiedad,3,Pago,151060.0,134357.0
GE-0003810,G07,Gestor 07,2026-03,KB-107413,Retail,Préstamo personal,Rocha,91-180,WhatsApp,True,68.5,-0.322,frustracion,3,No contacto,35410.0,0.0
GE-0003811,G07,Gestor 07,2026-03,KB-108423,Pyme,Microcrédito,Tacuarembó,31-60,WhatsApp,True,74.1,0.058,objecion,4,Promesa,152600.0,87622.0
GE-0003812,G07,Gestor 07,2026-03,KB-104783,Retail,Crédito automotor,Montevideo,180+,WhatsApp,True,74.4,0.073,neutro,2,Promesa,15490.0,5000.0
GE-0003813,G07,Gestor 07,2026-03,KB-101158,Pyme,Tarjeta de crédito,San José,1-30,WhatsApp,True,77.6,-0.276,frustracion,3,Pago,118630.0,79289.0
GE-0003814,G07,Gestor 07,2026-03,KB-104389,Pyme,Tarjeta de crédito,San José,1-30,WhatsApp,True,63.0,0.14,objecion,5,Sin acuerdo,26030.0,0.0
GE-0003815,G07,Gestor 07,2026-03,KB-101898,Retail,Tarjeta de crédito,Canelones,1-30,WhatsApp,True,76.3,0.503,intencion_pago,3,Promesa,32930.0,18898.0
GE-0003816,G07,Gestor 07,2026-03,KB-110706,Retail,Préstamo personal,Maldonado,61-90,Llamada,True,83.4,-0.472,enojo,5,Sin acuerdo,24710.0,0.0
GE-0003817,G07,Gestor 07,2026-03,KB-103599,Retail,Cuenta corriente,Canelones,61-90,WhatsApp,True,76.5,0.105,objecion,5,Sin acuerdo,20880.0,0.0
GE-0003818,G07,Gestor 07,2026-03,KB-102177,Pyme,Préstamo personal,Montevideo,180+,Llamada,True,67.9,-0.351,frustracion,3,Promesa,242740.0,81943.0
GE-0003819,G07,Gestor 07,2026-03,KB-109277,Pyme,Préstamo personal,Montevideo,1-30,Llamada,True,77.7,0.431,intencion_pago,3,Pago,81520.0,63415.0
GE-0003820,G07,Gestor 07,2026-03,KB-108704,Retail,Crédito automotor,Salto,91-180,WhatsApp,True,77.3,-0.196,frustracion,4,Promesa,16300.0,5976.0
GE-0003821,G07,Gestor 07,2026-03,KB-102718,Retail,Cuenta corriente,Maldonado,180+,Llamada,True,84.6,0.372,neutro,5,Pago,45860.0,29577.0
GE-0003822,G07,Gestor 07,2026-03,KB-102315,Corporativo,Tarjeta de crédito,Salto,31-60,Llamada,True,70.9,-0.211,ansiedad,5,Sin acuerdo,292990.0,0.0
GE-0003823,G07,Gestor 07,2026-03,KB-104365,Retail,Tarjeta de crédito,Montevideo,91-180,Llamada,True,78.9,-0.604,enojo,5,No contacto,13050.0,0.0
GE-0003824,G07,Gestor 07,2026-03,KB-108616,Retail,Préstamo personal,Montevideo,31-60,Llamada,True,67.5,-0.064,objecion,3,Promesa,22800.0,11721.0
GE-0003825,G07,Gestor 07,2026-03,KB-109989,Pyme,Tarjeta de crédito,Canelones,1-30,Llamada,True,78.4,0.13,neutro,4,Sin acuerdo,267740.0,0.0
GE-0003826,G07,Gestor 07,2026-03,KB-106074,Retail,Préstamo personal,Florida,61-90,Llamada,True,70.5,-0.346,frustracion,3,No contacto,17950.0,0.0
GE-0003827,G07,Gestor 07,2026-03,KB-109784,Pyme,Financiación retail,Maldonado,180+,Llamada,True,75.8,-0.587,frustracion,4,No contacto,617710.0,0.0
GE-0003828,G07,Gestor 07,2026-03,KB-110142,Pyme,Préstamo personal,Montevideo,91-180,WhatsApp,True,82.9,-0.072,dificultad_economica,3,Pago,92570.0,77611.0
GE-0003829,G07,Gestor 07,2026-03,KB-111368,Retail,Financiación retail,Montevideo,1-30,WhatsApp,True,73.8,-0.278,frustracion,5,Promesa,10890.0,6303.0
GE-0003830,G07,Gestor 07,2026-03,KB-109903,Pyme,Cuenta corriente,Colonia,61-90,Llamada,True,80.3,0.165,objecion,4,Promesa,16720.0,6022.0
GE-0003831,G07,Gestor 07,2026-03,KB-107018,Retail,Préstamo personal,Tacuarembó,1-30,WhatsApp,True,74.5,0.649,intencion_pago,3,Promesa,44220.0,26141.0
GE-0003832,G07,Gestor 07,2026-03,KB-101616,Retail,Tarjeta de crédito,Paysandú,91-180,WhatsApp,True,84.6,0.145,ansiedad,5,Sin acuerdo,13150.0,0.0
GE-0003833,G07,Gestor 07,2026-03,KB-108621,Retail,Crédito automotor,Tacuarembó,91-180,Llamada,True,85.4,-0.403,frustracion,5,Promesa,6690.0,2697.0
GE-0003834,G07,Gestor 07,2026-03,KB-103397,Pyme,Préstamo personal,Montevideo,31-60,Llamada,True,59.3,0.003,neutro,1,Promesa,193900.0,98105.0
GE-0003835,G07,Gestor 07,2026-03,KB-107280,Retail,Cuenta corriente,Montevideo,91-180,WhatsApp,True,68.8,-0.384,dificultad_economica,4,Promesa,64930.0,35680.0
GE-0003836,G08,Gestor 08,2026-03,KB-107029,Pyme,Préstamo personal,Treinta y Tres,31-60,Llamada,True,59.3,0.066,neutro,3,Pago,33210.0,27176.0
GE-0003837,G08,Gestor 08,2026-03,KB-107531,Retail,Tarjeta de crédito,Canelones,31-60,Llamada,True,72.2,0.035,neutro,4,Promesa,42730.0,19081.0
GE-0003838,G08,Gestor 08,2026-03,KB-100498,Retail,Financiación retail,Montevideo,61-90,Llamada,True,66.4,-0.012,objecion,5,Promesa,61840.0,22284.0
GE-0003839,G08,Gestor 08,2026-03,KB-106944,Retail,Microcrédito,Río Negro,61-90,WhatsApp,True,68.3,0.135,neutro,2,Promesa,59000.0,28126.0
GE-0003840,G08,Gestor 08,2026-03,KB-101229,Retail,Préstamo personal,Montevideo,1-30,WhatsApp,True,70.1,-0.063,ansiedad,3,Promesa,7980.0,3376.0
GE-0003841,G08,Gestor 08,2026-03,KB-104446,Retail,Microcrédito,Montevideo,31-60,Llamada,True,83.3,0.637,intencion_pago,5,Promesa,31050.0,17398.0
GE-0003842,G08,Gestor 08,2026-03,KB-104809,Corporativo,Préstamo personal,Montevideo,180+,WhatsApp,True,61.5,-0.561,enojo,2,Pago,307130.0,215415.0
GE-0003843,G08,Gestor 08,2026-03,KB-107998,Pyme,Préstamo personal,Rocha,31-60,WhatsApp,True,62.5,-0.412,frustracion,3,Pago,214850.0,135469.0
GE-0003844,G08,Gestor 08,2026-03,KB-102771,Retail,Microcrédito,Cerro Largo,1-30,Llamada,True,62.9,-0.073,neutro,4,Promesa,37560.0,13596.0
GE-0003845,G08,Gestor 08,2026-03,KB-100923,Retail,Tarjeta de crédito,Canelones,91-180,WhatsApp,True,65.0,-0.329,dificultad_economica,4,Promesa,22160.0,12604.0
GE-0003846,G08,Gestor 08,2026-03,KB-109189,Retail,Microcrédito,Montevideo,31-60,WhatsApp,True,78.7,-0.05,objecion,4,Sin acuerdo,17230.0,0.0
GE-0003847,G08,Gestor 08,2026-03,KB-104346,Retail,Tarjeta de crédito,Artigas,180+,Llamada,True,65.2,-0.446,frustracion,3,No contacto,12460.0,0.0
GE-0003848,G08,Gestor 08,2026-03,KB-101942,Pyme,Préstamo personal,Montevideo,1-30,Llamada,True,77.3,0.413,intencion_pago,4,Promesa,73510.0,33168.0
GE-0003849,G08,Gestor 08,2026-03,KB-100961,Pyme,Crédito automotor,Tacuarembó,91-180,Llamada,True,82.4,-0.59,enojo,3,No contacto,165780.0,0.0
GE-0003850,G08,Gestor 08,2026-03,KB-103694,Retail,Tarjeta de crédito,Rocha,1-30,Llamada,True,80.4,0.719,intencion_pago,4,Promesa,36770.0,17985.0
GE-0003851,G08,Gestor 08,2026-03,KB-105081,Retail,Financiación retail,Montevideo,1-30,Llamada,True,69.9,-0.514,enojo,4,Promesa,30680.0,14534.0
GE-0003852,G08,Gestor 08,2026-03,KB-107422,Pyme,Tarjeta de crédito,Montevideo,1-30,Llamada,True,54.5,-0.165,neutro,3,Promesa,130720.0,59946.0
GE-0003853,G08,Gestor 08,2026-03,KB-105831,Corporativo,Préstamo personal,Montevideo,1-30,Llamada,True,59.2,0.531,intencion_pago,3,Pago,494660.0,483404.0
GE-0003854,G08,Gestor 08,2026-03,KB-101568,Retail,Crédito automotor,Montevideo,91-180,Llamada,True,57.3,-0.519,frustracion,3,Promesa,24780.0,13820.0
GE-0003855,G08,Gestor 08,2026-03,KB-110121,Retail,Crédito automotor,Maldonado,91-180,WhatsApp,True,71.4,-0.5,enojo,6,Sin acuerdo,37050.0,0.0
GE-0003856,G08,Gestor 08,2026-03,KB-108480,Corporativo,Financiación retail,Montevideo,1-30,WhatsApp,True,62.8,0.146,neutro,2,Pago,254440.0,221979.0
GE-0003857,G08,Gestor 08,2026-03,KB-109349,Retail,Tarjeta de crédito,Rocha,31-60,Llamada,True,70.7,0.365,neutro,5,Promesa,41310.0,19109.0
GE-0003858,G08,Gestor 08,2026-03,KB-110486,Corporativo,Tarjeta de crédito,Tacuarembó,91-180,Llamada,True,67.3,0.036,neutro,2,Promesa,868660.0,470105.0
GE-0003859,G08,Gestor 08,2026-03,KB-101740,Retail,Microcrédito,Maldonado,61-90,Llamada,True,71.8,-0.279,frustracion,4,Sin acuerdo,10220.0,0.0
GE-0003860,G08,Gestor 08,2026-03,KB-104725,Retail,Crédito automotor,Montevideo,180+,WhatsApp,True,73.3,-0.542,enojo,2,No contacto,31590.0,0.0
GE-0003861,G08,Gestor 08,2026-03,KB-101429,Retail,Tarjeta de crédito,Paysandú,91-180,Llamada,True,71.1,-0.665,enojo,4,Pago,14430.0,8912.0
GE-0003862,G08,Gestor 08,2026-03,KB-101745,Pyme,Microcrédito,Salto,31-60,WhatsApp,True,58.6,0.151,neutro,3,Pago,22590.0,21448.0
GE-0003863,G08,Gestor 08,2026-03,KB-101417,Retail,Préstamo personal,Montevideo,1-30,Llamada,True,58.8,-0.548,enojo,2,Pago,14540.0,11671.0
GE-0003864,G08,Gestor 08,2026-03,KB-106589,Retail,Préstamo personal,Canelones,1-30,Llamada,True,71.2,-0.141,ansiedad,3,Sin acuerdo,49760.0,0.0
GE-0003865,G08,Gestor 08,2026-03,KB-101682,Retail,Tarjeta de crédito,Florida,31-60,Llamada,True,69.3,0.201,neutro,4,Sin acuerdo,18450.0,0.0
GE-0003866,G08,Gestor 08,2026-03,KB-103836,Retail,Préstamo personal,Montevideo,61-90,WhatsApp,True,70.4,-0.302,dificultad_economica,1,Promesa,13040.0,7408.0
GE-0003867,G08,Gestor 08,2026-03,KB-111230,Retail,Microcrédito,Tacuarembó,91-180,Llamada,True,76.7,-0.001,objecion,4,Pago,11840.0,9947.0
GE-0003868,G08,Gestor 08,2026-03,KB-100552,Retail,Préstamo personal,Rivera,31-60,Llamada,True,69.2,0.057,objecion,2,Pago,29490.0,25638.0
GE-0003869,G08,Gestor 08,2026-03,KB-102534,Pyme,Microcrédito,Montevideo,180+,Llamada,True,79.2,-0.155,dificultad_economica,4,No contacto,40310.0,0.0
GE-0003870,G08,Gestor 08,2026-03,KB-108861,Retail,Tarjeta de crédito,Durazno,91-180,Llamada,True,67.4,-0.538,frustracion,4,No contacto,31650.0,0.0
GE-0003871,G08,Gestor 08,2026-03,KB-104137,Retail,Tarjeta de crédito,Soriano,180+,WhatsApp,True,75.7,-0.542,enojo,5,Promesa,118250.0,49253.0
GE-0003872,G08,Gestor 08,2026-03,KB-105458,Corporativo,Cuenta corriente,Montevideo,61-90,WhatsApp,True,67.6,-0.369,enojo,3,No contacto,243770.0,0.0
GE-0003873,G08,Gestor 08,2026-03,KB-109100,Retail,Tarjeta de crédito,Montevideo,31-60,WhatsApp,True,56.1,0.475,intencion_pago,4,Promesa,23760.0,14019.0
GE-0003874,G08,Gestor 08,2026-03,KB-110253,Pyme,Préstamo personal,Canelones,1-30,Llamada,True,70.8,0.519,intencion_pago,4,Sin acuerdo,70860.0,0.0
GE-0003875,G08,Gestor 08,2026-03,KB-110901,Pyme,Microcrédito,Montevideo,91-180,Llamada,True,77.1,-0.28,frustracion,4,No contacto,125840.0,0.0
GE-0003876,G08,Gestor 08,2026-03,KB-111381,Retail,Crédito automotor,Montevideo,1-30,WhatsApp,True,73.4,0.577,intencion_pago,4,Promesa,22070.0,12036.0
GE-0003877,G08,Gestor 08,2026-03,KB-105037,Retail,Crédito automotor,Canelones,61-90,WhatsApp,True,82.3,0.222,objecion,5,Pago,60260.0,51931.0
GE-0003878,G09,Gestor 09,2026-03,KB-104319,Retail,Tarjeta de crédito,Maldonado,61-90,Llamada,True,72.8,-0.629,enojo,4,Pago,34320.0,33911.0
GE-0003879,G09,Gestor 09,2026-03,KB-106269,Retail,Microcrédito,Montevideo,1-30,WhatsApp,True,69.1,0.13,neutro,3,Promesa,47970.0,26372.0
GE-0003880,G09,Gestor 09,2026-03,KB-107861,Pyme,Tarjeta de crédito,Montevideo,61-90,Llamada,True,57.5,0.149,neutro,5,Promesa,139300.0,77303.0
GE-0003881,G09,Gestor 09,2026-03,KB-109511,Retail,Tarjeta de crédito,Río Negro,1-30,Llamada,True,75.1,0.187,neutro,3,Promesa,38260.0,16747.0
GE-0003882,G09,Gestor 09,2026-03,KB-108550,Retail,Préstamo personal,Florida,1-30,Llamada,True,82.5,0.466,intencion_pago,5,Promesa,54370.0,18411.0
GE-0003883,G09,Gestor 09,2026-03,KB-102402,Pyme,Tarjeta de crédito,Montevideo,31-60,WhatsApp,True,80.1,0.525,intencion_pago,5,Sin acuerdo,94240.0,0.0
GE-0003884,G09,Gestor 09,2026-03,KB-107106,Retail,Tarjeta de crédito,Artigas,31-60,Llamada,True,67.4,0.132,neutro,3,No contacto,27490.0,0.0
GE-0003885,G09,Gestor 09,2026-03,KB-105326,Retail,Tarjeta de crédito,Montevideo,31-60,Llamada,True,77.7,0.05,objecion,6,Promesa,18490.0,10769.0
GE-0003886,G09,Gestor 09,2026-03,KB-109831,Retail,Financiación retail,Montevideo,180+,Llamada,True,70.7,-0.212,frustracion,3,No contacto,14860.0,0.0
GE-0003887,G09,Gestor 09,2026-03,KB-105570,Corporativo,Cuenta corriente,San José,91-180,Llamada,True,67.2,-0.203,dificultad_economica,3,Pago,1437590.0,1388803.0
GE-0003888,G09,Gestor 09,2026-03,KB-109433,Retail,Tarjeta de crédito,San José,1-30,WhatsApp,True,61.0,0.584,intencion_pago,2,Promesa,41110.0,23462.0
GE-0003889,G09,Gestor 09,2026-03,KB-102038,Pyme,Financiación retail,Canelones,1-30,Llamada,True,62.5,-0.346,frustracion,4,Promesa,385290.0,134328.0
GE-0003890,G09,Gestor 09,2026-03,KB-102369,Retail,Tarjeta de crédito,Montevideo,1-30,WhatsApp,True,69.9,0.162,neutro,3,Pago,10960.0,9154.0
GE-0003891,G09,Gestor 09,2026-03,KB-110826,Retail,Financiación retail,Montevideo,91-180,Llamada,True,75.8,0.064,dificultad_economica,3,Pago,40700.0,33613.0
GE-0003892,G09,Gestor 09,2026-03,KB-102546,Retail,Préstamo personal,Canelones,31-60,Llamada,True,63.9,0.599,intencion_pago,4,Promesa,52890.0,25634.0
GE-0003893,G09,Gestor 09,2026-03,KB-107795,Retail,Microcrédito,Montevideo,31-60,WhatsApp,True,68.2,0.024,neutro,2,No contacto,25470.0,0.0
GE-0003894,G09,Gestor 09,2026-03,KB-100051,Retail,Financiación retail,Rocha,61-90,WhatsApp,True,56.7,-0.084,objecion,3,Promesa,16930.0,8059.0
GE-0003895,G09,Gestor 09,2026-03,KB-103802,Retail,Tarjeta de crédito,Montevideo,61-90,Llamada,True,75.4,-0.311,dificultad_economica,2,No contacto,12520.0,0.0
GE-0003896,G09,Gestor 09,2026-03,KB-107115,Retail,Crédito automotor,Durazno,91-180,Llamada,True,80.6,-0.153,ansiedad,3,Pago,74750.0,56064.0
GE-0003897,G09,Gestor 09,2026-03,KB-109398,Pyme,Crédito automotor,Canelones,91-180,WhatsApp,True,75.3,-0.233,frustracion,4,Pago,59700.0,44285.0
GE-0003898,G09,Gestor 09,2026-03,KB-110765,Retail,Tarjeta de crédito,Artigas,61-90,WhatsApp,True,69.7,-0.192,ansiedad,4,Pago,46100.0,43014.0
GE-0003899,G09,Gestor 09,2026-03,KB-104397,Retail,Financiación retail,Canelones,61-90,Llamada,True,54.8,0.002,objecion,3,Pago,21030.0,19650.0
GE-0003900,G09,Gestor 09,2026-03,KB-101167,Retail,Préstamo personal,Maldonado,31-60,WhatsApp,True,64.1,0.178,neutro,4,Pago,34510.0,32440.0
GE-0003901,G09,Gestor 09,2026-03,KB-106506,Retail,Microcrédito,Montevideo,31-60,WhatsApp,True,77.5,-0.054,objecion,6,Pago,11540.0,10630.0
GE-0003902,G09,Gestor 09,2026-03,KB-110629,Retail,Financiación retail,Montevideo,91-180,Llamada,True,65.3,-0.188,dificultad_economica,3,Promesa,11400.0,3617.0
GE-0003903,G09,Gestor 09,2026-03,KB-109639,Retail,Tarjeta de crédito,Montevideo,91-180,WhatsApp,True,81.7,0.073,objecion,5,Sin acuerdo,12180.0,0.0
GE-0003904,G09,Gestor 09,2026-03,KB-110931,Pyme,Tarjeta de crédito,Florida,180+,Llamada,True,80.7,-0.179,frustracion,5,No contacto,38820.0,0.0
GE-0003905,G09,Gestor 09,2026-03,KB-104372,Corporativo,Préstamo personal,Maldonado,91-180,Llamada,True,79.3,0.15,neutro,5,Pago,425110.0,259766.0
GE-0003906,G09,Gestor 09,2026-03,KB-100276,Retail,Cuenta corriente,Montevideo,1-30,Llamada,True,70.9,0.358,intencion_pago,3,Promesa,42800.0,21115.0
GE-0003907,G09,Gestor 09,2026-03,KB-106407,Pyme,Crédito automotor,Canelones,31-60,WhatsApp,True,61.0,-0.062,neutro,3,No contacto,16270.0,0.0
GE-0003908,G09,Gestor 09,2026-03,KB-101782,Retail,Tarjeta de crédito,Lavalleja,1-30,WhatsApp,True,72.9,0.336,neutro,4,Pago,39920.0,38530.0
GE-0003909,G09,Gestor 09,2026-03,KB-101111,Retail,Financiación retail,Montevideo,61-90,Llamada,True,87.7,0.152,objecion,3,Promesa,30120.0,16667.0
GE-0003910,G09,Gestor 09,2026-03,KB-106068,Pyme,Tarjeta de crédito,Trinidad,31-60,WhatsApp,True,66.7,0.547,intencion_pago,3,Promesa,451650.0,167197.0
GE-0003911,G09,Gestor 09,2026-03,KB-111446,Retail,Préstamo personal,Montevideo,1-30,WhatsApp,True,77.8,0.063,neutro,4,Promesa,14010.0,4677.0
GE-0003912,G09,Gestor 09,2026-03,KB-109923,Retail,Cuenta corriente,Montevideo,61-90,Llamada,True,72.1,0.172,neutro,3,Pago,38310.0,32397.0
GE-0003913,G09,Gestor 09,2026-03,KB-107445,Retail,Cuenta corriente,Montevideo,31-60,Llamada,True,82.8,0.054,neutro,3,Pago,32830.0,23872.0
GE-0003914,G09,Gestor 09,2026-03,KB-101598,Retail,Cuenta corriente,Maldonado,61-90,Llamada,True,62.5,0.134,neutro,2,Sin acuerdo,43280.0,0.0
GE-0003915,G10,Gestor 10,2026-03,KB-106616,Pyme,Préstamo personal,Canelones,91-180,Llamada,True,71.2,-0.037,objecion,6,Pago,250300.0,218481.0
GE-0003916,G10,Gestor 10,2026-03,KB-109893,Pyme,Cuenta corriente,Montevideo,31-60,Llamada,True,71.1,-0.095,ansiedad,5,Sin acuerdo,46410.0,0.0
GE-0003917,G10,Gestor 10,2026-03,KB-106808,Pyme,Tarjeta de crédito,Canelones,31-60,Llamada,True,49.9,0.381,intencion_pago,4,Promesa,132900.0,76435.0
GE-0003918,G10,Gestor 10,2026-03,KB-103083,Retail,Crédito automotor,Colonia,91-180,WhatsApp,True,76.5,-0.557,enojo,4,Pago,71280.0,55524.0
GE-0003919,G10,Gestor 10,2026-03,KB-102507,Retail,Préstamo personal,Montevideo,1-30,Llamada,True,69.2,0.086,neutro,4,Sin acuerdo,30520.0,0.0
GE-0003920,G10,Gestor 10,2026-03,KB-101711,Retail,Tarjeta de crédito,Florida,180+,Llamada,True,59.2,-0.68,enojo,1,No contacto,11120.0,0.0
GE-0003921,G10,Gestor 10,2026-03,KB-107607,Retail,Financiación retail,Canelones,1-30,WhatsApp,True,56.1,-0.127,ansiedad,3,Sin acuerdo,93110.0,0.0
GE-0003922,G10,Gestor 10,2026-03,KB-106191,Pyme,Préstamo personal,Canelones,91-180,WhatsApp,True,74.0,-0.357,enojo,3,No contacto,300760.0,0.0
GE-0003923,G10,Gestor 10,2026-03,KB-106484,Pyme,Préstamo personal,Montevideo,180+,Llamada,True,56.5,-0.387,enojo,4,No contacto,67000.0,0.0
GE-0003924,G10,Gestor 10,2026-03,KB-111071,Pyme,Tarjeta de crédito,Rivera,1-30,Llamada,True,69.6,0.345,intencion_pago,4,Promesa,127740.0,74877.0
GE-0003925,G10,Gestor 10,2026-03,KB-106466,Retail,Tarjeta de crédito,Rocha,91-180,WhatsApp,True,68.8,-0.182,ansiedad,3,Promesa,29450.0,14207.0
GE-0003926,G10,Gestor 10,2026-03,KB-110129,Retail,Préstamo personal,Montevideo,1-30,Llamada,True,52.3,-0.036,neutro,2,Promesa,17560.0,7791.0
GE-0003927,G10,Gestor 10,2026-03,KB-102831,Retail,Tarjeta de crédito,Canelones,31-60,WhatsApp,True,56.8,0.62,intencion_pago,2,Pago,16730.0,15327.0
GE-0003928,G10,Gestor 10,2026-03,KB-101791,Retail,Tarjeta de crédito,Montevideo,1-30,Llamada,True,75.4,0.727,intencion_pago,3,Pago,109160.0,78358.0
GE-0003929,G10,Gestor 10,2026-03,KB-106236,Retail,Microcrédito,Canelones,1-30,Llamada,True,74.9,0.184,neutro,4,Promesa,28570.0,15994.0
GE-0003930,G10,Gestor 10,2026-03,KB-100407,Retail,Préstamo personal,Montevideo,1-30,WhatsApp,True,64.0,0.3,intencion_pago,3,Sin acuerdo,43220.0,0.0
GE-0003931,G10,Gestor 10,2026-03,KB-105896,Retail,Microcrédito,Florida,91-180,WhatsApp,True,75.7,-0.431,frustracion,4,Pago,7610.0,6791.0
GE-0003932,G10,Gestor 10,2026-03,KB-110772,Pyme,Cuenta corriente,Florida,31-60,WhatsApp,True,51.8,-0.029,objecion,1,Pago,281410.0,236559.0
GE-0003933,G10,Gestor 10,2026-03,KB-111853,Retail,Tarjeta de crédito,Florida,31-60,WhatsApp,True,65.4,0.431,intencion_pago,3,Promesa,13910.0,6518.0
GE-0003934,G10,Gestor 10,2026-03,KB-106578,Retail,Financiación retail,Maldonado,91-180,Llamada,True,57.5,-0.737,enojo,2,Promesa,19400.0,7420.0
GE-0003935,G10,Gestor 10,2026-03,KB-109198,Retail,Préstamo personal,Tacuarembó,91-180,WhatsApp,True,65.6,-0.626,enojo,2,Promesa,7140.0,4024.0
GE-0003936,G10,Gestor 10,2026-03,KB-102505,Retail,Préstamo personal,Montevideo,1-30,WhatsApp,True,64.4,0.562,intencion_pago,4,Promesa,31810.0,13951.0
GE-0003937,G10,Gestor 10,2026-03,KB-107308,Retail,Microcrédito,Montevideo,1-30,WhatsApp,True,67.3,0.585,intencion_pago,4,Pago,3950.0,3590.0
GE-0003938,G10,Gestor 10,2026-03,KB-102761,Retail,Préstamo personal,Rocha,1-30,Llamada,True,74.4,0.53,intencion_pago,5,Promesa,7360.0,2319.0
GE-0003939,G10,Gestor 10,2026-03,KB-106502,Retail,Tarjeta de crédito,San José,180+,WhatsApp,True,58.7,-0.152,dificultad_economica,2,Promesa,18440.0,6753.0
GE-0003940,G10,Gestor 10,2026-03,KB-104786,Retail,Préstamo personal,Canelones,31-60,Llamada,True,64.8,-0.142,frustracion,3,Promesa,39390.0,18292.0
GE-0003941,G10,Gestor 10,2026-03,KB-102876,Retail,Financiación retail,Montevideo,61-90,Llamada,True,68.8,0.046,ansiedad,4,Promesa,14700.0,4922.0
GE-0003942,G10,Gestor 10,2026-03,KB-108844,Corporativo,Cuenta corriente,Maldonado,1-30,Llamada,True,71.5,-0.145,ansiedad,4,Pago,311440.0,255908.0
GE-0003943,G10,Gestor 10,2026-03,KB-103400,Pyme,Préstamo personal,Colonia,180+,Llamada,True,69.7,0.025,objecion,5,Promesa,127650.0,46599.0
GE-0003944,G10,Gestor 10,2026-03,KB-104189,Pyme,Tarjeta de crédito,Montevideo,1-30,WhatsApp,True,69.3,-0.667,enojo,5,Pago,134120.0,118573.0
GE-0003945,G10,Gestor 10,2026-03,KB-109872,Retail,Tarjeta de crédito,Canelones,61-90,Llamada,True,65.7,-0.328,ansiedad,4,Pago,22030.0,17111.0
GE-0003946,G10,Gestor 10,2026-03,KB-101744,Corporativo,Crédito automotor,San José,180+,WhatsApp,True,75.0,-0.605,enojo,5,No contacto,141420.0,0.0
GE-0003947,G10,Gestor 10,2026-03,KB-103224,Pyme,Cuenta corriente,Rocha,1-30,Llamada,True,76.4,0.644,intencion_pago,3,Promesa,165240.0,85061.0
GE-0003948,G10,Gestor 10,2026-03,KB-105542,Pyme,Cuenta corriente,Montevideo,31-60,WhatsApp,True,70.1,0.779,intencion_pago,5,Promesa,51640.0,17365.0
GE-0003949,G10,Gestor 10,2026-03,KB-106775,Retail,Microcrédito,Montevideo,180+,Llamada,True,64.8,-0.565,enojo,2,Promesa,39020.0,11997.0
GE-0003950,G10,Gestor 10,2026-03,KB-110553,Pyme,Préstamo personal,Soriano,91-180,Llamada,True,67.0,-0.103,objecion,4,Pago,68880.0,41772.0
GE-0003951,G10,Gestor 10,2026-03,KB-108546,Retail,Tarjeta de crédito,Montevideo,91-180,Llamada,True,65.1,-0.352,frustracion,2,Pago,43150.0,32538.0
GE-0003952,G10,Gestor 10,2026-03,KB-105892,Retail,Tarjeta de crédito,Rocha,1-30,Llamada,True,65.6,0.102,neutro,4,Sin acuerdo,44030.0,0.0
GE-0003953,G10,Gestor 10,2026-03,KB-105769,Retail,Préstamo personal,Canelones,31-60,WhatsApp,True,63.5,-0.105,ansiedad,3,Promesa,38800.0,18266.0
GE-0003954,G10,Gestor 10,2026-03,KB-102854,Retail,Préstamo personal,Montevideo,91-180,Llamada,True,61.6,-0.636,enojo,5,Promesa,59370.0,29933.0
GE-0003955,G10,Gestor 10,2026-03,KB-111649,Retail,Préstamo personal,Durazno,1-30,WhatsApp,True,68.0,0.508,intencion_pago,2,Pago,12760.0,8744.0
GE-0003956,G10,Gestor 10,2026-03,KB-104043,Corporativo,Tarjeta de crédito,Canelones,31-60,Llamada,True,68.2,0.634,intencion_pago,3,Promesa,138720.0,72737.0
GE-0003957,G10,Gestor 10,2026-03,KB-101169,Retail,Microcrédito,Montevideo,31-60,Llamada,True,75.3,0.554,intencion_pago,6,Pago,28730.0,26896.0
GE-0003958,G10,Gestor 10,2026-03,KB-108234,Pyme,Microcrédito,Canelones,1-30,Llamada,True,67.4,0.628,intencion_pago,3,Pago,78210.0,72944.0
GE-0003959,G10,Gestor 10,2026-03,KB-105556,Retail,Cuenta corriente,Montevideo,91-180,WhatsApp,True,59.9,-0.164,ansiedad,2,No contacto,13290.0,0.0
GE-0003960,G11,Gestor 11,2026-03,KB-105087,Retail,Tarjeta de crédito,Montevideo,31-60,WhatsApp,True,82.1,-0.41,enojo,6,Promesa,10190.0,5885.0
GE-0003961,G11,Gestor 11,2026-03,KB-110696,Pyme,Préstamo personal,Montevideo,180+,WhatsApp,True,79.0,-0.048,frustracion,3,Promesa,111480.0,38801.0
GE-0003962,G11,Gestor 11,2026-03,KB-107006,Retail,Microcrédito,Montevideo,31-60,Llamada,True,66.0,-0.273,ansiedad,3,No contacto,53510.0,0.0
GE-0003963,G11,Gestor 11,2026-03,KB-108202,Retail,Crédito automotor,Montevideo,61-90,Llamada,True,67.0,-0.304,dificultad_economica,4,Pago,16650.0,13386.0
GE-0003964,G11,Gestor 11,2026-03,KB-105536,Retail,Préstamo personal,Montevideo,1-30,Llamada,True,79.1,0.645,intencion_pago,5,Pago,25110.0,24049.0
GE-0003965,G11,Gestor 11,2026-03,KB-102872,Retail,Tarjeta de crédito,Maldonado,61-90,Llamada,True,83.9,-0.031,ansiedad,6,Pago,44760.0,37805.0
GE-0003966,G11,Gestor 11,2026-03,KB-106558,Retail,Cuenta corriente,Montevideo,31-60,Llamada,True,78.5,-0.262,objecion,4,No contacto,17790.0,0.0
GE-0003967,G11,Gestor 11,2026-03,KB-105168,Retail,Préstamo personal,Río Negro,180+,WhatsApp,True,83.5,0.057,objecion,2,No contacto,16810.0,0.0
GE-0003968,G11,Gestor 11,2026-03,KB-102290,Retail,Tarjeta de crédito,Florida,180+,WhatsApp,True,75.6,-0.557,enojo,5,Promesa,83860.0,26672.0
GE-0003969,G11,Gestor 11,2026-03,KB-103809,Pyme,Tarjeta de crédito,Montevideo,180+,WhatsApp,True,83.8,-0.164,dificultad_economica,2,Pago,201140.0,128420.0
GE-0003970,G11,Gestor 11,2026-03,KB-110702,Retail,Microcrédito,Florida,1-30,Llamada,True,88.9,0.224,neutro,5,Sin acuerdo,13820.0,0.0
GE-0003971,G11,Gestor 11,2026-03,KB-100188,Corporativo,Préstamo personal,Montevideo,61-90,Llamada,True,84.2,-0.054,objecion,3,Sin acuerdo,984270.0,0.0
GE-0003972,G11,Gestor 11,2026-03,KB-105333,Retail,Préstamo personal,Montevideo,1-30,Llamada,True,62.3,0.103,neutro,3,Promesa,63660.0,32646.0
GE-0003973,G11,Gestor 11,2026-03,KB-111890,Retail,Tarjeta de crédito,Canelones,31-60,Llamada,True,83.0,0.538,intencion_pago,5,Promesa,8860.0,4508.0
GE-0003974,G11,Gestor 11,2026-03,KB-111286,Retail,Préstamo personal,Canelones,1-30,WhatsApp,True,95.6,0.599,intencion_pago,4,Promesa,54160.0,21979.0
GE-0003975,G11,Gestor 11,2026-03,KB-109046,Retail,Cuenta corriente,Montevideo,91-180,Llamada,True,87.7,-0.001,objecion,3,Promesa,43780.0,14389.0
GE-0003976,G11,Gestor 11,2026-03,KB-111036,Pyme,Tarjeta de crédito,Montevideo,1-30,WhatsApp,True,87.9,0.185,neutro,5,Pago,585670.0,424100.0
GE-0003977,G11,Gestor 11,2026-03,KB-102901,Retail,Crédito automotor,Montevideo,180+,Llamada,True,93.2,-0.276,frustracion,4,No contacto,18710.0,0.0
GE-0003978,G11,Gestor 11,2026-03,KB-103667,Pyme,Préstamo personal,Montevideo,61-90,WhatsApp,True,93.6,0.428,neutro,5,Promesa,122270.0,40882.0
GE-0003979,G11,Gestor 11,2026-03,KB-109598,Retail,Préstamo personal,Colonia,1-30,Llamada,True,90.3,0.412,intencion_pago,3,Pago,37750.0,36496.0
GE-0003980,G11,Gestor 11,2026-03,KB-110544,Retail,Préstamo personal,Canelones,61-90,WhatsApp,True,71.6,-0.284,dificultad_economica,6,Promesa,80220.0,39373.0
GE-0003981,G11,Gestor 11,2026-03,KB-108381,Retail,Financiación retail,Cerro Largo,91-180,Llamada,True,89.2,-0.408,frustracion,5,Pago,20400.0,19092.0
GE-0003982,G11,Gestor 11,2026-03,KB-111528,Corporativo,Préstamo personal,Canelones,180+,Llamada,True,91.1,-0.112,frustracion,6,Sin acuerdo,242410.0,0.0
GE-0003983,G11,Gestor 11,2026-03,KB-111748,Pyme,Microcrédito,Canelones,91-180,WhatsApp,True,91.3,-0.113,dificultad_economica,5,Pago,18860.0,14547.0
GE-0003984,G11,Gestor 11,2026-03,KB-106510,Retail,Microcrédito,Montevideo,91-180,Llamada,True,79.6,-0.344,frustracion,4,Pago,11630.0,8018.0
GE-0003985,G11,Gestor 11,2026-03,KB-101431,Corporativo,Crédito automotor,Montevideo,91-180,Llamada,True,76.1,-0.327,dificultad_economica,4,Promesa,480720.0,197371.0
GE-0003986,G11,Gestor 11,2026-03,KB-110602,Retail,Tarjeta de crédito,Montevideo,91-180,WhatsApp,True,87.4,-0.267,dificultad_economica,5,Pago,28030.0,21294.0
GE-0003987,G11,Gestor 11,2026-03,KB-100455,Retail,Préstamo personal,Artigas,180+,Llamada,True,85.5,-0.432,enojo,3,Sin acuerdo,37170.0,0.0
GE-0003988,G11,Gestor 11,2026-03,KB-101403,Corporativo,Crédito automotor,Canelones,91-180,WhatsApp,True,75.4,-0.231,enojo,4,No contacto,910320.0,0.0
GE-0003989,G11,Gestor 11,2026-03,KB-103067,Retail,Crédito automotor,Montevideo,91-180,WhatsApp,True,85.8,-0.302,dificultad_economica,4,Pago,45950.0,34252.0
GE-0003990,G11,Gestor 11,2026-03,KB-108293,Retail,Tarjeta de crédito,Montevideo,180+,Llamada,True,74.9,-0.582,enojo,3,Pago,29080.0,25061.0
GE-0003991,G11,Gestor 11,2026-03,KB-110552,Pyme,Tarjeta de crédito,Montevideo,91-180,WhatsApp,True,92.7,-0.005,objecion,6,Sin acuerdo,56050.0,0.0
GE-0003992,G11,Gestor 11,2026-03,KB-111770,Retail,Préstamo personal,Montevideo,31-60,Llamada,True,85.7,0.015,ansiedad,5,Sin acuerdo,59520.0,0.0
GE-0003993,G11,Gestor 11,2026-03,KB-100041,Corporativo,Cuenta corriente,Río Negro,31-60,Llamada,True,89.0,0.701,intencion_pago,4,Pago,176740.0,175598.0
GE-0003994,G11,Gestor 11,2026-03,KB-107461,Retail,Préstamo personal,Montevideo,31-60,Llamada,True,100.0,-0.282,frustracion,6,Promesa,24860.0,12707.0
GE-0003995,G11,Gestor 11,2026-03,KB-106035,Retail,Tarjeta de crédito,Canelones,91-180,Llamada,True,98.4,0.236,objecion,5,Sin acuerdo,123960.0,0.0
GE-0003996,G11,Gestor 11,2026-03,KB-104490,Retail,Cuenta corriente,Montevideo,1-30,WhatsApp,True,84.0,0.652,intencion_pago,5,Promesa,24540.0,11426.0
GE-0003997,G11,Gestor 11,2026-03,KB-101659,Retail,Tarjeta de crédito,San José,61-90,Llamada,True,72.0,-0.08,objecion,3,No contacto,17470.0,0.0
GE-0003998,G11,Gestor 11,2026-03,KB-104084,Retail,Cuenta corriente,Montevideo,1-30,WhatsApp,True,79.2,0.591,intencion_pago,4,Sin acuerdo,27040.0,0.0
GE-0003999,G11,Gestor 11,2026-03,KB-108703,Retail,Microcrédito,Cerro Largo,31-60,Llamada,True,81.7,0.012,objecion,4,Promesa,48430.0,20343.0
GE-0004000,G11,Gestor 11,2026-03,KB-102804,Retail,Microcrédito,Durazno,1-30,Llamada,True,78.5,0.251,neutro,5,Pago,49890.0,49269.0
GE-0004001,G11,Gestor 11,2026-03,KB-109592,Retail,Crédito automotor,Montevideo,1-30,WhatsApp,True,78.4,0.622,intencion_pago,7,Pago,38170.0,36296.0
GE-0004002,G11,Gestor 11,2026-03,KB-100891,Retail,Crédito automotor,Canelones,1-30,WhatsApp,True,95.1,0.23,neutro,5,Promesa,97800.0,53470.0
GE-0004003,G11,Gestor 11,2026-03,KB-109591,Pyme,Microcrédito,Durazno,1-30,WhatsApp,True,75.0,0.541,intencion_pago,2,Pago,77100.0,62573.0
GE-0004004,G11,Gestor 11,2026-03,KB-107308,Retail,Microcrédito,Montevideo,1-30,Llamada,True,76.9,0.395,intencion_pago,4,Promesa,3950.0,2100.0
GE-0004005,G11,Gestor 11,2026-03,KB-102064,Retail,Microcrédito,Canelones,91-180,Llamada,True,82.7,-0.033,objecion,4,No contacto,27620.0,0.0
GE-0004006,G12,Gestor 12,2026-03,KB-100295,Pyme,Tarjeta de crédito,Tacuarembó,31-60,WhatsApp,True,74.2,-0.26,frustracion,3,Sin acuerdo,70690.0,0.0
GE-0004007,G12,Gestor 12,2026-03,KB-100483,Retail,Microcrédito,Montevideo,91-180,Llamada,True,77.7,-0.334,dificultad_economica,3,Promesa,89540.0,45508.0
GE-0004008,G12,Gestor 12,2026-03,KB-110284,Retail,Crédito automotor,Colonia,180+,Llamada,True,81.9,-0.321,frustracion,5,No contacto,24870.0,0.0
GE-0004009,G12,Gestor 12,2026-03,KB-105223,Retail,Préstamo personal,Canelones,31-60,Llamada,True,71.9,-0.127,objecion,4,Pago,14570.0,12246.0
GE-0004010,G12,Gestor 12,2026-03,KB-108332,Retail,Microcrédito,Maldonado,1-30,Llamada,True,73.2,0.091,ansiedad,3,Sin acuerdo,24440.0,0.0
GE-0004011,G12,Gestor 12,2026-03,KB-110388,Retail,Tarjeta de crédito,Montevideo,61-90,WhatsApp,True,77.6,-0.688,enojo,4,Pago,37840.0,34931.0
GE-0004012,G12,Gestor 12,2026-03,KB-101067,Retail,Tarjeta de crédito,Colonia,91-180,WhatsApp,True,74.7,-0.101,ansiedad,2,Promesa,86040.0,48228.0
GE-0004013,G12,Gestor 12,2026-03,KB-103909,Pyme,Préstamo personal,Montevideo,91-180,WhatsApp,True,73.7,-0.407,frustracion,2,Promesa,39110.0,17868.0
GE-0004014,G12,Gestor 12,2026-03,KB-111783,Pyme,Cuenta corriente,Soriano,31-60,Llamada,True,82.5,0.278,neutro,4,Promesa,133100.0,78194.0
GE-0004015,G12,Gestor 12,2026-03,KB-100297,Pyme,Crédito automotor,Montevideo,1-30,Llamada,True,81.4,0.09,neutro,3,Promesa,69500.0,39957.0
GE-0004016,G12,Gestor 12,2026-03,KB-108935,Retail,Financiación retail,San José,31-60,WhatsApp,True,84.8,-0.081,frustracion,4,Promesa,34060.0,10909.0
GE-0004017,G12,Gestor 12,2026-03,KB-106116,Retail,Tarjeta de crédito,Colonia,1-30,Llamada,True,91.9,-0.031,objecion,7,Pago,13460.0,12966.0
GE-0004018,G12,Gestor 12,2026-03,KB-111449,Retail,Préstamo personal,Lavalleja,31-60,WhatsApp,True,70.7,0.115,neutro,4,Promesa,18480.0,8943.0
GE-0004019,G12,Gestor 12,2026-03,KB-101886,Retail,Préstamo personal,Montevideo,91-180,Llamada,True,68.7,-0.022,frustracion,4,Sin acuerdo,22540.0,0.0
GE-0004020,G12,Gestor 12,2026-03,KB-109119,Retail,Crédito automotor,Soriano,61-90,WhatsApp,True,62.3,-0.2,ansiedad,3,Pago,14340.0,13567.0
GE-0004021,G12,Gestor 12,2026-03,KB-101791,Retail,Tarjeta de crédito,Montevideo,1-30,WhatsApp,True,71.5,-0.249,ansiedad,3,Sin acuerdo,109160.0,0.0
GE-0004022,G12,Gestor 12,2026-03,KB-105477,Pyme,Crédito automotor,Canelones,31-60,WhatsApp,True,72.5,-0.607,enojo,3,Sin acuerdo,48460.0,0.0
GE-0004023,G12,Gestor 12,2026-03,KB-104464,Retail,Financiación retail,Rivera,31-60,Llamada,True,85.1,-0.037,ansiedad,4,Promesa,22370.0,7540.0
GE-0004024,G12,Gestor 12,2026-03,KB-105852,Corporativo,Crédito automotor,Paysandú,91-180,Llamada,True,80.9,-0.277,frustracion,5,Promesa,1119480.0,509073.0
GE-0004025,G12,Gestor 12,2026-03,KB-103014,Retail,Préstamo personal,Montevideo,1-30,Llamada,True,83.4,0.256,neutro,4,Promesa,6540.0,2959.0
GE-0004026,G12,Gestor 12,2026-03,KB-101808,Pyme,Cuenta corriente,Paysandú,31-60,Llamada,True,75.0,0.397,intencion_pago,5,Promesa,81000.0,41394.0
GE-0004027,G12,Gestor 12,2026-03,KB-100471,Pyme,Financiación retail,Maldonado,31-60,WhatsApp,True,82.7,0.655,intencion_pago,4,Sin acuerdo,435570.0,0.0
GE-0004028,G12,Gestor 12,2026-03,KB-108078,Retail,Tarjeta de crédito,Colonia,180+,Llamada,True,85.2,0.217,neutro,2,Sin acuerdo,35160.0,0.0
GE-0004029,G12,Gestor 12,2026-03,KB-106372,Retail,Microcrédito,Canelones,180+,Llamada,True,76.0,-0.127,ansiedad,3,Pago,14920.0,9077.0
GE-0004030,G12,Gestor 12,2026-03,KB-100458,Pyme,Tarjeta de crédito,Colonia,1-30,WhatsApp,True,63.6,0.017,neutro,4,Promesa,198940.0,100810.0
GE-0004031,G12,Gestor 12,2026-03,KB-102104,Retail,Tarjeta de crédito,Colonia,61-90,Llamada,True,78.3,0.153,neutro,3,Promesa,90960.0,28166.0
GE-0004032,G12,Gestor 12,2026-03,KB-102144,Pyme,Financiación retail,Salto,91-180,Llamada,True,92.1,-0.306,frustracion,4,Sin acuerdo,155510.0,0.0
GE-0004033,G12,Gestor 12,2026-03,KB-103658,Retail,Préstamo personal,Maldonado,91-180,WhatsApp,True,78.9,-0.683,enojo,4,No contacto,60200.0,0.0
GE-0004034,G12,Gestor 12,2026-03,KB-111155,Retail,Tarjeta de crédito,Tacuarembó,31-60,Llamada,True,78.5,0.236,neutro,5,Promesa,45780.0,15684.0
GE-0004035,G12,Gestor 12,2026-03,KB-104136,Retail,Tarjeta de crédito,Rocha,91-180,WhatsApp,True,70.2,-0.014,objecion,2,Promesa,57110.0,21313.0
GE-0004036,G12,Gestor 12,2026-03,KB-109914,Retail,Microcrédito,Paysandú,61-90,Llamada,True,83.3,-0.095,objecion,2,Pago,22460.0,19077.0
GE-0004037,G12,Gestor 12,2026-03,KB-103394,Retail,Crédito automotor,Durazno,1-30,Llamada,True,83.9,0.676,intencion_pago,4,Pago,45750.0,39747.0
GE-0004038,G12,Gestor 12,2026-03,KB-104958,Pyme,Cuenta corriente,Maldonado,31-60,WhatsApp,True,82.6,0.5,neutro,6,Promesa,46660.0,15165.0
GE-0004039,G12,Gestor 12,2026-03,KB-106404,Retail,Crédito automotor,Canelones,61-90,WhatsApp,True,76.1,-0.158,ansiedad,4,Pago,36860.0,33076.0
GE-0004040,G12,Gestor 12,2026-03,KB-108138,Pyme,Financiación retail,Salto,1-30,WhatsApp,True,96.0,0.56,intencion_pago,5,Promesa,137780.0,71505.0
GE-0004041,G12,Gestor 12,2026-03,KB-103417,Retail,Tarjeta de crédito,Montevideo,1-30,Llamada,True,67.7,-0.112,objecion,5,Promesa,14760.0,8045.0
GE-0004042,G12,Gestor 12,2026-03,KB-107707,Pyme,Financiación retail,San José,180+,Llamada,True,79.1,-0.409,frustracion,3,Promesa,162350.0,79185.0
GE-0004043,G12,Gestor 12,2026-03,KB-111124,Retail,Tarjeta de crédito,Montevideo,61-90,WhatsApp,True,79.2,-0.054,dificultad_economica,5,Pago,34920.0,25452.0
GE-0004044,G12,Gestor 12,2026-03,KB-101111,Retail,Financiación retail,Montevideo,61-90,WhatsApp,True,73.6,-0.432,enojo,5,Pago,30120.0,28247.0
GE-0004045,G12,Gestor 12,2026-03,KB-105963,Retail,Préstamo personal,Rocha,61-90,Llamada,True,67.5,-0.268,dificultad_economica,4,Pago,36930.0,30927.0
GE-0004046,G12,Gestor 12,2026-03,KB-101304,Pyme,Crédito automotor,Maldonado,91-180,Llamada,True,67.0,-0.451,enojo,3,Sin acuerdo,329080.0,0.0
GE-0004047,G12,Gestor 12,2026-03,KB-111373,Pyme,Préstamo personal,Salto,31-60,Llamada,True,74.7,0.121,neutro,3,Sin acuerdo,135650.0,0.0
GE-0004048,G12,Gestor 12,2026-03,KB-104339,Retail,Crédito automotor,Maldonado,91-180,WhatsApp,True,90.8,0.223,neutro,5,Pago,34410.0,21828.0
GE-0004049,G01,Gestor 01,2026-04,KB-100360,Pyme,Tarjeta de crédito,Canelones,1-30,Llamada,False,56.6,-0.025,neutro,4,Sin acuerdo,88580.0,0.0
GE-0004050,G01,Gestor 01,2026-04,KB-100964,Retail,Tarjeta de crédito,Montevideo,31-60,Llamada,False,63.7,-0.113,ansiedad,3,Promesa,23160.0,12476.0
GE-0004051,G01,Gestor 01,2026-04,KB-108539,Pyme,Crédito automotor,Durazno,1-30,WhatsApp,False,76.8,0.608,intencion_pago,4,Pago,39140.0,38630.0
GE-0004052,G01,Gestor 01,2026-04,KB-108097,Retail,Microcrédito,Tacuarembó,31-60,WhatsApp,False,67.5,0.869,intencion_pago,4,Pago,77520.0,72695.0
GE-0004053,G01,Gestor 01,2026-04,KB-101139,Pyme,Préstamo personal,Montevideo,61-90,Llamada,False,72.9,-0.303,frustracion,4,Promesa,94730.0,38191.0
GE-0004054,G01,Gestor 01,2026-04,KB-102226,Pyme,Préstamo personal,Tacuarembó,31-60,Llamada,False,58.5,-0.11,ansiedad,3,No contacto,216890.0,0.0
GE-0004055,G01,Gestor 01,2026-04,KB-110528,Retail,Préstamo personal,Paysandú,31-60,WhatsApp,False,56.1,-0.316,ansiedad,3,Promesa,74710.0,33452.0
GE-0004056,G01,Gestor 01,2026-04,KB-108770,Retail,Microcrédito,San José,180+,WhatsApp,False,68.0,-0.213,enojo,3,Promesa,22180.0,7381.0
GE-0004057,G01,Gestor 01,2026-04,KB-107190,Corporativo,Crédito automotor,Montevideo,91-180,Llamada,False,74.8,-0.028,objecion,4,No contacto,1702280.0,0.0
GE-0004058,G01,Gestor 01,2026-04,KB-109192,Corporativo,Cuenta corriente,San José,31-60,Llamada,False,57.8,-0.005,neutro,1,Pago,439080.0,374490.0
GE-0004059,G01,Gestor 01,2026-04,KB-102085,Retail,Microcrédito,Montevideo,1-30,Llamada,False,66.2,0.137,neutro,3,Promesa,24060.0,11594.0
GE-0004060,G01,Gestor 01,2026-04,KB-107271,Pyme,Cuenta corriente,Montevideo,1-30,Llamada,False,60.4,0.321,intencion_pago,3,Pago,85450.0,81836.0
GE-0004061,G01,Gestor 01,2026-04,KB-108592,Retail,Préstamo personal,Maldonado,1-30,Llamada,False,73.3,-0.304,ansiedad,4,Pago,19090.0,16505.0
GE-0004062,G01,Gestor 01,2026-04,KB-107447,Retail,Préstamo personal,Montevideo,31-60,WhatsApp,False,70.5,0.05,neutro,4,Sin acuerdo,35580.0,0.0
GE-0004063,G01,Gestor 01,2026-04,KB-107202,Pyme,Préstamo personal,Soriano,91-180,Llamada,False,46.8,-0.418,frustracion,2,No contacto,72110.0,0.0
GE-0004064,G01,Gestor 01,2026-04,KB-106930,Retail,Préstamo personal,Montevideo,1-30,Llamada,False,57.7,-0.428,frustracion,2,Pago,47280.0,45812.0
GE-0004065,G01,Gestor 01,2026-04,KB-105889,Retail,Financiación retail,Colonia,31-60,WhatsApp,False,66.8,0.459,intencion_pago,3,Pago,32950.0,22077.0
GE-0004066,G01,Gestor 01,2026-04,KB-111181,Retail,Préstamo personal,Canelones,91-180,WhatsApp,False,56.4,-0.348,frustracion,0,No contacto,34320.0,0.0
GE-0004067,G01,Gestor 01,2026-04,KB-110482,Retail,Crédito automotor,Canelones,180+,Llamada,False,67.9,-0.368,frustracion,4,No contacto,46760.0,0.0
GE-0004068,G01,Gestor 01,2026-04,KB-107001,Pyme,Préstamo personal,Canelones,31-60,WhatsApp,False,59.9,-0.597,enojo,5,Promesa,65930.0,36051.0
GE-0004069,G01,Gestor 01,2026-04,KB-106227,Retail,Microcrédito,Montevideo,1-30,Llamada,False,55.2,0.608,intencion_pago,4,Promesa,38250.0,16214.0
GE-0004070,G01,Gestor 01,2026-04,KB-111912,Retail,Tarjeta de crédito,Montevideo,1-30,Llamada,False,68.6,-0.208,neutro,3,Pago,71520.0,63380.0
GE-0004071,G01,Gestor 01,2026-04,KB-107399,Pyme,Préstamo personal,Montevideo,31-60,WhatsApp,False,49.7,-0.419,frustracion,3,Pago,185580.0,158924.0
GE-0004072,G01,Gestor 01,2026-04,KB-101228,Pyme,Préstamo personal,Durazno,31-60,Llamada,False,77.3,0.33,neutro,6,Pago,295390.0,259486.0
GE-0004073,G01,Gestor 01,2026-04,KB-102100,Retail,Préstamo personal,Montevideo,1-30,WhatsApp,False,64.3,-0.444,frustracion,5,Promesa,17300.0,6721.0
GE-0004074,G01,Gestor 01,2026-04,KB-103693,Retail,Financiación retail,Paysandú,1-30,Llamada,False,57.3,0.467,intencion_pago,4,Pago,6570.0,4113.0
GE-0004075,G01,Gestor 01,2026-04,KB-105645,Retail,Tarjeta de crédito,Montevideo,180+,Llamada,False,66.3,-0.445,enojo,4,Promesa,26650.0,8501.0
GE-0004076,G01,Gestor 01,2026-04,KB-111195,Retail,Préstamo personal,Montevideo,61-90,Llamada,False,62.9,0.228,neutro,3,Promesa,32500.0,14448.0
GE-0004077,G01,Gestor 01,2026-04,KB-102462,Retail,Préstamo personal,San José,31-60,WhatsApp,False,60.4,-0.496,frustracion,4,Promesa,11430.0,5634.0
GE-0004078,G01,Gestor 01,2026-04,KB-100563,Retail,Cuenta corriente,Montevideo,31-60,Llamada,False,73.9,-0.202,frustracion,6,Promesa,29690.0,11244.0
GE-0004079,G01,Gestor 01,2026-04,KB-110532,Retail,Préstamo personal,Tacuarembó,91-180,WhatsApp,False,84.1,0.015,objecion,5,Promesa,79300.0,32733.0
GE-0004080,G01,Gestor 01,2026-04,KB-109795,Retail,Préstamo personal,Maldonado,61-90,Llamada,False,60.9,-0.228,ansiedad,4,Promesa,29730.0,9631.0
GE-0004081,G01,Gestor 01,2026-04,KB-102229,Retail,Préstamo personal,Flores,31-60,Llamada,False,58.0,-0.108,ansiedad,2,No contacto,11940.0,0.0
GE-0004082,G01,Gestor 01,2026-04,KB-108740,Retail,Tarjeta de crédito,Montevideo,1-30,Llamada,False,50.5,-0.002,objecion,2,No contacto,29350.0,0.0
GE-0004083,G01,Gestor 01,2026-04,KB-111494,Corporativo,Crédito automotor,Florida,91-180,WhatsApp,False,58.0,-0.243,ansiedad,2,Sin acuerdo,347080.0,0.0
GE-0004084,G01,Gestor 01,2026-04,KB-102608,Retail,Microcrédito,Montevideo,61-90,Llamada,False,67.4,0.126,objecion,3,No contacto,23670.0,0.0
GE-0004085,G01,Gestor 01,2026-04,KB-111431,Retail,Préstamo personal,Colonia,61-90,Llamada,False,52.9,-0.262,objecion,3,Sin acuerdo,14400.0,0.0
GE-0004086,G01,Gestor 01,2026-04,KB-108509,Retail,Tarjeta de crédito,Montevideo,180+,Llamada,False,52.2,-0.686,enojo,2,No contacto,18470.0,0.0
GE-0004087,G02,Gestor 02,2026-04,KB-111652,Retail,Tarjeta de crédito,Montevideo,180+,Llamada,False,51.1,-0.52,enojo,3,No contacto,34020.0,0.0
GE-0004088,G02,Gestor 02,2026-04,KB-106507,Corporativo,Tarjeta de crédito,Colonia,61-90,WhatsApp,False,45.3,-0.039,neutro,3,Promesa,1290600.0,524027.0
GE-0004089,G02,Gestor 02,2026-04,KB-101111,Retail,Financiación retail,Montevideo,61-90,Llamada,False,52.2,-0.007,objecion,2,Sin acuerdo,30120.0,0.0
GE-0004090,G02,Gestor 02,2026-04,KB-103172,Retail,Financiación retail,Río Negro,31-60,WhatsApp,False,53.8,-0.11,objecion,4,No contacto,93280.0,0.0
GE-0004091,G02,Gestor 02,2026-04,KB-104200,Retail,Préstamo personal,Canelones,91-180,Llamada,False,55.8,-0.129,ansiedad,3,No contacto,33610.0,0.0
GE-0004092,G02,Gestor 02,2026-04,KB-111224,Pyme,Tarjeta de crédito,Montevideo,1-30,WhatsApp,False,35.5,-0.173,neutro,2,Promesa,96330.0,36016.0
GE-0004093,G02,Gestor 02,2026-04,KB-101715,Retail,Préstamo personal,Montevideo,1-30,Llamada,False,43.8,0.299,intencion_pago,3,No contacto,17340.0,0.0
GE-0004094,G02,Gestor 02,2026-04,KB-102548,Retail,Financiación retail,Rivera,91-180,Llamada,False,56.0,-0.285,ansiedad,3,Promesa,30490.0,16648.0
GE-0004095,G02,Gestor 02,2026-04,KB-101088,Pyme,Préstamo personal,Montevideo,31-60,WhatsApp,False,53.8,-0.134,neutro,3,Pago,109790.0,105989.0
GE-0004096,G02,Gestor 02,2026-04,KB-103099,Pyme,Tarjeta de crédito,Paysandú,1-30,Llamada,False,58.4,0.152,neutro,4,Pago,15970.0,10627.0
GE-0004097,G02,Gestor 02,2026-04,KB-101209,Retail,Financiación retail,San José,91-180,WhatsApp,False,61.4,-0.493,dificultad_economica,2,No contacto,62070.0,0.0
GE-0004098,G02,Gestor 02,2026-04,KB-101531,Retail,Tarjeta de crédito,Colonia,31-60,Llamada,False,55.5,-0.181,frustracion,3,Sin acuerdo,6750.0,0.0
GE-0004099,G02,Gestor 02,2026-04,KB-103826,Retail,Tarjeta de crédito,Florida,180+,WhatsApp,False,44.6,-0.474,frustracion,2,No contacto,80590.0,0.0
GE-0004100,G02,Gestor 02,2026-04,KB-111758,Corporativo,Tarjeta de crédito,Montevideo,31-60,Llamada,False,52.0,-0.261,ansiedad,3,No contacto,292030.0,0.0
GE-0004101,G02,Gestor 02,2026-04,KB-105968,Pyme,Financiación retail,Montevideo,1-30,WhatsApp,False,53.6,0.371,intencion_pago,3,Promesa,198040.0,116298.0
GE-0004102,G02,Gestor 02,2026-04,KB-106102,Retail,Préstamo personal,Maldonado,1-30,WhatsApp,False,48.5,-0.13,neutro,2,Promesa,8360.0,4718.0
GE-0004103,G02,Gestor 02,2026-04,KB-102610,Retail,Préstamo personal,Canelones,31-60,Llamada,False,48.8,-0.377,ansiedad,2,Pago,20200.0,16895.0
GE-0004104,G02,Gestor 02,2026-04,KB-111270,Corporativo,Préstamo personal,Cerro Largo,31-60,Llamada,False,42.0,0.319,intencion_pago,2,Promesa,570650.0,338509.0
GE-0004105,G02,Gestor 02,2026-04,KB-107006,Retail,Microcrédito,Montevideo,31-60,Llamada,False,43.6,-0.364,ansiedad,3,No contacto,53510.0,0.0
GE-0004106,G02,Gestor 02,2026-04,KB-102049,Pyme,Tarjeta de crédito,Montevideo,1-30,Llamada,False,58.4,0.392,neutro,3,Promesa,130040.0,54300.0
GE-0004107,G02,Gestor 02,2026-04,KB-107160,Pyme,Tarjeta de crédito,Montevideo,61-90,Llamada,False,57.7,-0.052,objecion,4,Pago,135180.0,83463.0
GE-0004108,G02,Gestor 02,2026-04,KB-107262,Retail,Préstamo personal,Montevideo,31-60,WhatsApp,False,69.5,-0.256,frustracion,4,Pago,29150.0,25240.0
GE-0004109,G02,Gestor 02,2026-04,KB-107061,Retail,Tarjeta de crédito,Colonia,91-180,Llamada,False,51.1,-0.261,frustracion,4,Pago,55400.0,41794.0
GE-0004110,G02,Gestor 02,2026-04,KB-101755,Retail,Tarjeta de crédito,Salto,91-180,Llamada,False,52.6,-0.078,objecion,1,Promesa,25380.0,11151.0
GE-0004111,G02,Gestor 02,2026-04,KB-102878,Retail,Microcrédito,Colonia,61-90,Llamada,False,53.3,-0.58,enojo,4,Pago,46500.0,32513.0
GE-0004112,G02,Gestor 02,2026-04,KB-110044,Retail,Tarjeta de crédito,Montevideo,91-180,Llamada,False,74.2,0.214,neutro,4,Sin acuerdo,117060.0,0.0
GE-0004113,G02,Gestor 02,2026-04,KB-107995,Retail,Préstamo personal,Colonia,1-30,Llamada,False,57.4,0.36,intencion_pago,2,Pago,60190.0,50455.0
GE-0004114,G02,Gestor 02,2026-04,KB-104300,Retail,Tarjeta de crédito,Durazno,1-30,Llamada,False,54.5,0.187,neutro,1,Promesa,9560.0,4196.0
GE-0004115,G02,Gestor 02,2026-04,KB-104477,Retail,Tarjeta de crédito,Canelones,91-180,Llamada,False,62.3,0.027,objecion,3,Promesa,8010.0,3453.0
GE-0004116,G02,Gestor 02,2026-04,KB-106239,Retail,Crédito automotor,Montevideo,31-60,WhatsApp,False,55.9,-0.18,ansiedad,4,Pago,13620.0,12997.0
GE-0004117,G02,Gestor 02,2026-04,KB-104328,Retail,Microcrédito,Montevideo,180+,Llamada,False,54.2,-0.677,enojo,2,No contacto,173680.0,0.0
GE-0004118,G02,Gestor 02,2026-04,KB-109470,Corporativo,Préstamo personal,Trinidad,1-30,WhatsApp,False,72.1,0.076,neutro,4,Promesa,419820.0,168561.0
GE-0004119,G02,Gestor 02,2026-04,KB-101014,Pyme,Tarjeta de crédito,Salto,1-30,Llamada,False,43.3,0.46,intencion_pago,3,No contacto,387610.0,0.0
GE-0004120,G02,Gestor 02,2026-04,KB-109694,Retail,Tarjeta de crédito,Cerro Largo,61-90,WhatsApp,False,56.8,0.068,neutro,4,Sin acuerdo,106360.0,0.0
GE-0004121,G02,Gestor 02,2026-04,KB-110845,Pyme,Tarjeta de crédito,Montevideo,1-30,WhatsApp,False,50.0,0.665,intencion_pago,1,Pago,121110.0,114540.0
GE-0004122,G02,Gestor 02,2026-04,KB-100550,Retail,Tarjeta de crédito,Canelones,1-30,Llamada,False,56.7,-0.244,ansiedad,3,Sin acuerdo,54480.0,0.0
GE-0004123,G02,Gestor 02,2026-04,KB-105274,Corporativo,Tarjeta de crédito,Canelones,31-60,Llamada,False,41.9,0.005,neutro,4,Pago,927980.0,829743.0
GE-0004124,G03,Gestor 03,2026-04,KB-109739,Retail,Microcrédito,Montevideo,31-60,Llamada,True,86.9,-0.28,frustracion,4,Promesa,27050.0,15454.0
GE-0004125,G03,Gestor 03,2026-04,KB-105658,Retail,Tarjeta de crédito,Tacuarembó,31-60,WhatsApp,True,70.5,0.061,neutro,4,Sin acuerdo,52530.0,0.0
GE-0004126,G03,Gestor 03,2026-04,KB-100990,Pyme,Cuenta corriente,San José,1-30,Llamada,True,71.4,-0.089,neutro,4,Promesa,112260.0,37478.0
GE-0004127,G03,Gestor 03,2026-04,KB-100673,Pyme,Tarjeta de crédito,Montevideo,31-60,Llamada,True,65.8,0.043,neutro,4,Pago,48310.0,42885.0
GE-0004128,G03,Gestor 03,2026-04,KB-105820,Retail,Tarjeta de crédito,Salto,1-30,Llamada,True,75.9,-0.057,ansiedad,4,No contacto,15070.0,0.0
GE-0004129,G03,Gestor 03,2026-04,KB-111963,Retail,Crédito automotor,Colonia,1-30,Llamada,True,81.3,0.181,neutro,6,Pago,62510.0,51687.0
GE-0004130,G03,Gestor 03,2026-04,KB-102835,Retail,Tarjeta de crédito,Montevideo,91-180,Llamada,True,65.5,-0.196,frustracion,2,Pago,32660.0,21207.0
GE-0004131,G03,Gestor 03,2026-04,KB-102127,Retail,Crédito automotor,Rocha,1-30,WhatsApp,True,73.5,0.757,intencion_pago,4,Promesa,21380.0,11665.0
GE-0004132,G03,Gestor 03,2026-04,KB-108967,Retail,Cuenta corriente,Paysandú,91-180,Llamada,True,83.8,-0.44,frustracion,3,Pago,20030.0,14886.0
GE-0004133,G03,Gestor 03,2026-04,KB-109572,Corporativo,Microcrédito,Cerro Largo,91-180,WhatsApp,True,88.0,-0.153,dificultad_economica,4,Pago,671000.0,437207.0
GE-0004134,G03,Gestor 03,2026-04,KB-108550,Retail,Préstamo personal,Florida,1-30,WhatsApp,True,83.3,0.315,neutro,5,Pago,54370.0,35422.0
GE-0004135,G03,Gestor 03,2026-04,KB-104017,Pyme,Cuenta corriente,Rocha,61-90,Llamada,True,83.1,-0.256,frustracion,6,Pago,271300.0,216404.0
GE-0004136,G03,Gestor 03,2026-04,KB-108973,Retail,Cuenta corriente,Durazno,31-60,Llamada,True,74.3,-0.352,frustracion,5,No contacto,18290.0,0.0
GE-0004137,G03,Gestor 03,2026-04,KB-105905,Pyme,Préstamo personal,Montevideo,91-180,Llamada,True,74.3,-0.251,dificultad_economica,3,Promesa,106630.0,56486.0
GE-0004138,G03,Gestor 03,2026-04,KB-109852,Pyme,Crédito automotor,Montevideo,1-30,Llamada,True,83.3,0.088,neutro,4,Pago,102850.0,101303.0
GE-0004139,G03,Gestor 03,2026-04,KB-106756,Retail,Tarjeta de crédito,Soriano,1-30,WhatsApp,True,88.3,0.854,intencion_pago,7,Pago,37430.0,25166.0
GE-0004140,G03,Gestor 03,2026-04,KB-103906,Retail,Cuenta corriente,Salto,91-180,WhatsApp,True,93.7,-0.055,objecion,4,Promesa,49640.0,20221.0
GE-0004141,G03,Gestor 03,2026-04,KB-102580,Corporativo,Tarjeta de crédito,San José,1-30,WhatsApp,True,67.6,-0.056,neutro,4,Promesa,452140.0,205690.0
GE-0004142,G03,Gestor 03,2026-04,KB-103817,Pyme,Financiación retail,Montevideo,1-30,Llamada,True,82.8,0.733,intencion_pago,5,Promesa,113380.0,67089.0
GE-0004143,G03,Gestor 03,2026-04,KB-110325,Retail,Tarjeta de crédito,Montevideo,61-90,Llamada,True,83.2,-0.438,enojo,4,Promesa,96080.0,40718.0
GE-0004144,G03,Gestor 03,2026-04,KB-100513,Retail,Tarjeta de crédito,Trinidad,91-180,Llamada,True,80.6,-0.179,dificultad_economica,3,Promesa,8100.0,3125.0
GE-0004145,G03,Gestor 03,2026-04,KB-100545,Retail,Cuenta corriente,Montevideo,61-90,Llamada,True,70.5,-0.135,dificultad_economica,4,No contacto,23650.0,0.0
GE-0004146,G03,Gestor 03,2026-04,KB-107978,Corporativo,Microcrédito,Montevideo,31-60,WhatsApp,True,90.9,0.125,objecion,7,Pago,1027620.0,747180.0
GE-0004147,G03,Gestor 03,2026-04,KB-105203,Pyme,Cuenta corriente,Montevideo,1-30,WhatsApp,True,82.1,0.893,intencion_pago,3,Promesa,168590.0,100113.0
GE-0004148,G03,Gestor 03,2026-04,KB-108595,Retail,Préstamo personal,San José,31-60,WhatsApp,True,93.0,0.267,neutro,6,Pago,57010.0,51539.0
GE-0004149,G03,Gestor 03,2026-04,KB-103389,Retail,Tarjeta de crédito,Salto,31-60,Llamada,True,90.4,-0.003,objecion,5,Sin acuerdo,46050.0,0.0
GE-0004150,G03,Gestor 03,2026-04,KB-104632,Pyme,Financiación retail,Montevideo,1-30,WhatsApp,True,74.8,0.394,intencion_pago,4,Promesa,266330.0,126741.0
GE-0004151,G03,Gestor 03,2026-04,KB-111131,Retail,Préstamo personal,Montevideo,91-180,Llamada,True,84.7,-0.016,dificultad_economica,4,Promesa,34960.0,12001.0
GE-0004152,G03,Gestor 03,2026-04,KB-109145,Retail,Préstamo personal,Rocha,31-60,WhatsApp,True,81.5,0.638,intencion_pago,4,Promesa,13630.0,6288.0
GE-0004153,G03,Gestor 03,2026-04,KB-109491,Retail,Préstamo personal,Maldonado,1-30,WhatsApp,True,74.3,-0.353,frustracion,5,Pago,20840.0,20188.0
GE-0004154,G03,Gestor 03,2026-04,KB-100635,Corporativo,Financiación retail,Montevideo,1-30,WhatsApp,True,84.4,0.668,intencion_pago,4,Pago,3335570.0,2597067.0
GE-0004155,G03,Gestor 03,2026-04,KB-110587,Retail,Préstamo personal,Maldonado,31-60,WhatsApp,True,81.9,0.163,objecion,6,Promesa,71260.0,28186.0
GE-0004156,G03,Gestor 03,2026-04,KB-109483,Retail,Microcrédito,Canelones,1-30,Llamada,True,78.6,0.544,intencion_pago,4,Promesa,96650.0,46320.0
GE-0004157,G03,Gestor 03,2026-04,KB-106964,Corporativo,Préstamo personal,Montevideo,31-60,WhatsApp,True,87.8,-0.088,ansiedad,6,Sin acuerdo,1581780.0,0.0
GE-0004158,G03,Gestor 03,2026-04,KB-102312,Retail,Préstamo personal,Colonia,31-60,WhatsApp,True,94.8,-0.266,ansiedad,5,Pago,7820.0,7581.0
GE-0004159,G03,Gestor 03,2026-04,KB-107376,Pyme,Crédito automotor,Canelones,31-60,Llamada,True,84.0,0.69,intencion_pago,3,Promesa,83560.0,34419.0
GE-0004160,G03,Gestor 03,2026-04,KB-103064,Pyme,Financiación retail,Canelones,61-90,Llamada,True,89.6,-0.068,frustracion,4,No contacto,135590.0,0.0
GE-0004161,G03,Gestor 03,2026-04,KB-102224,Retail,Crédito automotor,Paysandú,180+,Llamada,True,64.7,-0.128,dificultad_economica,4,Sin acuerdo,10210.0,0.0
GE-0004162,G03,Gestor 03,2026-04,KB-110386,Retail,Financiación retail,Tacuarembó,1-30,Llamada,True,72.5,0.124,neutro,3,Sin acuerdo,17880.0,0.0
GE-0004163,G04,Gestor 04,2026-04,KB-111807,Corporativo,Préstamo personal,Montevideo,1-30,WhatsApp,True,76.7,0.499,intencion_pago,6,Pago,305620.0,262862.0
GE-0004164,G04,Gestor 04,2026-04,KB-107656,Pyme,Crédito automotor,Soriano,61-90,Llamada,True,72.5,-0.506,enojo,5,No contacto,717840.0,0.0
GE-0004165,G04,Gestor 04,2026-04,KB-110084,Retail,Microcrédito,Montevideo,31-60,Llamada,True,76.5,0.506,intencion_pago,2,Promesa,54410.0,24090.0
GE-0004166,G04,Gestor 04,2026-04,KB-110634,Retail,Tarjeta de crédito,Salto,1-30,WhatsApp,True,85.5,-0.217,objecion,3,Pago,12130.0,10628.0
GE-0004167,G04,Gestor 04,2026-04,KB-105704,Retail,Tarjeta de crédito,Paysandú,1-30,Llamada,True,74.5,0.092,neutro,6,Promesa,40590.0,23809.0
GE-0004168,G04,Gestor 04,2026-04,KB-107298,Retail,Microcrédito,Canelones,1-30,WhatsApp,True,81.4,0.121,objecion,3,Promesa,26790.0,14834.0
GE-0004169,G04,Gestor 04,2026-04,KB-109101,Retail,Préstamo personal,Montevideo,1-30,Llamada,True,87.3,-0.241,frustracion,3,Promesa,43130.0,14445.0
GE-0004170,G04,Gestor 04,2026-04,KB-110233,Retail,Préstamo personal,Río Negro,31-60,WhatsApp,True,80.9,-0.263,ansiedad,3,Promesa,4230.0,2333.0
GE-0004171,G04,Gestor 04,2026-04,KB-105928,Retail,Préstamo personal,Tacuarembó,1-30,WhatsApp,True,85.3,0.266,neutro,6,Promesa,14870.0,8534.0
GE-0004172,G04,Gestor 04,2026-04,KB-107075,Retail,Cuenta corriente,Canelones,1-30,Llamada,True,79.1,0.616,intencion_pago,6,Pago,37810.0,30974.0
GE-0004173,G04,Gestor 04,2026-04,KB-107862,Retail,Tarjeta de crédito,Durazno,91-180,Llamada,True,77.1,-0.168,dificultad_economica,5,Promesa,7980.0,4475.0
GE-0004174,G04,Gestor 04,2026-04,KB-109605,Retail,Microcrédito,Montevideo,91-180,WhatsApp,True,100.0,-0.091,frustracion,3,Pago,29010.0,26410.0
GE-0004175,G04,Gestor 04,2026-04,KB-104954,Corporativo,Financiación retail,Artigas,31-60,Llamada,True,71.4,0.147,neutro,4,Sin acuerdo,229880.0,0.0
GE-0004176,G04,Gestor 04,2026-04,KB-105774,Retail,Tarjeta de crédito,Maldonado,31-60,Llamada,True,80.1,0.274,neutro,3,Promesa,18630.0,6967.0
GE-0004177,G04,Gestor 04,2026-04,KB-104542,Retail,Financiación retail,Montevideo,1-30,Llamada,True,80.9,0.256,neutro,4,Promesa,7380.0,4106.0
GE-0004178,G04,Gestor 04,2026-04,KB-111187,Retail,Tarjeta de crédito,Colonia,91-180,WhatsApp,True,79.3,-0.45,enojo,4,Pago,19130.0,11773.0
GE-0004179,G04,Gestor 04,2026-04,KB-104662,Retail,Microcrédito,Montevideo,31-60,Llamada,True,72.8,0.066,objecion,3,Sin acuerdo,50690.0,0.0
GE-0004180,G04,Gestor 04,2026-04,KB-105236,Retail,Préstamo personal,Canelones,1-30,Llamada,True,82.2,0.762,intencion_pago,4,Pago,72950.0,69183.0
GE-0004181,G04,Gestor 04,2026-04,KB-110326,Retail,Tarjeta de crédito,Montevideo,31-60,Llamada,True,62.5,0.086,neutro,3,Pago,52840.0,52412.0
GE-0004182,G04,Gestor 04,2026-04,KB-110064,Retail,Cuenta corriente,Montevideo,1-30,Llamada,True,78.2,0.351,intencion_pago,4,Pago,21360.0,18833.0
GE-0004183,G04,Gestor 04,2026-04,KB-104854,Corporativo,Crédito automotor,Canelones,61-90,WhatsApp,True,63.3,-0.029,dificultad_economica,3,Pago,820590.0,583711.0
GE-0004184,G04,Gestor 04,2026-04,KB-103712,Retail,Préstamo personal,Montevideo,61-90,Llamada,True,84.8,-0.597,enojo,5,No contacto,60180.0,0.0
GE-0004185,G04,Gestor 04,2026-04,KB-111943,Pyme,Tarjeta de crédito,Montevideo,1-30,WhatsApp,True,77.6,-0.075,objecion,5,Promesa,65240.0,22355.0
GE-0004186,G04,Gestor 04,2026-04,KB-109689,Corporativo,Tarjeta de crédito,Maldonado,61-90,WhatsApp,True,78.0,0.178,ansiedad,3,Sin acuerdo,208160.0,0.0
GE-0004187,G04,Gestor 04,2026-04,KB-103848,Retail,Microcrédito,San José,91-180,Llamada,True,93.1,-0.234,frustracion,6,Pago,21340.0,17244.0
GE-0004188,G04,Gestor 04,2026-04,KB-104768,Retail,Cuenta corriente,Montevideo,1-30,Llamada,True,92.2,-0.09,ansiedad,4,Pago,18280.0,15061.0
GE-0004189,G04,Gestor 04,2026-04,KB-106365,Retail,Microcrédito,Montevideo,180+,Llamada,True,78.0,-0.249,frustracion,3,Promesa,87170.0,26227.0
GE-0004190,G04,Gestor 04,2026-04,KB-100366,Pyme,Financiación retail,Tacuarembó,91-180,Llamada,True,76.2,-0.489,enojo,4,Sin acuerdo,102420.0,0.0
GE-0004191,G04,Gestor 04,2026-04,KB-110615,Retail,Préstamo personal,Maldonado,91-180,Llamada,True,86.7,-0.202,ansiedad,5,Pago,21570.0,13366.0
GE-0004192,G04,Gestor 04,2026-04,KB-107042,Retail,Préstamo personal,Montevideo,1-30,Llamada,True,68.4,0.057,neutro,4,Pago,37540.0,33297.0
GE-0004193,G04,Gestor 04,2026-04,KB-111922,Corporativo,Crédito automotor,Rocha,31-60,WhatsApp,True,79.9,0.802,intencion_pago,3,Pago,332180.0,285541.0
GE-0004194,G04,Gestor 04,2026-04,KB-111113,Retail,Financiación retail,Montevideo,91-180,WhatsApp,True,85.5,-0.442,enojo,3,Promesa,35830.0,15534.0
GE-0004195,G04,Gestor 04,2026-04,KB-109516,Pyme,Cuenta corriente,Montevideo,180+,Llamada,True,84.8,-0.256,frustracion,5,Pago,363960.0,270407.0
GE-0004196,G04,Gestor 04,2026-04,KB-110052,Retail,Tarjeta de crédito,Salto,31-60,Llamada,True,79.1,0.545,intencion_pago,4,Pago,25070.0,16232.0
GE-0004197,G04,Gestor 04,2026-04,KB-100437,Retail,Crédito automotor,Montevideo,91-180,WhatsApp,True,81.4,-0.192,dificultad_economica,4,Sin acuerdo,14770.0,0.0
GE-0004198,G04,Gestor 04,2026-04,KB-104583,Retail,Préstamo personal,Durazno,31-60,WhatsApp,True,69.7,0.763,intencion_pago,5,Promesa,15130.0,8390.0
GE-0004199,G04,Gestor 04,2026-04,KB-100201,Corporativo,Tarjeta de crédito,Montevideo,31-60,WhatsApp,True,80.5,-0.252,frustracion,4,Sin acuerdo,437370.0,0.0
GE-0004200,G04,Gestor 04,2026-04,KB-100917,Pyme,Tarjeta de crédito,Tacuarembó,1-30,Llamada,True,71.8,0.092,neutro,2,Promesa,20010.0,9557.0
GE-0004201,G04,Gestor 04,2026-04,KB-111189,Retail,Tarjeta de crédito,Trinidad,180+,WhatsApp,True,87.8,-0.111,objecion,4,Sin acuerdo,14330.0,0.0
GE-0004202,G04,Gestor 04,2026-04,KB-106084,Retail,Cuenta corriente,Soriano,31-60,WhatsApp,True,67.3,-0.021,neutro,3,No contacto,24170.0,0.0
GE-0004203,G04,Gestor 04,2026-04,KB-105575,Retail,Préstamo personal,Canelones,61-90,Llamada,True,83.4,0.069,neutro,4,Sin acuerdo,21570.0,0.0
GE-0004204,G04,Gestor 04,2026-04,KB-101593,Pyme,Préstamo personal,Montevideo,91-180,WhatsApp,True,89.3,0.114,neutro,3,Pago,93350.0,86243.0
GE-0004205,G04,Gestor 04,2026-04,KB-103463,Retail,Cuenta corriente,Florida,1-30,WhatsApp,True,65.9,0.432,intencion_pago,4,Promesa,36430.0,16128.0
GE-0004206,G04,Gestor 04,2026-04,KB-106923,Pyme,Microcrédito,Canelones,1-30,WhatsApp,True,82.2,0.11,neutro,3,Pago,66000.0,65029.0
GE-0004207,G04,Gestor 04,2026-04,KB-111654,Pyme,Préstamo personal,Montevideo,91-180,WhatsApp,True,86.3,-0.096,ansiedad,6,Pago,53960.0,39793.0
GE-0004208,G04,Gestor 04,2026-04,KB-110465,Pyme,Préstamo personal,Rivera,1-30,Llamada,True,76.1,0.123,neutro,4,Promesa,1045370.0,482701.0
GE-0004209,G04,Gestor 04,2026-04,KB-111849,Retail,Préstamo personal,Montevideo,180+,WhatsApp,True,76.6,-0.312,frustracion,4,No contacto,22250.0,0.0
GE-0004210,G05,Gestor 05,2026-04,KB-102259,Retail,Préstamo personal,Soriano,61-90,Llamada,True,55.4,-0.289,dificultad_economica,3,Sin acuerdo,19550.0,0.0
GE-0004211,G05,Gestor 05,2026-04,KB-111569,Retail,Préstamo personal,Maldonado,61-90,Llamada,True,55.5,-0.084,objecion,2,Sin acuerdo,61430.0,0.0
GE-0004212,G05,Gestor 05,2026-04,KB-100913,Retail,Préstamo personal,Montevideo,61-90,WhatsApp,True,50.0,-0.428,dificultad_economica,1,Promesa,78910.0,36261.0
GE-0004213,G05,Gestor 05,2026-04,KB-109626,Retail,Financiación retail,Canelones,91-180,Llamada,True,67.2,-0.17,dificultad_economica,3,Promesa,32150.0,10732.0
GE-0004214,G05,Gestor 05,2026-04,KB-107947,Pyme,Préstamo personal,Flores,31-60,WhatsApp,True,52.2,-0.243,objecion,3,Pago,284450.0,219062.0
GE-0004215,G05,Gestor 05,2026-04,KB-106942,Retail,Tarjeta de crédito,Colonia,1-30,WhatsApp,True,51.4,0.436,intencion_pago,3,No contacto,17310.0,0.0
GE-0004216,G05,Gestor 05,2026-04,KB-110771,Corporativo,Préstamo personal,Montevideo,31-60,Llamada,True,45.5,0.152,neutro,2,No contacto,607470.0,0.0
GE-0004217,G05,Gestor 05,2026-04,KB-100558,Pyme,Préstamo personal,Canelones,31-60,Llamada,True,62.5,-0.687,enojo,3,Sin acuerdo,143460.0,0.0
GE-0004218,G05,Gestor 05,2026-04,KB-108835,Retail,Financiación retail,Durazno,31-60,WhatsApp,True,51.9,-0.13,ansiedad,4,Pago,33200.0,21675.0
GE-0004219,G05,Gestor 05,2026-04,KB-101930,Retail,Microcrédito,Trinidad,91-180,Llamada,True,49.2,-0.131,ansiedad,1,Promesa,6720.0,3398.0
GE-0004220,G05,Gestor 05,2026-04,KB-110785,Pyme,Microcrédito,Montevideo,91-180,WhatsApp,True,57.0,-0.473,dificultad_economica,4,Pago,48290.0,30395.0
GE-0004221,G05,Gestor 05,2026-04,KB-106490,Pyme,Tarjeta de crédito,Montevideo,1-30,WhatsApp,True,59.2,-0.154,objecion,3,Sin acuerdo,154860.0,0.0
GE-0004222,G05,Gestor 05,2026-04,KB-100574,Retail,Crédito automotor,Montevideo,180+,Llamada,True,55.3,-0.377,frustracion,5,Sin acuerdo,24610.0,0.0
GE-0004223,G05,Gestor 05,2026-04,KB-103403,Retail,Microcrédito,Rocha,91-180,WhatsApp,True,71.3,-0.101,dificultad_economica,3,Promesa,34890.0,17264.0
GE-0004224,G05,Gestor 05,2026-04,KB-104460,Retail,Microcrédito,Montevideo,31-60,Llamada,True,63.5,0.301,intencion_pago,4,Pago,21750.0,16353.0
GE-0004225,G05,Gestor 05,2026-04,KB-100868,Retail,Financiación retail,Montevideo,91-180,Llamada,True,53.1,-0.816,enojo,3,Promesa,53870.0,22165.0
GE-0004226,G05,Gestor 05,2026-04,KB-100256,Retail,Financiación retail,Canelones,1-30,Llamada,True,52.5,0.318,intencion_pago,2,Sin acuerdo,39610.0,0.0
GE-0004227,G05,Gestor 05,2026-04,KB-105369,Retail,Préstamo personal,Montevideo,91-180,WhatsApp,True,47.1,-0.192,ansiedad,3,Sin acuerdo,69740.0,0.0
GE-0004228,G05,Gestor 05,2026-04,KB-104505,Retail,Préstamo personal,Montevideo,31-60,Llamada,True,53.8,0.57,intencion_pago,3,Promesa,7310.0,4174.0
GE-0004229,G05,Gestor 05,2026-04,KB-110865,Retail,Tarjeta de crédito,Montevideo,180+,Llamada,True,42.4,-0.825,enojo,1,Sin acuerdo,22760.0,0.0
GE-0004230,G05,Gestor 05,2026-04,KB-101001,Retail,Préstamo personal,Montevideo,91-180,Llamada,True,49.2,-0.21,objecion,3,Sin acuerdo,28520.0,0.0
GE-0004231,G05,Gestor 05,2026-04,KB-102257,Retail,Financiación retail,San José,180+,WhatsApp,True,52.0,-0.576,enojo,3,No contacto,20250.0,0.0
GE-0004232,G05,Gestor 05,2026-04,KB-100477,Corporativo,Tarjeta de crédito,Lavalleja,180+,WhatsApp,True,58.7,-0.379,dificultad_economica,4,No contacto,170510.0,0.0
GE-0004233,G05,Gestor 05,2026-04,KB-108434,Retail,Microcrédito,Maldonado,1-30,Llamada,True,49.2,-0.178,objecion,4,No contacto,17240.0,0.0
GE-0004234,G05,Gestor 05,2026-04,KB-100175,Retail,Préstamo personal,Florida,31-60,Llamada,True,81.4,-0.456,enojo,4,No contacto,24060.0,0.0
GE-0004235,G05,Gestor 05,2026-04,KB-100337,Corporativo,Tarjeta de crédito,Soriano,91-180,Llamada,True,57.0,-0.212,ansiedad,3,Promesa,562980.0,311211.0
GE-0004236,G05,Gestor 05,2026-04,KB-103712,Retail,Préstamo personal,Montevideo,61-90,Llamada,True,51.1,0.049,neutro,3,Promesa,60180.0,22178.0
GE-0004237,G05,Gestor 05,2026-04,KB-101944,Retail,Préstamo personal,Montevideo,91-180,Llamada,True,57.2,-0.4,dificultad_economica,2,Promesa,21090.0,7847.0
GE-0004238,G05,Gestor 05,2026-04,KB-107344,Retail,Financiación retail,Montevideo,31-60,WhatsApp,True,56.1,0.496,intencion_pago,2,Promesa,22230.0,12393.0
GE-0004239,G05,Gestor 05,2026-04,KB-106700,Corporativo,Préstamo personal,Montevideo,1-30,WhatsApp,True,44.5,-0.515,enojo,2,Promesa,438630.0,212926.0
GE-0004240,G05,Gestor 05,2026-04,KB-103189,Retail,Préstamo personal,Salto,31-60,WhatsApp,True,50.8,-0.076,neutro,2,Promesa,19480.0,8965.0
GE-0004241,G05,Gestor 05,2026-04,KB-101514,Retail,Cuenta corriente,Rocha,1-30,WhatsApp,True,64.3,0.001,ansiedad,3,Pago,9800.0,9444.0
GE-0004242,G05,Gestor 05,2026-04,KB-106186,Pyme,Préstamo personal,Paysandú,91-180,Llamada,True,61.5,0.117,neutro,5,Promesa,63780.0,20729.0
GE-0004243,G05,Gestor 05,2026-04,KB-104206,Corporativo,Tarjeta de crédito,Montevideo,91-180,WhatsApp,True,48.5,-0.125,objecion,2,Pago,190060.0,174760.0
GE-0004244,G05,Gestor 05,2026-04,KB-109446,Corporativo,Tarjeta de crédito,Montevideo,1-30,Llamada,True,58.6,0.355,intencion_pago,1,Promesa,2682620.0,1594036.0
GE-0004245,G05,Gestor 05,2026-04,KB-108593,Retail,Préstamo personal,Montevideo,61-90,Llamada,True,49.1,-0.022,neutro,2,Promesa,65580.0,36376.0
GE-0004246,G05,Gestor 05,2026-04,KB-111571,Pyme,Cuenta corriente,Montevideo,31-60,WhatsApp,True,65.5,0.448,intencion_pago,4,Pago,214550.0,202901.0
GE-0004247,G05,Gestor 05,2026-04,KB-110248,Retail,Tarjeta de crédito,Montevideo,91-180,WhatsApp,True,70.1,-0.079,objecion,4,Promesa,18860.0,9020.0
GE-0004248,G05,Gestor 05,2026-04,KB-107411,Retail,Préstamo personal,Montevideo,31-60,Llamada,True,77.1,-0.399,ansiedad,2,Promesa,18330.0,8490.0
GE-0004249,G05,Gestor 05,2026-04,KB-107601,Corporativo,Cuenta corriente,Rocha,1-30,Llamada,True,60.2,-0.543,frustracion,2,Sin acuerdo,1729470.0,0.0
GE-0004250,G05,Gestor 05,2026-04,KB-106095,Retail,Crédito automotor,Colonia,1-30,WhatsApp,True,64.2,0.481,intencion_pago,2,Promesa,54690.0,30212.0
GE-0004251,G05,Gestor 05,2026-04,KB-108392,Retail,Tarjeta de crédito,Montevideo,31-60,WhatsApp,True,43.7,-0.388,ansiedad,1,Sin acuerdo,21480.0,0.0
GE-0004252,G05,Gestor 05,2026-04,KB-104356,Corporativo,Tarjeta de crédito,Salto,1-30,Llamada,True,67.7,0.494,intencion_pago,4,Promesa,1384660.0,802982.0
GE-0004253,G06,Gestor 06,2026-04,KB-104832,Pyme,Préstamo personal,Montevideo,1-30,WhatsApp,True,60.4,0.602,intencion_pago,3,Sin acuerdo,90750.0,0.0
GE-0004254,G06,Gestor 06,2026-04,KB-102854,Retail,Préstamo personal,Montevideo,91-180,Llamada,True,70.2,-0.06,frustracion,3,Promesa,59370.0,29933.0
GE-0004255,G06,Gestor 06,2026-04,KB-109248,Pyme,Financiación retail,Tacuarembó,61-90,Llamada,True,62.7,0.012,objecion,3,Pago,116860.0,101670.0
GE-0004256,G06,Gestor 06,2026-04,KB-109264,Retail,Cuenta corriente,Montevideo,1-30,Llamada,True,52.3,0.068,neutro,3,Promesa,50760.0,27842.0
GE-0004257,G06,Gestor 06,2026-04,KB-106863,Retail,Microcrédito,San José,61-90,WhatsApp,True,68.0,-0.156,ansiedad,5,Pago,8090.0,7220.0
GE-0004258,G06,Gestor 06,2026-04,KB-106828,Retail,Tarjeta de crédito,Montevideo,1-30,Llamada,True,62.9,0.616,intencion_pago,3,Pago,23860.0,21138.0
GE-0004259,G06,Gestor 06,2026-04,KB-102090,Retail,Microcrédito,Montevideo,91-180,Llamada,True,65.7,-0.148,ansiedad,4,Promesa,47270.0,18352.0
GE-0004260,G06,Gestor 06,2026-04,KB-103264,Retail,Financiación retail,Montevideo,91-180,WhatsApp,True,61.8,-0.671,enojo,4,Promesa,61050.0,22990.0
GE-0004261,G06,Gestor 06,2026-04,KB-105349,Retail,Préstamo personal,Trinidad,61-90,WhatsApp,True,53.7,-0.272,objecion,1,No contacto,12470.0,0.0
GE-0004262,G06,Gestor 06,2026-04,KB-101187,Corporativo,Crédito automotor,Maldonado,1-30,Llamada,True,59.9,-0.42,frustracion,3,Promesa,528980.0,221315.0
GE-0004263,G06,Gestor 06,2026-04,KB-107504,Pyme,Tarjeta de crédito,Montevideo,31-60,Llamada,True,49.6,-0.293,objecion,3,No contacto,224280.0,0.0
GE-0004264,G06,Gestor 06,2026-04,KB-108378,Retail,Crédito automotor,Montevideo,1-30,WhatsApp,True,62.4,0.072,neutro,4,Pago,44460.0,40118.0
GE-0004265,G06,Gestor 06,2026-04,KB-103086,Retail,Crédito automotor,Canelones,61-90,WhatsApp,True,58.7,-0.416,frustracion,5,No contacto,33600.0,0.0
GE-0004266,G06,Gestor 06,2026-04,KB-107643,Retail,Tarjeta de crédito,Montevideo,91-180,WhatsApp,True,63.6,-0.155,ansiedad,3,Promesa,19640.0,11160.0
GE-0004267,G06,Gestor 06,2026-04,KB-102752,Pyme,Microcrédito,Salto,31-60,Llamada,True,43.5,0.36,intencion_pago,0,Pago,44850.0,41941.0
GE-0004268,G06,Gestor 06,2026-04,KB-108965,Retail,Crédito automotor,Paysandú,31-60,WhatsApp,True,59.9,0.597,intencion_pago,1,Promesa,23280.0,13179.0
GE-0004269,G06,Gestor 06,2026-04,KB-107893,Retail,Préstamo personal,Montevideo,91-180,WhatsApp,True,60.9,-0.627,frustracion,2,Sin acuerdo,60950.0,0.0
GE-0004270,G06,Gestor 06,2026-04,KB-111782,Pyme,Cuenta corriente,Canelones,180+,WhatsApp,True,76.9,-0.128,frustracion,3,Promesa,122380.0,70563.0
GE-0004271,G06,Gestor 06,2026-04,KB-100232,Retail,Financiación retail,Colonia,61-90,Llamada,True,60.1,-0.273,ansiedad,4,Promesa,55170.0,25986.0
GE-0004272,G06,Gestor 06,2026-04,KB-107906,Retail,Crédito automotor,San José,91-180,Llamada,True,38.0,-0.259,dificultad_economica,3,No contacto,91810.0,0.0
GE-0004273,G06,Gestor 06,2026-04,KB-109633,Retail,Tarjeta de crédito,Colonia,31-60,WhatsApp,True,72.5,0.483,intencion_pago,4,Pago,40040.0,37643.0
GE-0004274,G06,Gestor 06,2026-04,KB-111961,Pyme,Financiación retail,Colonia,31-60,WhatsApp,True,55.9,0.647,intencion_pago,3,Promesa,70270.0,36515.0
GE-0004275,G06,Gestor 06,2026-04,KB-104463,Pyme,Financiación retail,Colonia,1-30,Llamada,True,53.7,-0.485,ansiedad,5,Pago,75040.0,72943.0
GE-0004276,G06,Gestor 06,2026-04,KB-107577,Retail,Préstamo personal,San José,1-30,Llamada,True,43.6,0.407,intencion_pago,2,Promesa,21220.0,12523.0
GE-0004277,G06,Gestor 06,2026-04,KB-101791,Retail,Tarjeta de crédito,Montevideo,1-30,Llamada,True,55.3,-0.129,neutro,1,Sin acuerdo,109160.0,0.0
GE-0004278,G06,Gestor 06,2026-04,KB-103667,Pyme,Préstamo personal,Montevideo,61-90,Llamada,True,70.9,0.029,objecion,3,Pago,122270.0,78963.0
GE-0004279,G06,Gestor 06,2026-04,KB-104468,Pyme,Cuenta corriente,Artigas,1-30,WhatsApp,True,72.7,0.16,neutro,3,Sin acuerdo,62000.0,0.0
GE-0004280,G06,Gestor 06,2026-04,KB-100599,Retail,Préstamo personal,Montevideo,61-90,Llamada,True,64.1,-0.222,ansiedad,2,Pago,46810.0,44631.0
GE-0004281,G06,Gestor 06,2026-04,KB-103134,Retail,Crédito automotor,Cerro Largo,1-30,WhatsApp,True,69.0,0.71,intencion_pago,4,Pago,78830.0,53852.0
GE-0004282,G06,Gestor 06,2026-04,KB-104693,Pyme,Tarjeta de crédito,Canelones,31-60,Llamada,True,50.2,0.207,neutro,1,No contacto,170400.0,0.0
GE-0004283,G06,Gestor 06,2026-04,KB-109787,Retail,Préstamo personal,Cerro Largo,91-180,Llamada,True,59.8,0.082,objecion,3,Promesa,16050.0,9021.0
GE-0004284,G06,Gestor 06,2026-04,KB-104640,Corporativo,Microcrédito,Montevideo,1-30,Llamada,True,57.9,-0.053,objecion,5,Pago,568590.0,429713.0
GE-0004285,G06,Gestor 06,2026-04,KB-101552,Corporativo,Préstamo personal,Maldonado,31-60,WhatsApp,True,60.2,0.654,intencion_pago,5,Pago,380580.0,309821.0
GE-0004286,G06,Gestor 06,2026-04,KB-104756,Retail,Microcrédito,Salto,31-60,WhatsApp,True,64.3,-0.382,ansiedad,4,Sin acuerdo,66970.0,0.0
GE-0004287,G06,Gestor 06,2026-04,KB-105937,Pyme,Crédito automotor,Maldonado,91-180,Llamada,True,51.3,-0.425,frustracion,1,No contacto,102480.0,0.0
GE-0004288,G06,Gestor 06,2026-04,KB-104655,Pyme,Préstamo personal,Canelones,91-180,Llamada,True,64.8,-0.221,dificultad_economica,4,Pago,74390.0,59541.0
GE-0004289,G06,Gestor 06,2026-04,KB-106340,Retail,Crédito automotor,Durazno,61-90,Llamada,True,66.8,-0.498,enojo,3,Sin acuerdo,15360.0,0.0
GE-0004290,G06,Gestor 06,2026-04,KB-105588,Retail,Préstamo personal,Canelones,91-180,Llamada,True,66.6,-0.197,dificultad_economica,3,Pago,26800.0,16191.0
GE-0004291,G06,Gestor 06,2026-04,KB-109669,Retail,Cuenta corriente,Canelones,1-30,Llamada,True,59.1,-0.012,neutro,3,Pago,34470.0,21859.0
GE-0004292,G06,Gestor 06,2026-04,KB-109072,Pyme,Tarjeta de crédito,Montevideo,31-60,Llamada,True,52.1,-0.771,enojo,1,Promesa,167820.0,93097.0
GE-0004293,G06,Gestor 06,2026-04,KB-104080,Retail,Microcrédito,Montevideo,1-30,WhatsApp,True,58.5,0.055,neutro,4,Pago,15090.0,14513.0
GE-0004294,G07,Gestor 07,2026-04,KB-110292,Retail,Tarjeta de crédito,Montevideo,31-60,Llamada,True,63.4,0.529,intencion_pago,2,Sin acuerdo,18450.0,0.0
GE-0004295,G07,Gestor 07,2026-04,KB-107135,Pyme,Préstamo personal,Montevideo,1-30,WhatsApp,True,72.5,0.214,objecion,1,Promesa,93680.0,48151.0
GE-0004296,G07,Gestor 07,2026-04,KB-111354,Retail,Cuenta corriente,Tacuarembó,31-60,WhatsApp,True,72.8,0.162,objecion,2,Promesa,37640.0,20834.0
GE-0004297,G07,Gestor 07,2026-04,KB-109057,Pyme,Tarjeta de crédito,Montevideo,61-90,WhatsApp,True,64.6,0.019,neutro,4,Promesa,93860.0,28966.0
GE-0004298,G07,Gestor 07,2026-04,KB-107375,Pyme,Cuenta corriente,Salto,1-30,Llamada,True,74.8,0.295,neutro,3,Sin acuerdo,275410.0,0.0
GE-0004299,G07,Gestor 07,2026-04,KB-110864,Retail,Préstamo personal,Artigas,31-60,Llamada,True,76.1,0.203,neutro,4,Pago,32910.0,31107.0
GE-0004300,G07,Gestor 07,2026-04,KB-107018,Retail,Préstamo personal,Tacuarembó,1-30,WhatsApp,True,73.3,-0.141,objecion,3,Pago,44220.0,43699.0
GE-0004301,G07,Gestor 07,2026-04,KB-105273,Pyme,Tarjeta de crédito,Artigas,91-180,WhatsApp,True,85.7,-0.733,enojo,5,Sin acuerdo,87310.0,0.0
GE-0004302,G07,Gestor 07,2026-04,KB-104508,Retail,Préstamo personal,Montevideo,31-60,Llamada,True,73.3,-0.042,objecion,3,Promesa,65130.0,28552.0
GE-0004303,G07,Gestor 07,2026-04,KB-111753,Retail,Financiación retail,Maldonado,180+,WhatsApp,True,65.5,-0.239,frustracion,4,No contacto,43490.0,0.0
GE-0004304,G07,Gestor 07,2026-04,KB-103944,Pyme,Cuenta corriente,Montevideo,1-30,WhatsApp,True,69.0,-0.004,neutro,4,Pago,221430.0,205323.0
GE-0004305,G07,Gestor 07,2026-04,KB-103832,Retail,Crédito automotor,Montevideo,31-60,WhatsApp,True,83.0,0.439,intencion_pago,5,Pago,31160.0,28928.0
GE-0004306,G07,Gestor 07,2026-04,KB-106262,Pyme,Crédito automotor,Montevideo,31-60,Llamada,True,85.4,0.563,intencion_pago,5,Promesa,114290.0,37245.0
GE-0004307,G07,Gestor 07,2026-04,KB-105025,Retail,Tarjeta de crédito,Canelones,61-90,Llamada,True,65.5,-0.011,neutro,4,Promesa,28150.0,15190.0
GE-0004308,G07,Gestor 07,2026-04,KB-103548,Corporativo,Tarjeta de crédito,Montevideo,91-180,Llamada,True,76.9,-0.317,frustracion,5,Pago,169620.0,127226.0
GE-0004309,G07,Gestor 07,2026-04,KB-103244,Corporativo,Tarjeta de crédito,Canelones,31-60,Llamada,True,74.0,0.504,intencion_pago,4,Pago,93670.0,82245.0
GE-0004310,G07,Gestor 07,2026-04,KB-111186,Pyme,Préstamo personal,Montevideo,180+,WhatsApp,True,72.7,-0.117,ansiedad,3,Promesa,89570.0,37441.0
GE-0004311,G07,Gestor 07,2026-04,KB-109440,Retail,Financiación retail,Canelones,1-30,Llamada,True,80.1,0.779,intencion_pago,6,Promesa,60430.0,22229.0
GE-0004312,G07,Gestor 07,2026-04,KB-110752,Retail,Tarjeta de crédito,Montevideo,1-30,WhatsApp,True,78.4,-0.067,neutro,5,Sin acuerdo,104200.0,0.0
GE-0004313,G07,Gestor 07,2026-04,KB-107270,Retail,Préstamo personal,San José,31-60,WhatsApp,True,70.4,-0.046,objecion,4,Pago,14130.0,13677.0
GE-0004314,G07,Gestor 07,2026-04,KB-101857,Retail,Préstamo personal,Maldonado,31-60,WhatsApp,True,73.3,0.017,ansiedad,3,Pago,64870.0,61154.0
GE-0004315,G07,Gestor 07,2026-04,KB-104086,Pyme,Tarjeta de crédito,Montevideo,61-90,Llamada,True,85.1,-0.472,frustracion,5,Pago,58300.0,45059.0
GE-0004316,G07,Gestor 07,2026-04,KB-110790,Retail,Microcrédito,Montevideo,31-60,Llamada,True,75.0,-0.0,ansiedad,5,Promesa,6370.0,3399.0
GE-0004317,G07,Gestor 07,2026-04,KB-107789,Retail,Cuenta corriente,Montevideo,61-90,Llamada,True,71.3,0.075,neutro,4,Sin acuerdo,45570.0,0.0
GE-0004318,G07,Gestor 07,2026-04,KB-102677,Retail,Préstamo personal,Montevideo,61-90,Llamada,True,78.4,0.272,neutro,4,Promesa,33380.0,18231.0
GE-0004319,G07,Gestor 07,2026-04,KB-100567,Corporativo,Financiación retail,Montevideo,1-30,Llamada,True,83.1,0.602,intencion_pago,7,Promesa,1306570.0,568438.0
GE-0004320,G07,Gestor 07,2026-04,KB-101539,Corporativo,Crédito automotor,Montevideo,1-30,WhatsApp,True,59.7,0.422,intencion_pago,4,Promesa,269230.0,98029.0
GE-0004321,G07,Gestor 07,2026-04,KB-105125,Pyme,Crédito automotor,Montevideo,1-30,Llamada,True,69.4,-0.078,ansiedad,2,Promesa,417320.0,164874.0
GE-0004322,G07,Gestor 07,2026-04,KB-103867,Pyme,Crédito automotor,Canelones,1-30,WhatsApp,True,65.8,-0.216,frustracion,3,No contacto,81520.0,0.0
GE-0004323,G07,Gestor 07,2026-04,KB-109417,Retail,Microcrédito,Lavalleja,31-60,WhatsApp,True,66.3,-0.177,ansiedad,4,Promesa,11850.0,5089.0
GE-0004324,G07,Gestor 07,2026-04,KB-103222,Retail,Tarjeta de crédito,Montevideo,1-30,WhatsApp,True,71.2,0.575,intencion_pago,4,Sin acuerdo,20330.0,0.0
GE-0004325,G07,Gestor 07,2026-04,KB-107760,Pyme,Financiación retail,Montevideo,91-180,Llamada,True,79.6,-0.255,dificultad_economica,5,Pago,145740.0,101174.0
GE-0004326,G07,Gestor 07,2026-04,KB-104439,Pyme,Préstamo personal,Canelones,31-60,Llamada,True,63.2,-0.113,neutro,3,Promesa,109420.0,50278.0
GE-0004327,G07,Gestor 07,2026-04,KB-101633,Retail,Préstamo personal,Montevideo,31-60,WhatsApp,True,84.2,0.071,neutro,3,Promesa,10970.0,4918.0
GE-0004328,G07,Gestor 07,2026-04,KB-109642,Pyme,Tarjeta de crédito,Salto,1-30,WhatsApp,True,66.3,-0.149,neutro,4,Pago,55720.0,48899.0
GE-0004329,G07,Gestor 07,2026-04,KB-108352,Retail,Microcrédito,Montevideo,1-30,Llamada,True,74.8,-0.073,ansiedad,4,Promesa,18600.0,6281.0
GE-0004330,G07,Gestor 07,2026-04,KB-106246,Retail,Préstamo personal,Montevideo,1-30,Llamada,True,75.5,-0.009,neutro,5,Pago,51220.0,40737.0
GE-0004331,G07,Gestor 07,2026-04,KB-101705,Pyme,Cuenta corriente,Montevideo,91-180,Llamada,True,81.6,0.106,objecion,5,No contacto,49650.0,0.0
GE-0004332,G07,Gestor 07,2026-04,KB-100952,Retail,Préstamo personal,Colonia,91-180,Llamada,True,65.7,0.014,ansiedad,4,Promesa,89890.0,42353.0
GE-0004333,G07,Gestor 07,2026-04,KB-109233,Pyme,Tarjeta de crédito,Montevideo,91-180,WhatsApp,True,69.3,-0.58,enojo,3,Sin acuerdo,91090.0,0.0
GE-0004334,G07,Gestor 07,2026-04,KB-104682,Retail,Tarjeta de crédito,Canelones,61-90,WhatsApp,True,74.4,-0.312,dificultad_economica,6,Promesa,26080.0,14260.0
GE-0004335,G07,Gestor 07,2026-04,KB-107496,Pyme,Tarjeta de crédito,Montevideo,61-90,Llamada,True,88.8,-0.048,dificultad_economica,4,Pago,25210.0,16593.0
GE-0004336,G07,Gestor 07,2026-04,KB-110586,Pyme,Tarjeta de crédito,Montevideo,91-180,WhatsApp,True,82.5,-0.366,frustracion,4,Pago,61880.0,48561.0
GE-0004337,G07,Gestor 07,2026-04,KB-111031,Retail,Microcrédito,Montevideo,1-30,WhatsApp,True,69.7,0.33,intencion_pago,4,Pago,48350.0,41846.0
GE-0004338,G07,Gestor 07,2026-04,KB-109784,Pyme,Financiación retail,Maldonado,180+,Llamada,True,65.6,-0.19,dificultad_economica,3,Sin acuerdo,617710.0,0.0
GE-0004339,G07,Gestor 07,2026-04,KB-101155,Retail,Tarjeta de crédito,Montevideo,31-60,WhatsApp,True,72.0,0.222,neutro,4,Promesa,23380.0,13073.0
GE-0004340,G07,Gestor 07,2026-04,KB-110515,Retail,Préstamo personal,Montevideo,91-180,WhatsApp,True,82.2,-0.223,dificultad_economica,5,Pago,40020.0,37870.0
GE-0004341,G07,Gestor 07,2026-04,KB-100556,Retail,Préstamo personal,Colonia,1-30,Llamada,True,89.1,-0.224,frustracion,3,Sin acuerdo,53990.0,0.0
GE-0004342,G08,Gestor 08,2026-04,KB-103288,Pyme,Financiación retail,Maldonado,91-180,WhatsApp,True,66.4,-0.357,dificultad_economica,4,Sin acuerdo,65770.0,0.0
GE-0004343,G08,Gestor 08,2026-04,KB-108054,Retail,Financiación retail,Durazno,91-180,Llamada,True,76.0,-0.561,enojo,4,Pago,10030.0,9234.0
GE-0004344,G08,Gestor 08,2026-04,KB-104474,Retail,Microcrédito,Montevideo,1-30,WhatsApp,True,74.5,-0.005,objecion,4,Pago,17500.0,15743.0
GE-0004345,G08,Gestor 08,2026-04,KB-110294,Retail,Tarjeta de crédito,Canelones,31-60,WhatsApp,True,57.6,-0.494,enojo,2,Promesa,11530.0,5866.0
GE-0004346,G08,Gestor 08,2026-04,KB-111141,Retail,Préstamo personal,Colonia,31-60,WhatsApp,True,72.9,-0.108,ansiedad,3,Promesa,39640.0,17244.0
GE-0004347,G08,Gestor 08,2026-04,KB-104150,Retail,Financiación retail,Treinta y Tres,91-180,WhatsApp,True,66.2,-0.287,dificultad_economica,6,Sin acuerdo,30740.0,0.0
GE-0004348,G08,Gestor 08,2026-04,KB-103099,Pyme,Tarjeta de crédito,Paysandú,1-30,Llamada,True,70.1,0.34,intencion_pago,3,Sin acuerdo,15970.0,0.0
GE-0004349,G08,Gestor 08,2026-04,KB-101222,Retail,Tarjeta de crédito,Maldonado,61-90,WhatsApp,True,67.0,-0.456,frustracion,0,Promesa,9700.0,4632.0
GE-0004350,G08,Gestor 08,2026-04,KB-104417,Retail,Tarjeta de crédito,Rivera,31-60,WhatsApp,True,76.4,0.155,neutro,4,Sin acuerdo,31770.0,0.0
GE-0004351,G08,Gestor 08,2026-04,KB-100402,Pyme,Préstamo personal,Canelones,1-30,WhatsApp,True,67.3,-0.059,neutro,3,Promesa,249840.0,111388.0
GE-0004352,G08,Gestor 08,2026-04,KB-110075,Retail,Préstamo personal,Rocha,31-60,Llamada,True,67.8,-0.398,frustracion,1,Pago,4980.0,4873.0
GE-0004353,G08,Gestor 08,2026-04,KB-101075,Retail,Crédito automotor,Paysandú,61-90,WhatsApp,True,64.0,-0.124,dificultad_economica,4,Sin acuerdo,14430.0,0.0
GE-0004354,G08,Gestor 08,2026-04,KB-105702,Pyme,Tarjeta de crédito,San José,1-30,Llamada,True,71.9,0.605,intencion_pago,3,Pago,59060.0,57615.0
GE-0004355,G08,Gestor 08,2026-04,KB-102662,Retail,Cuenta corriente,Cerro Largo,91-180,WhatsApp,True,65.8,-0.401,frustracion,2,Pago,26940.0,17994.0
GE-0004356,G08,Gestor 08,2026-04,KB-106284,Retail,Microcrédito,Artigas,91-180,WhatsApp,True,65.8,0.071,objecion,3,No contacto,54940.0,0.0
GE-0004357,G08,Gestor 08,2026-04,KB-100138,Retail,Préstamo personal,Canelones,1-30,Llamada,True,73.3,0.608,intencion_pago,5,Promesa,26070.0,13920.0
GE-0004358,G08,Gestor 08,2026-04,KB-111863,Retail,Microcrédito,Montevideo,180+,Llamada,True,77.4,-0.309,frustracion,6,Promesa,37310.0,13558.0
GE-0004359,G08,Gestor 08,2026-04,KB-105484,Pyme,Préstamo personal,Paysandú,1-30,Llamada,True,66.2,0.171,neutro,5,Sin acuerdo,429640.0,0.0
GE-0004360,G08,Gestor 08,2026-04,KB-100296,Retail,Tarjeta de crédito,Montevideo,1-30,WhatsApp,True,68.5,0.599,intencion_pago,4,Pago,31920.0,24540.0
GE-0004361,G08,Gestor 08,2026-04,KB-101058,Corporativo,Crédito automotor,Montevideo,31-60,Llamada,True,84.2,0.31,neutro,3,Pago,822330.0,671314.0
GE-0004362,G08,Gestor 08,2026-04,KB-104701,Retail,Financiación retail,Montevideo,1-30,Llamada,True,77.5,0.49,intencion_pago,4,Promesa,22740.0,11079.0
GE-0004363,G08,Gestor 08,2026-04,KB-105673,Retail,Crédito automotor,Río Negro,1-30,WhatsApp,True,65.9,0.131,objecion,5,Pago,10280.0,8688.0
GE-0004364,G08,Gestor 08,2026-04,KB-110714,Retail,Préstamo personal,Maldonado,1-30,Llamada,True,78.1,0.12,neutro,4,Sin acuerdo,20880.0,0.0
GE-0004365,G08,Gestor 08,2026-04,KB-111213,Retail,Financiación retail,Montevideo,180+,Llamada,True,67.8,-0.11,objecion,2,Promesa,22270.0,7380.0
GE-0004366,G08,Gestor 08,2026-04,KB-108892,Retail,Tarjeta de crédito,Montevideo,31-60,WhatsApp,True,85.5,-0.519,enojo,5,Promesa,36400.0,19198.0
GE-0004367,G08,Gestor 08,2026-04,KB-106082,Retail,Tarjeta de crédito,Durazno,180+,WhatsApp,True,70.9,-0.575,enojo,2,Sin acuerdo,11210.0,0.0
GE-0004368,G08,Gestor 08,2026-04,KB-108665,Pyme,Financiación retail,Montevideo,61-90,Llamada,True,76.4,0.014,objecion,4,Pago,136880.0,100175.0
GE-0004369,G08,Gestor 08,2026-04,KB-110223,Corporativo,Préstamo personal,Canelones,31-60,Llamada,True,64.6,0.058,objecion,4,Promesa,437820.0,242798.0
GE-0004370,G08,Gestor 08,2026-04,KB-108996,Retail,Tarjeta de crédito,Montevideo,91-180,Llamada,True,53.0,-0.163,ansiedad,4,Pago,16670.0,10896.0
GE-0004371,G08,Gestor 08,2026-04,KB-105644,Retail,Tarjeta de crédito,Maldonado,61-90,Llamada,True,71.7,-0.021,objecion,4,Pago,126660.0,80446.0
GE-0004372,G08,Gestor 08,2026-04,KB-106045,Retail,Préstamo personal,Montevideo,1-30,WhatsApp,True,60.8,0.529,intencion_pago,2,Sin acuerdo,105170.0,0.0
GE-0004373,G08,Gestor 08,2026-04,KB-107910,Corporativo,Préstamo personal,Cerro Largo,31-60,WhatsApp,True,81.4,-0.046,objecion,3,Promesa,431310.0,153856.0
GE-0004374,G08,Gestor 08,2026-04,KB-101541,Retail,Cuenta corriente,Durazno,91-180,WhatsApp,True,80.8,-0.205,dificultad_economica,4,Pago,30390.0,20516.0
GE-0004375,G08,Gestor 08,2026-04,KB-109779,Retail,Préstamo personal,Maldonado,31-60,Llamada,True,79.0,-0.623,enojo,5,Sin acuerdo,27810.0,0.0
GE-0004376,G08,Gestor 08,2026-04,KB-110886,Retail,Préstamo personal,Maldonado,180+,WhatsApp,True,82.7,0.275,neutro,5,Pago,4530.0,2731.0
GE-0004377,G08,Gestor 08,2026-04,KB-105106,Retail,Tarjeta de crédito,Canelones,91-180,Llamada,True,72.5,-0.41,frustracion,3,Sin acuerdo,31970.0,0.0
GE-0004378,G08,Gestor 08,2026-04,KB-109929,Retail,Tarjeta de crédito,Montevideo,31-60,Llamada,True,75.2,-0.057,objecion,4,Promesa,52220.0,29947.0
GE-0004379,G08,Gestor 08,2026-04,KB-100376,Retail,Préstamo personal,Montevideo,31-60,WhatsApp,True,60.6,0.571,intencion_pago,3,Promesa,23110.0,12574.0
GE-0004380,G08,Gestor 08,2026-04,KB-100229,Retail,Tarjeta de crédito,Montevideo,61-90,WhatsApp,True,69.7,-0.331,dificultad_economica,5,Promesa,9520.0,5396.0
GE-0004381,G08,Gestor 08,2026-04,KB-111593,Corporativo,Préstamo personal,Montevideo,180+,WhatsApp,True,61.3,-0.303,frustracion,4,Promesa,509800.0,252793.0
GE-0004382,G08,Gestor 08,2026-04,KB-101207,Pyme,Préstamo personal,Canelones,91-180,WhatsApp,True,69.1,-0.62,enojo,2,Promesa,279480.0,124452.0
GE-0004383,G09,Gestor 09,2026-04,KB-110233,Retail,Préstamo personal,Río Negro,31-60,WhatsApp,True,62.4,0.535,intencion_pago,4,Promesa,4230.0,2333.0
GE-0004384,G09,Gestor 09,2026-04,KB-102254,Retail,Préstamo personal,Montevideo,1-30,WhatsApp,True,76.0,0.233,neutro,2,Pago,11440.0,10852.0
GE-0004385,G09,Gestor 09,2026-04,KB-104829,Pyme,Cuenta corriente,Montevideo,31-60,WhatsApp,True,74.9,-0.228,ansiedad,5,Sin acuerdo,66140.0,0.0
GE-0004386,G09,Gestor 09,2026-04,KB-104388,Pyme,Microcrédito,Canelones,1-30,Llamada,True,74.9,-0.228,ansiedad,3,Promesa,166630.0,84110.0
GE-0004387,G09,Gestor 09,2026-04,KB-107805,Retail,Crédito automotor,Montevideo,1-30,Llamada,True,61.4,0.265,intencion_pago,4,Sin acuerdo,22350.0,0.0
GE-0004388,G09,Gestor 09,2026-04,KB-110613,Pyme,Microcrédito,Maldonado,61-90,Llamada,True,79.8,-0.192,dificultad_economica,2,Promesa,46410.0,26936.0
GE-0004389,G09,Gestor 09,2026-04,KB-107536,Retail,Microcrédito,Soriano,31-60,WhatsApp,True,64.2,0.119,ansiedad,4,Promesa,110090.0,58500.0
GE-0004390,G09,Gestor 09,2026-04,KB-103959,Retail,Tarjeta de crédito,Montevideo,61-90,WhatsApp,True,73.2,0.15,neutro,3,Promesa,35670.0,19560.0
GE-0004391,G09,Gestor 09,2026-04,KB-109941,Pyme,Financiación retail,Salto,31-60,WhatsApp,True,81.6,0.517,intencion_pago,5,Promesa,106990.0,33958.0
GE-0004392,G09,Gestor 09,2026-04,KB-106526,Pyme,Préstamo personal,Montevideo,31-60,Llamada,True,79.0,0.039,ansiedad,5,Promesa,210220.0,102916.0
GE-0004393,G09,Gestor 09,2026-04,KB-105784,Corporativo,Tarjeta de crédito,Canelones,1-30,Llamada,True,74.7,-0.32,frustracion,1,Pago,245700.0,230490.0
GE-0004394,G09,Gestor 09,2026-04,KB-109773,Pyme,Préstamo personal,Florida,61-90,WhatsApp,True,78.7,0.113,neutro,4,Promesa,134810.0,71992.0
GE-0004395,G09,Gestor 09,2026-04,KB-101314,Retail,Crédito automotor,Tacuarembó,31-60,Llamada,True,74.0,0.012,neutro,5,Promesa,51170.0,24308.0
GE-0004396,G09,Gestor 09,2026-04,KB-109849,Retail,Crédito automotor,Paysandú,31-60,Llamada,True,76.4,0.474,intencion_pago,4,Pago,17720.0,17155.0
GE-0004397,G09,Gestor 09,2026-04,KB-105120,Pyme,Préstamo personal,Paysandú,1-30,WhatsApp,True,94.6,0.144,neutro,4,Pago,73810.0,48516.0
GE-0004398,G09,Gestor 09,2026-04,KB-110550,Pyme,Tarjeta de crédito,Canelones,31-60,Llamada,True,50.0,-0.164,ansiedad,3,Promesa,105150.0,37008.0
GE-0004399,G09,Gestor 09,2026-04,KB-111734,Retail,Tarjeta de crédito,Montevideo,61-90,WhatsApp,True,81.6,0.006,objecion,2,Sin acuerdo,9770.0,0.0
GE-0004400,G09,Gestor 09,2026-04,KB-107634,Retail,Tarjeta de crédito,Montevideo,61-90,Llamada,True,73.0,-0.153,dificultad_economica,4,Promesa,17780.0,7962.0
GE-0004401,G09,Gestor 09,2026-04,KB-107205,Retail,Financiación retail,Maldonado,1-30,Llamada,True,63.4,0.149,neutro,4,Pago,43700.0,43124.0
GE-0004402,G09,Gestor 09,2026-04,KB-100171,Retail,Préstamo personal,San José,1-30,Llamada,True,74.9,0.627,intencion_pago,6,Pago,14660.0,13609.0
GE-0004403,G09,Gestor 09,2026-04,KB-100764,Corporativo,Préstamo personal,Colonia,61-90,Llamada,True,63.1,-0.428,dificultad_economica,3,Sin acuerdo,901330.0,0.0
GE-0004404,G09,Gestor 09,2026-04,KB-106625,Pyme,Préstamo personal,Colonia,91-180,Llamada,True,81.0,-0.341,ansiedad,5,Promesa,430550.0,164069.0
GE-0004405,G09,Gestor 09,2026-04,KB-105403,Retail,Tarjeta de crédito,Montevideo,1-30,WhatsApp,True,69.9,0.452,intencion_pago,4,Pago,46580.0,45065.0
GE-0004406,G09,Gestor 09,2026-04,KB-101027,Retail,Microcrédito,Montevideo,31-60,WhatsApp,True,84.4,0.203,neutro,4,Sin acuerdo,37340.0,0.0
GE-0004407,G09,Gestor 09,2026-04,KB-104462,Pyme,Microcrédito,Treinta y Tres,31-60,WhatsApp,True,70.7,-0.012,neutro,5,Pago,16470.0,15350.0
GE-0004408,G09,Gestor 09,2026-04,KB-110225,Pyme,Préstamo personal,Salto,1-30,Llamada,True,67.6,0.697,intencion_pago,3,Pago,70180.0,59459.0
GE-0004409,G09,Gestor 09,2026-04,KB-103968,Retail,Préstamo personal,Salto,31-60,Llamada,True,80.1,0.509,intencion_pago,3,Sin acuerdo,8570.0,0.0
GE-0004410,G09,Gestor 09,2026-04,KB-106341,Retail,Crédito automotor,San José,31-60,WhatsApp,True,72.7,0.068,objecion,6,Promesa,8740.0,4296.0
GE-0004411,G09,Gestor 09,2026-04,KB-111312,Retail,Préstamo personal,Montevideo,1-30,WhatsApp,True,69.2,0.066,neutro,4,Promesa,100510.0,37224.0
GE-0004412,G09,Gestor 09,2026-04,KB-111866,Retail,Tarjeta de crédito,Maldonado,1-30,WhatsApp,True,74.1,0.454,intencion_pago,4,Pago,18990.0,17772.0
GE-0004413,G09,Gestor 09,2026-04,KB-104670,Retail,Microcrédito,Treinta y Tres,31-60,Llamada,True,71.6,-0.142,ansiedad,3,Promesa,18950.0,10134.0
GE-0004414,G09,Gestor 09,2026-04,KB-109547,Retail,Crédito automotor,Montevideo,91-180,WhatsApp,True,60.6,-0.292,dificultad_economica,2,No contacto,27500.0,0.0
GE-0004415,G09,Gestor 09,2026-04,KB-108307,Retail,Préstamo personal,Canelones,31-60,WhatsApp,True,75.3,0.564,intencion_pago,2,Promesa,23500.0,13362.0
GE-0004416,G09,Gestor 09,2026-04,KB-109217,Retail,Tarjeta de crédito,Canelones,91-180,Llamada,True,67.8,-0.118,dificultad_economica,6,No contacto,8440.0,0.0
GE-0004417,G09,Gestor 09,2026-04,KB-111325,Retail,Tarjeta de crédito,Rivera,31-60,Llamada,True,77.4,0.071,ansiedad,3,Sin acuerdo,9640.0,0.0
GE-0004418,G09,Gestor 09,2026-04,KB-105478,Pyme,Tarjeta de crédito,Canelones,61-90,Llamada,True,80.6,-0.151,ansiedad,5,Promesa,235730.0,104123.0
GE-0004419,G09,Gestor 09,2026-04,KB-107837,Pyme,Préstamo personal,Paysandú,1-30,WhatsApp,True,83.8,0.08,neutro,5,Pago,216040.0,206804.0
GE-0004420,G09,Gestor 09,2026-04,KB-111594,Pyme,Tarjeta de crédito,Canelones,91-180,WhatsApp,True,85.8,-0.131,dificultad_economica,2,Promesa,20710.0,7929.0
GE-0004421,G09,Gestor 09,2026-04,KB-111133,Retail,Préstamo personal,Montevideo,31-60,WhatsApp,True,84.1,0.736,intencion_pago,5,Promesa,58700.0,32357.0
GE-0004422,G09,Gestor 09,2026-04,KB-102622,Pyme,Préstamo personal,Montevideo,1-30,WhatsApp,True,76.9,-0.045,ansiedad,3,Pago,54070.0,51410.0
GE-0004423,G09,Gestor 09,2026-04,KB-109265,Pyme,Préstamo personal,Montevideo,61-90,Llamada,True,72.7,-0.315,frustracion,4,Promesa,71070.0,30406.0
GE-0004424,G09,Gestor 09,2026-04,KB-109151,Retail,Préstamo personal,Maldonado,1-30,Llamada,True,66.1,0.514,intencion_pago,4,Pago,8440.0,7474.0
GE-0004425,G09,Gestor 09,2026-04,KB-108899,Retail,Tarjeta de crédito,Montevideo,91-180,WhatsApp,True,70.5,-0.251,objecion,4,Promesa,24940.0,13298.0
GE-0004426,G09,Gestor 09,2026-04,KB-110989,Retail,Préstamo personal,Montevideo,31-60,Llamada,True,89.0,0.091,objecion,4,Pago,71280.0,67775.0
GE-0004427,G09,Gestor 09,2026-04,KB-105752,Retail,Préstamo personal,Tacuarembó,31-60,Llamada,True,73.2,-0.028,neutro,4,Sin acuerdo,55540.0,0.0
GE-0004428,G10,Gestor 10,2026-04,KB-102360,Retail,Préstamo personal,Montevideo,91-180,Llamada,True,73.1,-0.125,ansiedad,5,Promesa,60470.0,34033.0
GE-0004429,G10,Gestor 10,2026-04,KB-111145,Retail,Financiación retail,Tacuarembó,1-30,Llamada,True,65.5,0.595,intencion_pago,3,Pago,46850.0,39806.0
GE-0004430,G10,Gestor 10,2026-04,KB-111138,Pyme,Tarjeta de crédito,Durazno,91-180,Llamada,True,64.6,-0.204,ansiedad,3,Promesa,101420.0,41174.0
GE-0004431,G10,Gestor 10,2026-04,KB-108841,Retail,Financiación retail,Salto,61-90,WhatsApp,True,83.7,0.071,objecion,4,Promesa,30500.0,14760.0
GE-0004432,G10,Gestor 10,2026-04,KB-111184,Retail,Tarjeta de crédito,Canelones,91-180,Llamada,True,62.0,0.029,objecion,3,Promesa,18960.0,7795.0
GE-0004433,G10,Gestor 10,2026-04,KB-100079,Pyme,Tarjeta de crédito,Montevideo,91-180,Llamada,True,72.1,-0.479,dificultad_economica,4,Sin acuerdo,49240.0,0.0
GE-0004434,G10,Gestor 10,2026-04,KB-109615,Corporativo,Préstamo personal,Florida,180+,WhatsApp,True,83.8,-0.219,frustracion,5,Promesa,786680.0,297343.0
GE-0004435,G10,Gestor 10,2026-04,KB-100323,Pyme,Tarjeta de crédito,Montevideo,31-60,WhatsApp,True,62.6,-0.266,ansiedad,4,Sin acuerdo,79680.0,0.0
GE-0004436,G10,Gestor 10,2026-04,KB-111721,Pyme,Tarjeta de crédito,Canelones,91-180,WhatsApp,True,56.2,-0.27,ansiedad,5,Pago,250710.0,213115.0
GE-0004437,G10,Gestor 10,2026-04,KB-103657,Corporativo,Préstamo personal,Maldonado,61-90,Llamada,True,80.6,-0.398,dificultad_economica,4,Sin acuerdo,436430.0,0.0
GE-0004438,G10,Gestor 10,2026-04,KB-111777,Pyme,Tarjeta de crédito,Montevideo,61-90,Llamada,True,65.9,-0.415,dificultad_economica,2,Promesa,66220.0,23944.0
GE-0004439,G10,Gestor 10,2026-04,KB-105594,Retail,Tarjeta de crédito,Montevideo,61-90,Llamada,True,84.3,-0.183,dificultad_economica,5,Sin acuerdo,17520.0,0.0
GE-0004440,G10,Gestor 10,2026-04,KB-108441,Pyme,Préstamo personal,Montevideo,91-180,Llamada,True,59.8,-0.677,enojo,4,Promesa,58350.0,23260.0
GE-0004441,G10,Gestor 10,2026-04,KB-111262,Pyme,Préstamo personal,Montevideo,1-30,Llamada,True,63.6,0.455,intencion_pago,3,Promesa,155850.0,89036.0
GE-0004442,G10,Gestor 10,2026-04,KB-108548,Retail,Tarjeta de crédito,Montevideo,31-60,WhatsApp,True,67.7,-0.364,frustracion,5,Sin acuerdo,34870.0,0.0
GE-0004443,G10,Gestor 10,2026-04,KB-105100,Retail,Préstamo personal,Montevideo,61-90,WhatsApp,True,64.0,-0.077,ansiedad,5,Sin acuerdo,23460.0,0.0
GE-0004444,G10,Gestor 10,2026-04,KB-103450,Pyme,Préstamo personal,Canelones,1-30,WhatsApp,True,77.4,-0.338,frustracion,7,Promesa,437980.0,215812.0
GE-0004445,G10,Gestor 10,2026-04,KB-105112,Pyme,Préstamo personal,Montevideo,1-30,Llamada,True,73.6,0.49,intencion_pago,3,Promesa,39670.0,22709.0
GE-0004446,G10,Gestor 10,2026-04,KB-101134,Retail,Tarjeta de crédito,Montevideo,61-90,WhatsApp,True,67.2,-0.259,objecion,4,Promesa,9830.0,5789.0
GE-0004447,G10,Gestor 10,2026-04,KB-105752,Retail,Préstamo personal,Tacuarembó,31-60,WhatsApp,True,55.9,0.054,neutro,4,Promesa,55540.0,30344.0
GE-0004448,G10,Gestor 10,2026-04,KB-100741,Pyme,Préstamo personal,Canelones,180+,WhatsApp,True,52.4,-0.629,enojo,3,No contacto,132000.0,0.0
GE-0004449,G10,Gestor 10,2026-04,KB-100953,Retail,Préstamo personal,Colonia,1-30,Llamada,True,58.6,0.051,neutro,4,Promesa,48610.0,16222.0
GE-0004450,G10,Gestor 10,2026-04,KB-108161,Retail,Tarjeta de crédito,Canelones,91-180,WhatsApp,True,65.6,-0.299,frustracion,4,Promesa,46410.0,19469.0
GE-0004451,G10,Gestor 10,2026-04,KB-109448,Retail,Financiación retail,Montevideo,31-60,Llamada,True,75.4,0.191,objecion,3,Promesa,29130.0,15955.0
GE-0004452,G10,Gestor 10,2026-04,KB-106179,Corporativo,Crédito automotor,Cerro Largo,1-30,WhatsApp,True,60.7,0.38,intencion_pago,5,Pago,271020.0,206340.0
GE-0004453,G10,Gestor 10,2026-04,KB-105846,Retail,Crédito automotor,Montevideo,180+,WhatsApp,True,67.1,-0.071,objecion,4,Promesa,54460.0,24983.0
GE-0004454,G10,Gestor 10,2026-04,KB-106689,Retail,Financiación retail,Montevideo,1-30,WhatsApp,True,62.7,0.458,intencion_pago,3,Sin acuerdo,28080.0,0.0
GE-0004455,G10,Gestor 10,2026-04,KB-107587,Pyme,Préstamo personal,Montevideo,180+,Llamada,True,62.6,-0.205,frustracion,3,No contacto,60030.0,0.0
GE-0004456,G10,Gestor 10,2026-04,KB-102833,Pyme,Crédito automotor,Cerro Largo,61-90,WhatsApp,True,83.5,-0.382,dificultad_economica,3,Promesa,87160.0,45861.0
GE-0004457,G10,Gestor 10,2026-04,KB-103468,Pyme,Financiación retail,Cerro Largo,31-60,Llamada,True,48.9,-0.679,frustracion,3,No contacto,31080.0,0.0
GE-0004458,G10,Gestor 10,2026-04,KB-108934,Pyme,Tarjeta de crédito,Canelones,1-30,Llamada,True,69.5,0.647,intencion_pago,2,Pago,98220.0,87081.0
GE-0004459,G10,Gestor 10,2026-04,KB-102852,Retail,Tarjeta de crédito,Canelones,1-30,Llamada,True,66.0,0.229,neutro,2,Sin acuerdo,48400.0,0.0
GE-0004460,G10,Gestor 10,2026-04,KB-106990,Retail,Préstamo personal,Cerro Largo,61-90,Llamada,True,67.4,-0.075,ansiedad,3,Sin acuerdo,35710.0,0.0
GE-0004461,G10,Gestor 10,2026-04,KB-105863,Corporativo,Financiación retail,Canelones,1-30,Llamada,True,66.8,0.032,neutro,4,Pago,586940.0,382596.0
GE-0004462,G10,Gestor 10,2026-04,KB-104683,Pyme,Tarjeta de crédito,Montevideo,61-90,WhatsApp,True,75.5,0.145,neutro,3,Pago,57470.0,48064.0
GE-0004463,G10,Gestor 10,2026-04,KB-107285,Pyme,Financiación retail,Montevideo,1-30,WhatsApp,True,74.0,0.573,intencion_pago,3,Promesa,57600.0,33724.0
GE-0004464,G10,Gestor 10,2026-04,KB-102865,Retail,Tarjeta de crédito,Montevideo,31-60,WhatsApp,True,61.0,0.509,intencion_pago,3,Pago,26610.0,25348.0
GE-0004465,G11,Gestor 11,2026-04,KB-104043,Corporativo,Tarjeta de crédito,Canelones,31-60,WhatsApp,True,77.3,0.604,intencion_pago,5,Promesa,138720.0,72737.0
GE-0004466,G11,Gestor 11,2026-04,KB-110045,Retail,Préstamo personal,San José,31-60,Llamada,True,87.7,0.324,neutro,3,Pago,39940.0,38653.0
GE-0004467,G11,Gestor 11,2026-04,KB-109097,Pyme,Financiación retail,Lavalleja,61-90,WhatsApp,True,76.7,-0.117,dificultad_economica,4,Sin acuerdo,97010.0,0.0
GE-0004468,G11,Gestor 11,2026-04,KB-109668,Pyme,Cuenta corriente,San José,31-60,WhatsApp,True,72.8,0.22,neutro,3,Pago,30200.0,30053.0
GE-0004469,G11,Gestor 11,2026-04,KB-105459,Corporativo,Préstamo personal,Artigas,1-30,Llamada,True,79.4,0.781,intencion_pago,4,Pago,479090.0,320446.0
GE-0004470,G11,Gestor 11,2026-04,KB-102729,Retail,Préstamo personal,Paysandú,61-90,WhatsApp,True,97.3,-0.021,objecion,6,Promesa,16930.0,8310.0
GE-0004471,G11,Gestor 11,2026-04,KB-105951,Retail,Préstamo personal,Montevideo,61-90,Llamada,True,69.6,-0.004,objecion,3,Pago,55220.0,46588.0
GE-0004472,G11,Gestor 11,2026-04,KB-105128,Retail,Financiación retail,Artigas,1-30,Llamada,True,93.1,0.263,neutro,4,Promesa,31000.0,12274.0
GE-0004473,G11,Gestor 11,2026-04,KB-102528,Retail,Tarjeta de crédito,Canelones,31-60,WhatsApp,True,71.1,-0.03,ansiedad,4,Promesa,16200.0,8507.0
GE-0004474,G11,Gestor 11,2026-04,KB-110508,Retail,Préstamo personal,Montevideo,31-60,WhatsApp,True,83.0,0.19,neutro,2,Promesa,37080.0,18725.0
GE-0004475,G11,Gestor 11,2026-04,KB-101246,Corporativo,Tarjeta de crédito,Tacuarembó,61-90,Llamada,True,71.8,0.011,objecion,5,Promesa,159560.0,63171.0
GE-0004476,G11,Gestor 11,2026-04,KB-107875,Retail,Préstamo personal,Canelones,31-60,Llamada,True,68.8,0.347,intencion_pago,5,Pago,36170.0,28232.0
GE-0004477,G11,Gestor 11,2026-04,KB-109956,Retail,Préstamo personal,Montevideo,31-60,Llamada,True,77.3,-0.11,objecion,5,Promesa,32600.0,16071.0
GE-0004478,G11,Gestor 11,2026-04,KB-111599,Pyme,Microcrédito,Salto,61-90,Llamada,True,77.8,0.143,neutro,4,Promesa,99620.0,53684.0
GE-0004479,G11,Gestor 11,2026-04,KB-108776,Pyme,Financiación retail,Montevideo,91-180,Llamada,True,80.4,-0.3,frustracion,5,Sin acuerdo,153000.0,0.0
GE-0004480,G11,Gestor 11,2026-04,KB-100543,Pyme,Crédito automotor,Salto,1-30,WhatsApp,True,86.0,0.805,intencion_pago,4,Promesa,100110.0,48684.0
GE-0004481,G11,Gestor 11,2026-04,KB-107932,Retail,Microcrédito,Canelones,91-180,WhatsApp,True,74.6,-0.234,frustracion,4,Sin acuerdo,16070.0,0.0
GE-0004482,G11,Gestor 11,2026-04,KB-109965,Retail,Préstamo personal,Montevideo,61-90,Llamada,True,89.4,0.131,objecion,4,Sin acuerdo,42620.0,0.0
GE-0004483,G11,Gestor 11,2026-04,KB-106966,Pyme,Préstamo personal,Canelones,180+,WhatsApp,True,95.0,-0.235,enojo,5,Sin acuerdo,114720.0,0.0
GE-0004484,G11,Gestor 11,2026-04,KB-101444,Retail,Microcrédito,San José,1-30,Llamada,True,93.6,0.399,neutro,4,Sin acuerdo,41530.0,0.0
GE-0004485,G11,Gestor 11,2026-04,KB-106272,Pyme,Crédito automotor,Montevideo,31-60,Llamada,True,88.3,0.002,objecion,4,Promesa,233260.0,103768.0
GE-0004486,G11,Gestor 11,2026-04,KB-103583,Corporativo,Préstamo personal,Montevideo,91-180,WhatsApp,True,79.9,-0.0,neutro,4,Promesa,133350.0,42454.0
GE-0004487,G11,Gestor 11,2026-04,KB-110386,Retail,Financiación retail,Tacuarembó,1-30,WhatsApp,True,81.3,0.436,intencion_pago,6,Promesa,17880.0,7694.0
GE-0004488,G11,Gestor 11,2026-04,KB-105693,Pyme,Tarjeta de crédito,Colonia,1-30,WhatsApp,True,92.8,0.02,ansiedad,4,Sin acuerdo,29260.0,0.0
GE-0004489,G11,Gestor 11,2026-04,KB-111392,Retail,Tarjeta de crédito,Canelones,91-180,WhatsApp,True,97.7,-0.073,dificultad_economica,4,Promesa,43080.0,22991.0
GE-0004490,G11,Gestor 11,2026-04,KB-109753,Pyme,Microcrédito,Montevideo,61-90,Llamada,True,80.0,-0.378,dificultad_economica,4,Sin acuerdo,60430.0,0.0
GE-0004491,G11,Gestor 11,2026-04,KB-104126,Pyme,Préstamo personal,Canelones,91-180,Llamada,True,89.7,-0.14,ansiedad,4,Sin acuerdo,151900.0,0.0
GE-0004492,G11,Gestor 11,2026-04,KB-109883,Pyme,Microcrédito,Paysandú,180+,WhatsApp,True,89.6,-0.017,ansiedad,6,Promesa,74070.0,27514.0
GE-0004493,G11,Gestor 11,2026-04,KB-111635,Pyme,Cuenta corriente,Montevideo,1-30,WhatsApp,True,64.9,0.616,intencion_pago,5,Sin acuerdo,4910.0,0.0
GE-0004494,G11,Gestor 11,2026-04,KB-101172,Pyme,Tarjeta de crédito,Salto,180+,WhatsApp,True,100.0,-0.047,objecion,5,Sin acuerdo,111900.0,0.0
GE-0004495,G11,Gestor 11,2026-04,KB-110304,Pyme,Cuenta corriente,Rocha,1-30,Llamada,True,88.9,0.022,neutro,4,Promesa,37810.0,22580.0
GE-0004496,G11,Gestor 11,2026-04,KB-108714,Pyme,Préstamo personal,Canelones,1-30,Llamada,True,87.7,-0.55,enojo,4,Sin acuerdo,97890.0,0.0
GE-0004497,G11,Gestor 11,2026-04,KB-108209,Corporativo,Cuenta corriente,Montevideo,180+,Llamada,True,91.6,0.206,ansiedad,4,Promesa,1319800.0,483774.0
GE-0004498,G11,Gestor 11,2026-04,KB-105590,Retail,Préstamo personal,Montevideo,61-90,WhatsApp,True,71.7,-0.219,neutro,4,Promesa,13610.0,5190.0
GE-0004499,G11,Gestor 11,2026-04,KB-109915,Retail,Microcrédito,Durazno,1-30,WhatsApp,True,88.6,0.75,intencion_pago,4,Sin acuerdo,95010.0,0.0
GE-0004500,G11,Gestor 11,2026-04,KB-107013,Retail,Financiación retail,Artigas,31-60,WhatsApp,True,73.6,0.083,neutro,3,Pago,47480.0,38941.0
GE-0004501,G11,Gestor 11,2026-04,KB-105161,Pyme,Préstamo personal,Montevideo,61-90,Llamada,True,57.4,-0.17,ansiedad,0,Pago,94210.0,85589.0
GE-0004502,G12,Gestor 12,2026-04,KB-105899,Pyme,Financiación retail,Montevideo,61-90,WhatsApp,True,76.9,0.018,neutro,4,Promesa,68650.0,25348.0
GE-0004503,G12,Gestor 12,2026-04,KB-102569,Retail,Tarjeta de crédito,Canelones,61-90,WhatsApp,True,88.4,-0.088,ansiedad,7,Promesa,18230.0,6337.0
GE-0004504,G12,Gestor 12,2026-04,KB-108864,Retail,Préstamo personal,Canelones,1-30,WhatsApp,True,77.2,-0.632,enojo,4,Promesa,15660.0,8723.0
GE-0004505,G12,Gestor 12,2026-04,KB-108805,Retail,Tarjeta de crédito,Cerro Largo,1-30,Llamada,True,86.7,0.187,neutro,4,Promesa,54520.0,30472.0
GE-0004506,G12,Gestor 12,2026-04,KB-111566,Pyme,Préstamo personal,Canelones,1-30,Llamada,True,76.5,-0.063,objecion,6,Sin acuerdo,109050.0,0.0
GE-0004507,G12,Gestor 12,2026-04,KB-101851,Retail,Microcrédito,Cerro Largo,1-30,Llamada,True,65.8,0.528,intencion_pago,1,Sin acuerdo,46650.0,0.0
GE-0004508,G12,Gestor 12,2026-04,KB-103619,Pyme,Tarjeta de crédito,Artigas,1-30,Llamada,True,72.9,0.259,intencion_pago,3,Pago,256800.0,181644.0
GE-0004509,G12,Gestor 12,2026-04,KB-107013,Retail,Financiación retail,Artigas,31-60,Llamada,True,98.3,0.747,intencion_pago,8,Pago,47480.0,38941.0
GE-0004510,G12,Gestor 12,2026-04,KB-108069,Corporativo,Préstamo personal,Rivera,1-30,Llamada,True,70.5,0.467,intencion_pago,4,Pago,1727020.0,1462518.0
GE-0004511,G12,Gestor 12,2026-04,KB-105159,Pyme,Tarjeta de crédito,Montevideo,91-180,Llamada,True,76.9,0.095,ansiedad,6,Pago,170690.0,155531.0
GE-0004512,G12,Gestor 12,2026-04,KB-107217,Pyme,Tarjeta de crédito,Soriano,31-60,WhatsApp,True,73.9,0.585,intencion_pago,5,Promesa,350220.0,200414.0
GE-0004513,G12,Gestor 12,2026-04,KB-102604,Corporativo,Cuenta corriente,Montevideo,1-30,Llamada,True,90.6,0.07,neutro,6,Promesa,2436160.0,1344526.0
GE-0004514,G12,Gestor 12,2026-04,KB-107462,Pyme,Cuenta corriente,Canelones,1-30,Llamada,True,92.6,0.152,ansiedad,5,Promesa,17280.0,7364.0
GE-0004515,G12,Gestor 12,2026-04,KB-106244,Pyme,Préstamo personal,Paysandú,180+,WhatsApp,True,77.8,-0.558,enojo,4,No contacto,158040.0,0.0
GE-0004516,G12,Gestor 12,2026-04,KB-109737,Retail,Financiación retail,Montevideo,91-180,WhatsApp,True,83.6,-0.155,dificultad_economica,4,Sin acuerdo,17630.0,0.0
GE-0004517,G12,Gestor 12,2026-04,KB-106464,Pyme,Préstamo personal,Colonia,31-60,WhatsApp,True,79.4,0.159,neutro,3,Sin acuerdo,83880.0,0.0
GE-0004518,G12,Gestor 12,2026-04,KB-105662,Retail,Cuenta corriente,Montevideo,91-180,WhatsApp,True,78.5,-0.171,ansiedad,6,Promesa,45080.0,22569.0
GE-0004519,G12,Gestor 12,2026-04,KB-100499,Retail,Microcrédito,Montevideo,1-30,Llamada,True,71.6,0.528,intencion_pago,4,Pago,49700.0,48084.0
GE-0004520,G12,Gestor 12,2026-04,KB-102543,Pyme,Préstamo personal,Montevideo,31-60,WhatsApp,True,84.5,0.703,intencion_pago,4,Promesa,280700.0,155164.0
GE-0004521,G12,Gestor 12,2026-04,KB-106003,Retail,Tarjeta de crédito,Montevideo,91-180,WhatsApp,True,77.0,0.004,neutro,3,Promesa,33040.0,10842.0
GE-0004522,G12,Gestor 12,2026-04,KB-111289,Retail,Financiación retail,Montevideo,61-90,WhatsApp,True,80.2,-0.071,ansiedad,3,Promesa,82840.0,28388.0
GE-0004523,G12,Gestor 12,2026-04,KB-102988,Retail,Préstamo personal,Colonia,31-60,Llamada,True,93.0,0.173,neutro,6,Pago,7870.0,5433.0
GE-0004524,G12,Gestor 12,2026-04,KB-103925,Retail,Financiación retail,Montevideo,31-60,Llamada,True,86.1,0.043,objecion,4,Pago,10610.0,8621.0
GE-0004525,G12,Gestor 12,2026-04,KB-107206,Pyme,Tarjeta de crédito,Montevideo,31-60,Llamada,True,74.8,0.704,intencion_pago,5,Promesa,110020.0,41763.0
GE-0004526,G12,Gestor 12,2026-04,KB-108616,Retail,Préstamo personal,Montevideo,31-60,WhatsApp,True,78.9,-0.109,neutro,2,Sin acuerdo,22800.0,0.0
GE-0004527,G12,Gestor 12,2026-04,KB-110843,Retail,Microcrédito,Montevideo,1-30,WhatsApp,True,86.4,0.465,intencion_pago,4,Pago,70290.0,56344.0
GE-0004528,G12,Gestor 12,2026-04,KB-110263,Retail,Crédito automotor,Montevideo,31-60,Llamada,True,85.9,0.862,intencion_pago,4,Pago,108810.0,75676.0
GE-0004529,G12,Gestor 12,2026-04,KB-105297,Retail,Préstamo personal,Montevideo,31-60,WhatsApp,True,74.1,0.637,intencion_pago,4,Promesa,41210.0,22015.0
GE-0004530,G12,Gestor 12,2026-04,KB-111476,Pyme,Crédito automotor,Montevideo,31-60,WhatsApp,True,76.0,0.183,objecion,5,Sin acuerdo,129700.0,0.0
GE-0004531,G12,Gestor 12,2026-04,KB-101120,Retail,Tarjeta de crédito,Montevideo,91-180,Llamada,True,69.3,-0.435,dificultad_economica,4,Promesa,28220.0,10004.0
GE-0004532,G12,Gestor 12,2026-04,KB-100885,Retail,Préstamo personal,Montevideo,1-30,Llamada,True,79.6,0.49,intencion_pago,5,Promesa,45230.0,22537.0
GE-0004533,G12,Gestor 12,2026-04,KB-107318,Retail,Tarjeta de crédito,Montevideo,31-60,Llamada,True,84.6,0.182,neutro,3,Promesa,9740.0,4841.0
GE-0004534,G12,Gestor 12,2026-04,KB-111598,Retail,Tarjeta de crédito,Soriano,1-30,Llamada,True,73.7,0.031,objecion,5,Promesa,11780.0,4838.0
GE-0004535,G12,Gestor 12,2026-04,KB-109657,Corporativo,Cuenta corriente,Maldonado,1-30,Llamada,True,70.7,0.68,intencion_pago,2,Pago,816270.0,666292.0
GE-0004536,G12,Gestor 12,2026-04,KB-100891,Retail,Crédito automotor,Canelones,1-30,WhatsApp,True,87.1,0.621,intencion_pago,5,Promesa,97800.0,53470.0
GE-0004537,G12,Gestor 12,2026-04,KB-111822,Retail,Préstamo personal,Canelones,91-180,WhatsApp,True,87.3,-0.202,ansiedad,4,Promesa,13500.0,4308.0
GE-0004538,G12,Gestor 12,2026-04,KB-110937,Retail,Tarjeta de crédito,Montevideo,1-30,Llamada,True,82.1,0.277,neutro,4,Promesa,34070.0,16976.0
GE-0004539,G01,Gestor 01,2026-05,KB-108746,Pyme,Préstamo personal,Montevideo,61-90,WhatsApp,False,75.1,-0.033,ansiedad,5,Promesa,75780.0,33545.0
GE-0004540,G01,Gestor 01,2026-05,KB-110711,Corporativo,Préstamo personal,Maldonado,91-180,WhatsApp,False,58.9,0.159,neutro,2,No contacto,1837620.0,0.0
GE-0004541,G01,Gestor 01,2026-05,KB-103507,Retail,Préstamo personal,Montevideo,31-60,WhatsApp,False,59.2,0.113,objecion,3,Sin acuerdo,12620.0,0.0
GE-0004542,G01,Gestor 01,2026-05,KB-108417,Retail,Préstamo personal,Soriano,91-180,Llamada,False,68.5,-0.245,dificultad_economica,3,No contacto,41450.0,0.0
GE-0004543,G01,Gestor 01,2026-05,KB-103833,Retail,Préstamo personal,Maldonado,1-30,Llamada,False,61.2,0.507,intencion_pago,2,Promesa,26970.0,14990.0
GE-0004544,G01,Gestor 01,2026-05,KB-101077,Retail,Préstamo personal,Maldonado,61-90,Llamada,False,67.4,-0.578,frustracion,3,Promesa,17390.0,7841.0
GE-0004545,G01,Gestor 01,2026-05,KB-106035,Retail,Tarjeta de crédito,Canelones,91-180,Llamada,False,67.3,-0.122,dificultad_economica,2,No contacto,123960.0,0.0
GE-0004546,G01,Gestor 01,2026-05,KB-102832,Pyme,Préstamo personal,Canelones,61-90,Llamada,False,66.9,-0.222,frustracion,5,Promesa,221640.0,90820.0
GE-0004547,G01,Gestor 01,2026-05,KB-104742,Corporativo,Financiación retail,Maldonado,31-60,WhatsApp,False,66.0,0.047,neutro,5,Promesa,631470.0,349283.0
GE-0004548,G01,Gestor 01,2026-05,KB-107743,Retail,Cuenta corriente,Florida,31-60,Llamada,False,71.0,-0.435,enojo,5,No contacto,36330.0,0.0
GE-0004549,G01,Gestor 01,2026-05,KB-108468,Pyme,Préstamo personal,Soriano,61-90,Llamada,False,59.5,-0.896,enojo,3,No contacto,430590.0,0.0
GE-0004550,G01,Gestor 01,2026-05,KB-102536,Retail,Cuenta corriente,Florida,31-60,WhatsApp,False,73.0,0.792,intencion_pago,3,Promesa,26260.0,13875.0
GE-0004551,G01,Gestor 01,2026-05,KB-102742,Retail,Microcrédito,Montevideo,61-90,WhatsApp,False,70.5,-0.419,frustracion,2,Sin acuerdo,8320.0,0.0
GE-0004552,G01,Gestor 01,2026-05,KB-105746,Retail,Tarjeta de crédito,Tacuarembó,91-180,Llamada,False,72.8,-0.088,ansiedad,5,Promesa,38590.0,13753.0
GE-0004553,G01,Gestor 01,2026-05,KB-107300,Retail,Préstamo personal,Maldonado,1-30,WhatsApp,False,75.9,0.571,neutro,2,Pago,13790.0,13659.0
GE-0004554,G01,Gestor 01,2026-05,KB-109584,Pyme,Préstamo personal,Lavalleja,91-180,Llamada,False,64.5,-0.409,dificultad_economica,3,Promesa,140040.0,60024.0
GE-0004555,G01,Gestor 01,2026-05,KB-102148,Retail,Crédito automotor,Salto,1-30,Llamada,False,66.6,-0.12,ansiedad,5,No contacto,30270.0,0.0
GE-0004556,G01,Gestor 01,2026-05,KB-107234,Retail,Crédito automotor,Canelones,61-90,WhatsApp,False,74.3,0.072,objecion,4,Promesa,21330.0,12292.0
GE-0004557,G01,Gestor 01,2026-05,KB-111094,Retail,Microcrédito,Montevideo,180+,WhatsApp,False,72.2,-0.797,enojo,4,Pago,13240.0,10395.0
GE-0004558,G01,Gestor 01,2026-05,KB-100969,Pyme,Cuenta corriente,Montevideo,31-60,Llamada,False,64.8,0.494,intencion_pago,2,Promesa,34100.0,18712.0
GE-0004559,G01,Gestor 01,2026-05,KB-107452,Retail,Tarjeta de crédito,Maldonado,1-30,WhatsApp,False,70.8,0.761,intencion_pago,3,Promesa,16820.0,9530.0
GE-0004560,G01,Gestor 01,2026-05,KB-104788,Retail,Tarjeta de crédito,Canelones,31-60,Llamada,False,62.6,0.379,intencion_pago,4,Promesa,34750.0,20183.0
GE-0004561,G01,Gestor 01,2026-05,KB-101440,Retail,Tarjeta de crédito,Maldonado,91-180,Llamada,False,53.6,-0.401,frustracion,4,Pago,68220.0,64271.0
GE-0004562,G01,Gestor 01,2026-05,KB-105690,Pyme,Microcrédito,Salto,1-30,WhatsApp,False,59.0,0.608,intencion_pago,3,Pago,206410.0,148919.0
GE-0004563,G01,Gestor 01,2026-05,KB-103480,Retail,Préstamo personal,Canelones,31-60,WhatsApp,False,52.3,0.146,neutro,2,Promesa,25340.0,14753.0
GE-0004564,G01,Gestor 01,2026-05,KB-105719,Retail,Cuenta corriente,Maldonado,1-30,Llamada,False,71.8,0.057,neutro,3,Promesa,9160.0,4586.0
GE-0004565,G01,Gestor 01,2026-05,KB-100238,Corporativo,Préstamo personal,Colonia,31-60,Llamada,False,74.7,0.563,intencion_pago,4,Pago,576840.0,525902.0
GE-0004566,G01,Gestor 01,2026-05,KB-110259,Retail,Tarjeta de crédito,Tacuarembó,91-180,Llamada,False,66.0,-0.166,neutro,2,No contacto,106770.0,0.0
GE-0004567,G01,Gestor 01,2026-05,KB-105500,Retail,Crédito automotor,Montevideo,31-60,Llamada,False,67.1,0.172,neutro,2,Sin acuerdo,26130.0,0.0
GE-0004568,G01,Gestor 01,2026-05,KB-106910,Corporativo,Tarjeta de crédito,Montevideo,1-30,WhatsApp,False,63.4,-0.092,ansiedad,4,Sin acuerdo,909330.0,0.0
GE-0004569,G01,Gestor 01,2026-05,KB-104673,Pyme,Microcrédito,Montevideo,31-60,WhatsApp,False,57.1,0.412,intencion_pago,4,Promesa,97100.0,53574.0
GE-0004570,G01,Gestor 01,2026-05,KB-101112,Retail,Crédito automotor,Paysandú,31-60,WhatsApp,False,63.1,-0.375,frustracion,0,No contacto,44540.0,0.0
GE-0004571,G01,Gestor 01,2026-05,KB-104195,Retail,Cuenta corriente,Maldonado,91-180,WhatsApp,False,62.1,-0.135,ansiedad,4,Sin acuerdo,13060.0,0.0
GE-0004572,G01,Gestor 01,2026-05,KB-103403,Retail,Microcrédito,Rocha,91-180,Llamada,False,71.6,-0.444,frustracion,4,Sin acuerdo,34890.0,0.0
GE-0004573,G01,Gestor 01,2026-05,KB-102553,Retail,Tarjeta de crédito,Soriano,61-90,Llamada,False,64.7,0.249,neutro,4,Promesa,24380.0,10601.0
GE-0004574,G01,Gestor 01,2026-05,KB-108230,Retail,Préstamo personal,Tacuarembó,91-180,WhatsApp,False,72.9,-0.245,frustracion,5,Promesa,15100.0,7211.0
GE-0004575,G01,Gestor 01,2026-05,KB-105444,Pyme,Préstamo personal,Montevideo,1-30,Llamada,False,75.6,0.075,neutro,4,Promesa,78900.0,40633.0
GE-0004576,G01,Gestor 01,2026-05,KB-106746,Retail,Préstamo personal,Durazno,1-30,Llamada,False,69.0,0.504,intencion_pago,3,Promesa,77540.0,34149.0
GE-0004577,G01,Gestor 01,2026-05,KB-111608,Retail,Tarjeta de crédito,Paysandú,91-180,WhatsApp,False,62.9,-0.315,dificultad_economica,3,Promesa,89120.0,28555.0
GE-0004578,G01,Gestor 01,2026-05,KB-111511,Retail,Préstamo personal,Montevideo,91-180,Llamada,False,65.1,-0.566,enojo,5,Promesa,51830.0,30754.0
GE-0004579,G02,Gestor 02,2026-05,KB-102332,Retail,Microcrédito,Montevideo,91-180,WhatsApp,False,56.9,-0.544,enojo,4,No contacto,30340.0,0.0
GE-0004580,G02,Gestor 02,2026-05,KB-102868,Retail,Préstamo personal,Montevideo,91-180,Llamada,False,60.0,-0.273,ansiedad,3,Promesa,12610.0,5129.0
GE-0004581,G02,Gestor 02,2026-05,KB-104864,Corporativo,Préstamo personal,Maldonado,61-90,Llamada,False,55.1,-0.309,frustracion,3,No contacto,265440.0,0.0
GE-0004582,G02,Gestor 02,2026-05,KB-107700,Retail,Préstamo personal,Montevideo,31-60,WhatsApp,False,48.6,-0.127,objecion,3,Sin acuerdo,15600.0,0.0
GE-0004583,G02,Gestor 02,2026-05,KB-102400,Retail,Préstamo personal,Montevideo,1-30,WhatsApp,False,53.2,0.124,neutro,3,Pago,18360.0,15746.0
GE-0004584,G02,Gestor 02,2026-05,KB-110970,Corporativo,Préstamo personal,Montevideo,31-60,Llamada,False,48.8,-0.073,objecion,2,Pago,1258930.0,1047005.0
GE-0004585,G02,Gestor 02,2026-05,KB-109240,Corporativo,Microcrédito,Montevideo,31-60,WhatsApp,False,55.6,0.384,intencion_pago,1,Pago,472280.0,443376.0
GE-0004586,G02,Gestor 02,2026-05,KB-103955,Pyme,Préstamo personal,Maldonado,180+,WhatsApp,False,58.0,-0.886,enojo,2,No contacto,67550.0,0.0
GE-0004587,G02,Gestor 02,2026-05,KB-110887,Pyme,Crédito automotor,Maldonado,31-60,WhatsApp,False,39.1,-0.199,objecion,2,No contacto,48450.0,0.0
GE-0004588,G02,Gestor 02,2026-05,KB-106989,Pyme,Cuenta corriente,Montevideo,91-180,WhatsApp,False,58.1,-0.393,enojo,1,Pago,582140.0,429062.0
GE-0004589,G02,Gestor 02,2026-05,KB-105026,Retail,Crédito automotor,Durazno,31-60,Llamada,False,59.1,-0.54,frustracion,2,Pago,26320.0,24760.0
GE-0004590,G02,Gestor 02,2026-05,KB-111665,Retail,Microcrédito,Montevideo,91-180,Llamada,False,65.0,-0.062,dificultad_economica,2,Pago,30600.0,22669.0
GE-0004591,G02,Gestor 02,2026-05,KB-109885,Retail,Financiación retail,Montevideo,31-60,WhatsApp,False,59.7,0.617,intencion_pago,4,Promesa,12020.0,6349.0
GE-0004592,G02,Gestor 02,2026-05,KB-110850,Corporativo,Tarjeta de crédito,Canelones,91-180,WhatsApp,False,51.8,-0.158,ansiedad,4,Sin acuerdo,984450.0,0.0
GE-0004593,G02,Gestor 02,2026-05,KB-100792,Corporativo,Préstamo personal,Montevideo,31-60,WhatsApp,False,41.5,-0.721,enojo,3,No contacto,620890.0,0.0
GE-0004594,G02,Gestor 02,2026-05,KB-104204,Pyme,Tarjeta de crédito,Canelones,31-60,WhatsApp,False,51.0,-0.28,ansiedad,4,Sin acuerdo,51300.0,0.0
GE-0004595,G02,Gestor 02,2026-05,KB-108581,Retail,Préstamo personal,Maldonado,1-30,WhatsApp,False,48.3,0.446,intencion_pago,2,Sin acuerdo,16960.0,0.0
GE-0004596,G02,Gestor 02,2026-05,KB-101404,Retail,Tarjeta de crédito,Rivera,91-180,WhatsApp,False,57.1,-0.246,frustracion,3,Promesa,40190.0,19928.0
GE-0004597,G02,Gestor 02,2026-05,KB-107426,Pyme,Tarjeta de crédito,Montevideo,180+,WhatsApp,False,50.1,-0.369,enojo,2,Sin acuerdo,379170.0,0.0
GE-0004598,G02,Gestor 02,2026-05,KB-110976,Corporativo,Préstamo personal,Montevideo,1-30,WhatsApp,False,63.3,0.139,neutro,3,Promesa,1555880.0,912240.0
GE-0004599,G02,Gestor 02,2026-05,KB-108619,Retail,Tarjeta de crédito,Tacuarembó,1-30,WhatsApp,False,52.7,0.486,intencion_pago,1,Promesa,79800.0,37974.0
GE-0004600,G02,Gestor 02,2026-05,KB-103438,Retail,Préstamo personal,Lavalleja,31-60,Llamada,False,60.2,0.358,neutro,2,Pago,23700.0,20871.0
GE-0004601,G02,Gestor 02,2026-05,KB-100241,Pyme,Préstamo personal,Canelones,31-60,WhatsApp,False,49.4,0.403,intencion_pago,1,Promesa,47600.0,23566.0
GE-0004602,G02,Gestor 02,2026-05,KB-102506,Retail,Tarjeta de crédito,Montevideo,61-90,WhatsApp,False,59.3,-0.224,objecion,3,Promesa,45480.0,22638.0
GE-0004603,G02,Gestor 02,2026-05,KB-103028,Retail,Préstamo personal,Treinta y Tres,1-30,Llamada,False,55.7,-0.07,objecion,3,No contacto,19750.0,0.0
GE-0004604,G02,Gestor 02,2026-05,KB-107842,Corporativo,Financiación retail,Paysandú,91-180,Llamada,False,49.5,-0.247,dificultad_economica,3,Pago,742970.0,715353.0
GE-0004605,G02,Gestor 02,2026-05,KB-110692,Retail,Tarjeta de crédito,San José,61-90,Llamada,False,47.5,-0.427,dificultad_economica,3,Promesa,40810.0,23486.0
GE-0004606,G02,Gestor 02,2026-05,KB-111806,Pyme,Microcrédito,Rivera,61-90,Llamada,False,57.4,-0.417,frustracion,4,No contacto,67570.0,0.0
GE-0004607,G02,Gestor 02,2026-05,KB-106122,Pyme,Tarjeta de crédito,Canelones,1-30,WhatsApp,False,44.2,-0.642,frustracion,1,Pago,246510.0,244553.0
GE-0004608,G02,Gestor 02,2026-05,KB-111687,Retail,Préstamo personal,Montevideo,31-60,Llamada,False,50.5,0.065,objecion,1,No contacto,29750.0,0.0
GE-0004609,G02,Gestor 02,2026-05,KB-105223,Retail,Préstamo personal,Canelones,31-60,Llamada,False,52.1,-0.165,ansiedad,4,Promesa,14570.0,6999.0
GE-0004610,G02,Gestor 02,2026-05,KB-105473,Retail,Financiación retail,Canelones,91-180,Llamada,False,65.7,-0.364,frustracion,4,Sin acuerdo,69650.0,0.0
GE-0004611,G02,Gestor 02,2026-05,KB-103695,Retail,Préstamo personal,Trinidad,1-30,Llamada,False,49.3,0.231,intencion_pago,2,Pago,37090.0,36500.0
GE-0004612,G02,Gestor 02,2026-05,KB-105994,Retail,Tarjeta de crédito,Montevideo,91-180,WhatsApp,False,48.4,-0.182,objecion,3,Promesa,17300.0,5667.0
GE-0004613,G02,Gestor 02,2026-05,KB-105908,Retail,Financiación retail,Flores,1-30,Llamada,False,61.3,0.135,neutro,4,Promesa,33210.0,15677.0
GE-0004614,G02,Gestor 02,2026-05,KB-106599,Pyme,Crédito automotor,Maldonado,180+,Llamada,False,51.0,-0.592,enojo,3,Promesa,72580.0,22718.0
GE-0004615,G02,Gestor 02,2026-05,KB-111245,Pyme,Microcrédito,Montevideo,1-30,Llamada,False,50.7,0.528,intencion_pago,3,Promesa,31090.0,18279.0
GE-0004616,G02,Gestor 02,2026-05,KB-111218,Retail,Tarjeta de crédito,San José,180+,Llamada,False,79.4,-0.463,enojo,4,Promesa,53000.0,19461.0
GE-0004617,G02,Gestor 02,2026-05,KB-111958,Retail,Préstamo personal,Tacuarembó,1-30,Llamada,False,54.9,0.048,neutro,3,Promesa,21740.0,9787.0
GE-0004618,G02,Gestor 02,2026-05,KB-100277,Pyme,Financiación retail,Florida,91-180,WhatsApp,False,46.5,-0.358,dificultad_economica,2,Sin acuerdo,245860.0,0.0
GE-0004619,G02,Gestor 02,2026-05,KB-110578,Retail,Préstamo personal,Montevideo,1-30,Llamada,False,48.0,0.078,neutro,2,Sin acuerdo,12980.0,0.0
GE-0004620,G02,Gestor 02,2026-05,KB-110911,Corporativo,Microcrédito,Durazno,31-60,Llamada,False,50.5,0.482,intencion_pago,1,Promesa,710440.0,328995.0
GE-0004621,G03,Gestor 03,2026-05,KB-107652,Pyme,Préstamo personal,Montevideo,1-30,Llamada,True,84.4,-0.018,objecion,5,Promesa,75510.0,44214.0
GE-0004622,G03,Gestor 03,2026-05,KB-105260,Corporativo,Tarjeta de crédito,Canelones,31-60,Llamada,True,66.6,-0.023,neutro,4,Promesa,8000000.0,4430126.0
GE-0004623,G03,Gestor 03,2026-05,KB-111213,Retail,Financiación retail,Montevideo,180+,Llamada,True,67.0,-0.26,frustracion,4,Sin acuerdo,22270.0,0.0
GE-0004624,G03,Gestor 03,2026-05,KB-111683,Retail,Tarjeta de crédito,Maldonado,1-30,Llamada,True,99.9,0.718,intencion_pago,4,Promesa,41220.0,23484.0
GE-0004625,G03,Gestor 03,2026-05,KB-102760,Retail,Microcrédito,Montevideo,31-60,WhatsApp,True,82.1,-0.235,frustracion,4,Pago,32040.0,30819.0
GE-0004626,G03,Gestor 03,2026-05,KB-102322,Pyme,Microcrédito,Montevideo,61-90,WhatsApp,True,83.5,0.065,objecion,5,Promesa,22450.0,12911.0
GE-0004627,G03,Gestor 03,2026-05,KB-103448,Retail,Préstamo personal,Treinta y Tres,91-180,WhatsApp,True,85.0,0.05,objecion,5,Sin acuerdo,35680.0,0.0
GE-0004628,G03,Gestor 03,2026-05,KB-102033,Corporativo,Microcrédito,Montevideo,1-30,Llamada,True,80.6,-0.639,enojo,4,Promesa,810400.0,376314.0
GE-0004629,G03,Gestor 03,2026-05,KB-107379,Corporativo,Cuenta corriente,Canelones,61-90,Llamada,True,77.3,-0.066,objecion,3,No contacto,1054860.0,0.0
GE-0004630,G03,Gestor 03,2026-05,KB-110755,Retail,Financiación retail,Rivera,1-30,WhatsApp,True,98.2,0.069,ansiedad,5,Promesa,12090.0,6549.0
GE-0004631,G03,Gestor 03,2026-05,KB-106853,Corporativo,Préstamo personal,Canelones,1-30,Llamada,True,82.3,0.644,intencion_pago,3,Promesa,370440.0,181362.0
GE-0004632,G03,Gestor 03,2026-05,KB-106968,Retail,Microcrédito,Canelones,31-60,WhatsApp,True,80.3,-0.082,objecion,1,Promesa,9350.0,4868.0
GE-0004633,G03,Gestor 03,2026-05,KB-100617,Retail,Microcrédito,Montevideo,61-90,WhatsApp,True,74.1,-0.081,ansiedad,3,Sin acuerdo,19270.0,0.0
GE-0004634,G03,Gestor 03,2026-05,KB-103822,Pyme,Cuenta corriente,Durazno,61-90,Llamada,True,77.9,-0.295,frustracion,4,No contacto,143850.0,0.0
GE-0004635,G03,Gestor 03,2026-05,KB-100796,Retail,Préstamo personal,Montevideo,31-60,WhatsApp,True,85.8,0.399,intencion_pago,4,Promesa,129250.0,71881.0
GE-0004636,G03,Gestor 03,2026-05,KB-111985,Retail,Microcrédito,Montevideo,1-30,Llamada,True,62.8,-0.235,ansiedad,3,Pago,18470.0,17863.0
GE-0004637,G03,Gestor 03,2026-05,KB-105685,Pyme,Financiación retail,Paysandú,31-60,Llamada,True,92.3,0.552,intencion_pago,3,Promesa,224920.0,133796.0
GE-0004638,G03,Gestor 03,2026-05,KB-105496,Retail,Tarjeta de crédito,Canelones,91-180,WhatsApp,True,87.8,-0.048,dificultad_economica,6,Sin acuerdo,19440.0,0.0
GE-0004639,G03,Gestor 03,2026-05,KB-104246,Retail,Tarjeta de crédito,Canelones,1-30,Llamada,True,90.8,0.716,intencion_pago,6,Pago,108540.0,83297.0
GE-0004640,G03,Gestor 03,2026-05,KB-101378,Pyme,Préstamo personal,Montevideo,61-90,Llamada,True,91.3,-0.081,dificultad_economica,4,Promesa,96820.0,40799.0
GE-0004641,G03,Gestor 03,2026-05,KB-103961,Retail,Préstamo personal,Montevideo,31-60,WhatsApp,True,66.6,-0.189,objecion,2,Sin acuerdo,19380.0,0.0
GE-0004642,G03,Gestor 03,2026-05,KB-111554,Retail,Tarjeta de crédito,Canelones,61-90,Llamada,True,77.4,0.051,objecion,5,Pago,134620.0,122192.0
GE-0004643,G03,Gestor 03,2026-05,KB-111198,Pyme,Préstamo personal,Montevideo,180+,WhatsApp,True,78.7,-0.339,dificultad_economica,3,Pago,428890.0,275104.0
GE-0004644,G03,Gestor 03,2026-05,KB-100246,Retail,Préstamo personal,Flores,1-30,WhatsApp,True,86.4,-0.017,neutro,4,Promesa,13320.0,7590.0
GE-0004645,G03,Gestor 03,2026-05,KB-105115,Pyme,Cuenta corriente,Montevideo,1-30,WhatsApp,True,69.6,-0.0,neutro,5,Pago,36530.0,36259.0
GE-0004646,G03,Gestor 03,2026-05,KB-108758,Retail,Préstamo personal,Soriano,31-60,WhatsApp,True,96.9,-0.196,frustracion,5,Sin acuerdo,41900.0,0.0
GE-0004647,G03,Gestor 03,2026-05,KB-102222,Corporativo,Tarjeta de crédito,Trinidad,1-30,Llamada,True,73.2,0.58,intencion_pago,4,Pago,400360.0,262501.0
GE-0004648,G03,Gestor 03,2026-05,KB-100497,Pyme,Préstamo personal,Canelones,1-30,Llamada,True,75.7,0.436,intencion_pago,4,Pago,159290.0,118227.0
GE-0004649,G03,Gestor 03,2026-05,KB-101915,Retail,Financiación retail,Montevideo,91-180,Llamada,True,82.0,0.009,objecion,3,Sin acuerdo,42180.0,0.0
GE-0004650,G03,Gestor 03,2026-05,KB-104304,Retail,Financiación retail,Canelones,1-30,WhatsApp,True,79.4,0.658,intencion_pago,3,Promesa,21020.0,10776.0
GE-0004651,G03,Gestor 03,2026-05,KB-107181,Retail,Préstamo personal,Canelones,61-90,WhatsApp,True,77.7,-0.032,ansiedad,4,Promesa,16750.0,5970.0
GE-0004652,G03,Gestor 03,2026-05,KB-106696,Retail,Tarjeta de crédito,Maldonado,1-30,WhatsApp,True,80.0,0.309,neutro,3,Pago,84260.0,83569.0
GE-0004653,G03,Gestor 03,2026-05,KB-105907,Retail,Tarjeta de crédito,Canelones,61-90,Llamada,True,87.5,-0.256,ansiedad,3,Promesa,25510.0,11568.0
GE-0004654,G03,Gestor 03,2026-05,KB-109944,Retail,Préstamo personal,Montevideo,1-30,Llamada,True,80.4,0.736,intencion_pago,4,Pago,145230.0,125390.0
GE-0004655,G03,Gestor 03,2026-05,KB-110687,Pyme,Préstamo personal,Montevideo,91-180,WhatsApp,True,80.0,-0.242,frustracion,5,Pago,165660.0,136671.0
GE-0004656,G03,Gestor 03,2026-05,KB-109689,Corporativo,Tarjeta de crédito,Maldonado,61-90,WhatsApp,True,92.0,-0.154,dificultad_economica,4,Pago,208160.0,148569.0
GE-0004657,G03,Gestor 03,2026-05,KB-107685,Pyme,Préstamo personal,Montevideo,31-60,WhatsApp,True,87.2,0.506,neutro,6,Promesa,40110.0,13292.0
GE-0004658,G04,Gestor 04,2026-05,KB-109632,Corporativo,Microcrédito,Lavalleja,180+,Llamada,True,64.7,-0.519,frustracion,5,Sin acuerdo,1087730.0,0.0
GE-0004659,G04,Gestor 04,2026-05,KB-104717,Pyme,Microcrédito,Colonia,31-60,WhatsApp,True,79.2,0.202,objecion,3,Promesa,159140.0,82067.0
GE-0004660,G04,Gestor 04,2026-05,KB-101274,Retail,Financiación retail,Rivera,1-30,Llamada,True,85.3,0.231,neutro,6,Promesa,48140.0,26739.0
GE-0004661,G04,Gestor 04,2026-05,KB-105603,Retail,Préstamo personal,Canelones,91-180,WhatsApp,True,70.7,-0.182,ansiedad,3,Promesa,29990.0,16751.0
GE-0004662,G04,Gestor 04,2026-05,KB-103580,Pyme,Tarjeta de crédito,Canelones,1-30,Llamada,True,84.2,0.145,neutro,4,Promesa,265570.0,146183.0
GE-0004663,G04,Gestor 04,2026-05,KB-106283,Retail,Préstamo personal,Montevideo,1-30,WhatsApp,True,66.4,-0.272,ansiedad,3,Pago,39490.0,35876.0
GE-0004664,G04,Gestor 04,2026-05,KB-108698,Retail,Préstamo personal,Canelones,91-180,WhatsApp,True,84.0,-0.322,dificultad_economica,5,Promesa,29950.0,14243.0
GE-0004665,G04,Gestor 04,2026-05,KB-103203,Pyme,Préstamo personal,Montevideo,91-180,Llamada,True,81.8,-0.299,dificultad_economica,4,Promesa,222260.0,94065.0
GE-0004666,G04,Gestor 04,2026-05,KB-109801,Retail,Préstamo personal,Montevideo,91-180,Llamada,True,100.0,-0.153,ansiedad,6,Pago,68540.0,43968.0
GE-0004667,G04,Gestor 04,2026-05,KB-106240,Retail,Crédito automotor,Maldonado,1-30,WhatsApp,True,74.4,-0.413,enojo,3,No contacto,17810.0,0.0
GE-0004668,G04,Gestor 04,2026-05,KB-105682,Retail,Tarjeta de crédito,Soriano,61-90,Llamada,True,69.3,0.444,neutro,4,Sin acuerdo,80960.0,0.0
GE-0004669,G04,Gestor 04,2026-05,KB-105422,Pyme,Tarjeta de crédito,Maldonado,180+,WhatsApp,True,77.9,-0.155,dificultad_economica,4,Promesa,175450.0,67247.0
GE-0004670,G04,Gestor 04,2026-05,KB-106972,Retail,Préstamo personal,Tacuarembó,31-60,WhatsApp,True,74.8,0.693,intencion_pago,2,Pago,30550.0,26484.0
GE-0004671,G04,Gestor 04,2026-05,KB-100304,Pyme,Financiación retail,Montevideo,1-30,Llamada,True,69.2,0.611,intencion_pago,2,Promesa,408520.0,228667.0
GE-0004672,G04,Gestor 04,2026-05,KB-110790,Retail,Microcrédito,Montevideo,31-60,Llamada,True,84.6,-0.108,objecion,4,Promesa,6370.0,3399.0
GE-0004673,G04,Gestor 04,2026-05,KB-109254,Retail,Préstamo personal,Canelones,61-90,WhatsApp,True,83.3,0.071,objecion,5,Sin acuerdo,40290.0,0.0
GE-0004674,G04,Gestor 04,2026-05,KB-106936,Retail,Préstamo personal,Montevideo,31-60,Llamada,True,69.6,0.027,neutro,6,Promesa,19980.0,11531.0
GE-0004675,G04,Gestor 04,2026-05,KB-103542,Retail,Préstamo personal,Colonia,1-30,WhatsApp,True,86.7,0.041,ansiedad,4,Pago,22420.0,20583.0
GE-0004676,G04,Gestor 04,2026-05,KB-101325,Retail,Tarjeta de crédito,Montevideo,91-180,Llamada,True,87.4,-0.441,enojo,6,Promesa,23260.0,10258.0
GE-0004677,G04,Gestor 04,2026-05,KB-110972,Pyme,Financiación retail,Salto,61-90,Llamada,True,86.4,-0.409,frustracion,4,Promesa,151060.0,78109.0
GE-0004678,G04,Gestor 04,2026-05,KB-102396,Retail,Préstamo personal,Maldonado,91-180,WhatsApp,True,71.6,-0.029,objecion,4,Promesa,102840.0,59956.0
GE-0004679,G04,Gestor 04,2026-05,KB-105346,Pyme,Préstamo personal,Salto,1-30,WhatsApp,True,72.5,-0.154,neutro,5,No contacto,40450.0,0.0
GE-0004680,G04,Gestor 04,2026-05,KB-111216,Pyme,Tarjeta de crédito,Montevideo,91-180,Llamada,True,93.1,-0.12,dificultad_economica,5,Promesa,595200.0,211347.0
GE-0004681,G04,Gestor 04,2026-05,KB-105831,Corporativo,Préstamo personal,Montevideo,1-30,WhatsApp,True,69.5,-0.102,ansiedad,5,Sin acuerdo,494660.0,0.0
GE-0004682,G04,Gestor 04,2026-05,KB-111413,Retail,Financiación retail,Montevideo,1-30,Llamada,True,85.0,-0.108,neutro,4,Pago,55080.0,41653.0
GE-0004683,G04,Gestor 04,2026-05,KB-104869,Corporativo,Crédito automotor,Montevideo,91-180,Llamada,True,86.2,-0.168,dificultad_economica,4,Pago,509140.0,437570.0
GE-0004684,G04,Gestor 04,2026-05,KB-111926,Retail,Microcrédito,Maldonado,61-90,WhatsApp,True,88.0,-0.155,ansiedad,6,Promesa,40030.0,13341.0
GE-0004685,G04,Gestor 04,2026-05,KB-103220,Pyme,Préstamo personal,Artigas,1-30,Llamada,True,100.0,0.612,intencion_pago,4,Promesa,75690.0,40866.0
GE-0004686,G04,Gestor 04,2026-05,KB-111448,Retail,Tarjeta de crédito,Canelones,1-30,WhatsApp,True,73.8,0.205,neutro,2,Pago,39210.0,29897.0
GE-0004687,G04,Gestor 04,2026-05,KB-105529,Retail,Financiación retail,Montevideo,1-30,Llamada,True,81.6,-0.05,ansiedad,5,Promesa,52940.0,28876.0
GE-0004688,G04,Gestor 04,2026-05,KB-104323,Retail,Tarjeta de crédito,Canelones,61-90,Llamada,True,84.5,-0.083,frustracion,4,Sin acuerdo,46060.0,0.0
GE-0004689,G04,Gestor 04,2026-05,KB-103808,Retail,Tarjeta de crédito,Montevideo,31-60,Llamada,True,86.8,0.134,neutro,4,Pago,8050.0,7073.0
GE-0004690,G04,Gestor 04,2026-05,KB-109272,Pyme,Tarjeta de crédito,Montevideo,1-30,WhatsApp,True,71.8,0.57,intencion_pago,3,Pago,43240.0,36121.0
GE-0004691,G04,Gestor 04,2026-05,KB-104252,Retail,Tarjeta de crédito,Montevideo,1-30,WhatsApp,True,86.4,0.121,neutro,3,Sin acuerdo,38940.0,0.0
GE-0004692,G04,Gestor 04,2026-05,KB-103450,Pyme,Préstamo personal,Canelones,1-30,Llamada,True,94.9,0.277,neutro,4,Promesa,437980.0,215812.0
GE-0004693,G04,Gestor 04,2026-05,KB-109629,Retail,Financiación retail,Montevideo,31-60,Llamada,True,88.8,-0.312,frustracion,5,Promesa,19940.0,11273.0
GE-0004694,G04,Gestor 04,2026-05,KB-102195,Retail,Tarjeta de crédito,Río Negro,1-30,WhatsApp,True,78.0,0.068,neutro,4,Promesa,10850.0,5471.0
GE-0004695,G04,Gestor 04,2026-05,KB-109902,Retail,Tarjeta de crédito,Salto,91-180,Llamada,True,80.1,-0.355,enojo,4,Promesa,33700.0,12940.0
GE-0004696,G04,Gestor 04,2026-05,KB-100386,Corporativo,Financiación retail,Montevideo,31-60,WhatsApp,True,80.8,-0.215,objecion,5,Pago,189210.0,171503.0
GE-0004697,G04,Gestor 04,2026-05,KB-111136,Retail,Cuenta corriente,Colonia,91-180,WhatsApp,True,93.1,-0.07,frustracion,6,Pago,429880.0,332202.0
GE-0004698,G04,Gestor 04,2026-05,KB-102877,Pyme,Crédito automotor,Montevideo,1-30,Llamada,True,64.6,0.406,intencion_pago,4,Promesa,28890.0,9061.0
GE-0004699,G04,Gestor 04,2026-05,KB-104848,Retail,Préstamo personal,Tacuarembó,31-60,Llamada,True,77.3,0.519,intencion_pago,3,Pago,55200.0,45679.0
GE-0004700,G04,Gestor 04,2026-05,KB-108689,Pyme,Préstamo personal,Montevideo,91-180,WhatsApp,True,73.3,-0.053,objecion,5,Promesa,103070.0,51108.0
GE-0004701,G04,Gestor 04,2026-05,KB-110756,Pyme,Tarjeta de crédito,Montevideo,91-180,WhatsApp,True,77.9,-0.207,dificultad_economica,5,Sin acuerdo,196260.0,0.0
GE-0004702,G05,Gestor 05,2026-05,KB-107454,Pyme,Microcrédito,Rivera,91-180,WhatsApp,True,61.2,-0.346,dificultad_economica,3,Promesa,85250.0,45862.0
GE-0004703,G05,Gestor 05,2026-05,KB-103648,Pyme,Microcrédito,Montevideo,91-180,Llamada,True,49.8,-0.342,ansiedad,3,Pago,26620.0,26243.0
GE-0004704,G05,Gestor 05,2026-05,KB-110261,Retail,Tarjeta de crédito,Maldonado,91-180,WhatsApp,True,54.4,-0.258,ansiedad,3,No contacto,54560.0,0.0
GE-0004705,G05,Gestor 05,2026-05,KB-104057,Retail,Cuenta corriente,Durazno,61-90,WhatsApp,True,46.1,-0.087,neutro,1,Promesa,23030.0,13063.0
GE-0004706,G05,Gestor 05,2026-05,KB-103438,Retail,Préstamo personal,Lavalleja,31-60,Llamada,True,52.7,0.386,intencion_pago,0,Promesa,23700.0,12098.0
GE-0004707,G05,Gestor 05,2026-05,KB-110128,Pyme,Cuenta corriente,Montevideo,1-30,Llamada,True,63.1,0.032,neutro,4,Pago,43880.0,40063.0
GE-0004708,G05,Gestor 05,2026-05,KB-100730,Retail,Préstamo personal,Rocha,91-180,WhatsApp,True,47.8,0.051,ansiedad,2,Promesa,31250.0,12466.0
GE-0004709,G05,Gestor 05,2026-05,KB-109461,Corporativo,Préstamo personal,Montevideo,91-180,WhatsApp,True,47.9,-0.5,frustracion,3,No contacto,72510.0,0.0
GE-0004710,G05,Gestor 05,2026-05,KB-104762,Retail,Cuenta corriente,Canelones,61-90,Llamada,True,45.0,-0.449,objecion,2,Promesa,58250.0,22396.0
GE-0004711,G05,Gestor 05,2026-05,KB-105062,Retail,Microcrédito,Florida,31-60,WhatsApp,True,46.4,0.356,intencion_pago,2,Promesa,31750.0,11931.0
GE-0004712,G05,Gestor 05,2026-05,KB-107567,Pyme,Microcrédito,Montevideo,61-90,WhatsApp,True,52.0,-0.466,ansiedad,3,Promesa,205580.0,63990.0
GE-0004713,G05,Gestor 05,2026-05,KB-103882,Retail,Tarjeta de crédito,Montevideo,1-30,Llamada,True,71.8,0.09,neutro,4,Pago,8780.0,5833.0
GE-0004714,G05,Gestor 05,2026-05,KB-105897,Retail,Microcrédito,Florida,31-60,WhatsApp,True,38.8,-0.162,neutro,0,Promesa,50440.0,29312.0
GE-0004715,G05,Gestor 05,2026-05,KB-100316,Pyme,Crédito automotor,Rocha,1-30,WhatsApp,True,49.3,0.016,neutro,2,Sin acuerdo,451830.0,0.0
GE-0004716,G05,Gestor 05,2026-05,KB-102977,Retail,Tarjeta de crédito,Canelones,31-60,WhatsApp,True,53.3,0.116,neutro,4,Sin acuerdo,23150.0,0.0
GE-0004717,G05,Gestor 05,2026-05,KB-102080,Retail,Préstamo personal,Tacuarembó,180+,Llamada,True,61.6,-0.185,frustracion,2,Sin acuerdo,27200.0,0.0
GE-0004718,G05,Gestor 05,2026-05,KB-104933,Retail,Tarjeta de crédito,Montevideo,31-60,Llamada,True,47.6,0.724,intencion_pago,2,Sin acuerdo,26370.0,0.0
GE-0004719,G05,Gestor 05,2026-05,KB-108057,Retail,Préstamo personal,Montevideo,61-90,Llamada,True,54.1,-0.283,objecion,5,Promesa,95080.0,55443.0
GE-0004720,G05,Gestor 05,2026-05,KB-105970,Retail,Financiación retail,Montevideo,91-180,Llamada,True,50.1,-0.33,objecion,2,Sin acuerdo,91900.0,0.0
GE-0004721,G05,Gestor 05,2026-05,KB-102595,Pyme,Microcrédito,Montevideo,180+,WhatsApp,True,43.3,-0.629,dificultad_economica,1,Promesa,41320.0,19739.0
GE-0004722,G05,Gestor 05,2026-05,KB-109206,Retail,Tarjeta de crédito,San José,61-90,Llamada,True,54.8,-0.09,objecion,2,Promesa,31150.0,17129.0
GE-0004723,G05,Gestor 05,2026-05,KB-109896,Pyme,Tarjeta de crédito,Colonia,1-30,WhatsApp,True,59.9,-0.025,neutro,3,Promesa,21460.0,11900.0
GE-0004724,G05,Gestor 05,2026-05,KB-110542,Pyme,Préstamo personal,Montevideo,1-30,Llamada,True,57.4,-0.352,ansiedad,5,Promesa,53960.0,31112.0
GE-0004725,G05,Gestor 05,2026-05,KB-100041,Corporativo,Cuenta corriente,Río Negro,31-60,Llamada,True,53.2,0.557,intencion_pago,3,Pago,176740.0,175598.0
GE-0004726,G05,Gestor 05,2026-05,KB-110806,Retail,Tarjeta de crédito,San José,31-60,Llamada,True,54.0,-0.103,ansiedad,4,Sin acuerdo,93660.0,0.0
GE-0004727,G05,Gestor 05,2026-05,KB-109827,Retail,Financiación retail,Montevideo,61-90,Llamada,True,58.6,-0.406,ansiedad,2,Promesa,36600.0,19171.0
GE-0004728,G05,Gestor 05,2026-05,KB-106001,Pyme,Préstamo personal,Rivera,61-90,Llamada,True,56.9,-0.434,frustracion,3,Pago,190000.0,183218.0
GE-0004729,G05,Gestor 05,2026-05,KB-106107,Retail,Financiación retail,Río Negro,61-90,WhatsApp,True,51.5,-0.187,objecion,3,Pago,20490.0,18687.0
GE-0004730,G05,Gestor 05,2026-05,KB-100008,Corporativo,Tarjeta de crédito,Montevideo,31-60,Llamada,True,51.1,-0.083,objecion,2,Sin acuerdo,732210.0,0.0
GE-0004731,G05,Gestor 05,2026-05,KB-110447,Retail,Crédito automotor,Canelones,31-60,WhatsApp,True,48.8,0.126,neutro,3,No contacto,23950.0,0.0
GE-0004732,G05,Gestor 05,2026-05,KB-110657,Pyme,Microcrédito,Montevideo,31-60,WhatsApp,True,74.0,-0.434,frustracion,5,No contacto,35360.0,0.0
GE-0004733,G05,Gestor 05,2026-05,KB-101922,Pyme,Préstamo personal,Canelones,1-30,WhatsApp,True,60.4,0.515,intencion_pago,4,Promesa,367310.0,216452.0
GE-0004734,G05,Gestor 05,2026-05,KB-109546,Retail,Tarjeta de crédito,Montevideo,91-180,Llamada,True,58.5,-0.702,enojo,3,Pago,8810.0,7775.0
GE-0004735,G05,Gestor 05,2026-05,KB-109477,Retail,Microcrédito,Colonia,1-30,Llamada,True,43.7,-0.427,frustracion,1,No contacto,11490.0,0.0
GE-0004736,G05,Gestor 05,2026-05,KB-109106,Pyme,Tarjeta de crédito,Rivera,1-30,Llamada,True,58.6,-0.594,enojo,4,Promesa,116020.0,67628.0
GE-0004737,G05,Gestor 05,2026-05,KB-111906,Corporativo,Crédito automotor,Florida,61-90,Llamada,True,61.2,-0.058,ansiedad,2,Pago,6585020.0,5983849.0
GE-0004738,G05,Gestor 05,2026-05,KB-108833,Pyme,Financiación retail,Maldonado,1-30,Llamada,True,59.3,-0.422,frustracion,5,No contacto,520110.0,0.0
GE-0004739,G06,Gestor 06,2026-05,KB-100217,Pyme,Financiación retail,Canelones,1-30,Llamada,True,66.0,-0.065,objecion,2,Promesa,187070.0,110238.0
GE-0004740,G06,Gestor 06,2026-05,KB-103944,Pyme,Cuenta corriente,Montevideo,1-30,Llamada,True,61.7,-0.092,neutro,2,Promesa,221430.0,120778.0
GE-0004741,G06,Gestor 06,2026-05,KB-109171,Pyme,Financiación retail,Montevideo,31-60,Llamada,True,47.4,-0.15,neutro,2,No contacto,65090.0,0.0
GE-0004742,G06,Gestor 06,2026-05,KB-103888,Pyme,Microcrédito,Montevideo,61-90,Llamada,True,75.1,0.144,neutro,4,Promesa,50910.0,24696.0
GE-0004743,G06,Gestor 06,2026-05,KB-111470,Retail,Financiación retail,Cerro Largo,61-90,Llamada,True,68.0,-0.198,dificultad_economica,5,Pago,111750.0,71332.0
GE-0004744,G06,Gestor 06,2026-05,KB-110254,Retail,Préstamo personal,Montevideo,91-180,Llamada,True,57.0,-0.345,ansiedad,2,Promesa,20400.0,8185.0
GE-0004745,G06,Gestor 06,2026-05,KB-105005,Retail,Tarjeta de crédito,Canelones,31-60,WhatsApp,True,63.4,0.439,intencion_pago,5,Pago,19300.0,17847.0
GE-0004746,G06,Gestor 06,2026-05,KB-100655,Corporativo,Préstamo personal,Canelones,61-90,Llamada,True,55.3,-0.225,ansiedad,2,Pago,1219910.0,780321.0
GE-0004747,G06,Gestor 06,2026-05,KB-106384,Retail,Cuenta corriente,Canelones,31-60,Llamada,True,48.7,-0.281,ansiedad,2,Promesa,39040.0,22008.0
GE-0004748,G06,Gestor 06,2026-05,KB-109501,Retail,Préstamo personal,Rivera,180+,Llamada,True,58.2,-0.313,frustracion,5,No contacto,44940.0,0.0
GE-0004749,G06,Gestor 06,2026-05,KB-101418,Corporativo,Tarjeta de crédito,Montevideo,91-180,Llamada,True,65.6,-0.262,dificultad_economica,2,Sin acuerdo,207830.0,0.0
GE-0004750,G06,Gestor 06,2026-05,KB-103300,Corporativo,Financiación retail,Montevideo,31-60,WhatsApp,True,56.9,0.401,intencion_pago,2,Sin acuerdo,2020610.0,0.0
GE-0004751,G06,Gestor 06,2026-05,KB-105996,Retail,Crédito automotor,Cerro Largo,31-60,Llamada,True,58.7,0.515,intencion_pago,1,Pago,12320.0,11538.0
GE-0004752,G06,Gestor 06,2026-05,KB-102197,Retail,Microcrédito,Montevideo,31-60,Llamada,True,60.7,-0.139,ansiedad,3,Promesa,34110.0,10996.0
GE-0004753,G06,Gestor 06,2026-05,KB-108296,Pyme,Préstamo personal,Cerro Largo,1-30,Llamada,True,76.6,0.607,intencion_pago,2,Promesa,31470.0,12498.0
GE-0004754,G06,Gestor 06,2026-05,KB-103602,Retail,Tarjeta de crédito,Montevideo,1-30,Llamada,True,56.6,0.497,intencion_pago,3,No contacto,24110.0,0.0
GE-0004755,G06,Gestor 06,2026-05,KB-105216,Retail,Crédito automotor,Montevideo,91-180,WhatsApp,True,59.8,-0.338,dificultad_economica,3,Promesa,70340.0,26307.0
GE-0004756,G06,Gestor 06,2026-05,KB-108492,Retail,Financiación retail,Canelones,61-90,WhatsApp,True,54.6,-0.262,dificultad_economica,3,Sin acuerdo,13400.0,0.0
GE-0004757,G06,Gestor 06,2026-05,KB-107024,Retail,Tarjeta de crédito,Paysandú,180+,WhatsApp,True,55.9,-0.524,frustracion,2,No contacto,128160.0,0.0
GE-0004758,G06,Gestor 06,2026-05,KB-107084,Pyme,Microcrédito,Montevideo,1-30,Llamada,True,56.3,0.066,neutro,2,Pago,56520.0,54160.0
GE-0004759,G06,Gestor 06,2026-05,KB-105643,Pyme,Préstamo personal,Maldonado,61-90,Llamada,True,53.2,0.067,neutro,3,Promesa,239520.0,139733.0
GE-0004760,G06,Gestor 06,2026-05,KB-106357,Pyme,Microcrédito,Rivera,31-60,Llamada,True,63.8,0.232,intencion_pago,2,Promesa,68990.0,38023.0
GE-0004761,G06,Gestor 06,2026-05,KB-104215,Pyme,Crédito automotor,Montevideo,1-30,WhatsApp,True,50.7,0.474,intencion_pago,3,Sin acuerdo,229190.0,0.0
GE-0004762,G06,Gestor 06,2026-05,KB-109066,Retail,Tarjeta de crédito,Montevideo,31-60,WhatsApp,True,45.8,-0.198,objecion,2,Pago,28940.0,25614.0
GE-0004763,G06,Gestor 06,2026-05,KB-103282,Pyme,Préstamo personal,Montevideo,31-60,WhatsApp,True,67.5,-0.085,objecion,3,Sin acuerdo,48900.0,0.0
GE-0004764,G06,Gestor 06,2026-05,KB-107458,Retail,Microcrédito,Montevideo,31-60,Llamada,True,64.7,0.05,objecion,3,Sin acuerdo,12490.0,0.0
GE-0004765,G06,Gestor 06,2026-05,KB-105092,Retail,Préstamo personal,Montevideo,61-90,Llamada,True,55.3,-0.662,frustracion,3,Promesa,14880.0,6610.0
GE-0004766,G06,Gestor 06,2026-05,KB-105616,Retail,Tarjeta de crédito,San José,1-30,Llamada,True,59.6,-0.129,ansiedad,5,Promesa,46310.0,17767.0
GE-0004767,G06,Gestor 06,2026-05,KB-109290,Corporativo,Préstamo personal,San José,31-60,WhatsApp,True,58.1,0.452,intencion_pago,2,Sin acuerdo,234190.0,0.0
GE-0004768,G06,Gestor 06,2026-05,KB-107499,Pyme,Cuenta corriente,Montevideo,1-30,WhatsApp,True,61.7,0.687,intencion_pago,4,Promesa,305190.0,164114.0
GE-0004769,G06,Gestor 06,2026-05,KB-104194,Pyme,Préstamo personal,Montevideo,61-90,WhatsApp,True,63.7,-0.095,objecion,4,No contacto,170550.0,0.0
GE-0004770,G06,Gestor 06,2026-05,KB-105607,Pyme,Tarjeta de crédito,Montevideo,91-180,WhatsApp,True,57.5,-0.264,ansiedad,4,Pago,96070.0,89851.0
GE-0004771,G06,Gestor 06,2026-05,KB-110755,Retail,Financiación retail,Rivera,1-30,WhatsApp,True,56.7,0.62,intencion_pago,3,Promesa,12090.0,6549.0
GE-0004772,G06,Gestor 06,2026-05,KB-109606,Retail,Cuenta corriente,Canelones,1-30,Llamada,True,68.6,-0.264,frustracion,4,Sin acuerdo,13340.0,0.0
GE-0004773,G06,Gestor 06,2026-05,KB-101026,Pyme,Tarjeta de crédito,Montevideo,1-30,WhatsApp,True,75.5,0.026,objecion,4,Promesa,74230.0,43289.0
GE-0004774,G06,Gestor 06,2026-05,KB-103441,Retail,Tarjeta de crédito,Canelones,1-30,Llamada,True,67.2,0.219,neutro,4,Sin acuerdo,6930.0,0.0
GE-0004775,G06,Gestor 06,2026-05,KB-108810,Retail,Cuenta corriente,Artigas,61-90,Llamada,True,52.7,-0.382,dificultad_economica,2,No contacto,121760.0,0.0
GE-0004776,G06,Gestor 06,2026-05,KB-109454,Retail,Préstamo personal,Montevideo,91-180,WhatsApp,True,58.7,-0.231,dificultad_economica,3,Pago,15240.0,9599.0
GE-0004777,G06,Gestor 06,2026-05,KB-109029,Pyme,Tarjeta de crédito,Montevideo,91-180,Llamada,True,62.7,0.138,neutro,1,Pago,29540.0,27298.0
GE-0004778,G06,Gestor 06,2026-05,KB-108356,Corporativo,Crédito automotor,Colonia,1-30,WhatsApp,True,70.9,0.095,objecion,2,Promesa,267580.0,149785.0
GE-0004779,G06,Gestor 06,2026-05,KB-105936,Pyme,Préstamo personal,Montevideo,31-60,Llamada,True,82.7,-0.353,enojo,6,Pago,78570.0,65705.0
GE-0004780,G06,Gestor 06,2026-05,KB-100959,Pyme,Microcrédito,Montevideo,91-180,WhatsApp,True,58.9,-0.438,objecion,3,Sin acuerdo,160010.0,0.0
GE-0004781,G07,Gestor 07,2026-05,KB-101175,Retail,Crédito automotor,Tacuarembó,91-180,WhatsApp,True,74.0,-0.248,dificultad_economica,2,Promesa,34430.0,13045.0
GE-0004782,G07,Gestor 07,2026-05,KB-108371,Retail,Tarjeta de crédito,Montevideo,61-90,WhatsApp,True,58.8,0.001,objecion,3,Promesa,89660.0,41008.0
GE-0004783,G07,Gestor 07,2026-05,KB-103467,Corporativo,Cuenta corriente,Montevideo,91-180,WhatsApp,True,73.0,-0.386,dificultad_economica,4,Promesa,1058250.0,346980.0
GE-0004784,G07,Gestor 07,2026-05,KB-102391,Retail,Préstamo personal,Montevideo,31-60,Llamada,True,83.8,-0.167,ansiedad,4,Promesa,66190.0,30712.0
GE-0004785,G07,Gestor 07,2026-05,KB-106889,Retail,Tarjeta de crédito,Montevideo,1-30,WhatsApp,True,79.0,0.781,intencion_pago,4,Sin acuerdo,33620.0,0.0
GE-0004786,G07,Gestor 07,2026-05,KB-108695,Retail,Préstamo personal,Soriano,91-180,WhatsApp,True,88.3,-0.234,frustracion,5,Pago,22500.0,16056.0
GE-0004787,G07,Gestor 07,2026-05,KB-104628,Retail,Préstamo personal,Soriano,61-90,WhatsApp,True,72.3,-0.602,enojo,3,No contacto,11430.0,0.0
GE-0004788,G07,Gestor 07,2026-05,KB-107113,Retail,Crédito automotor,Canelones,61-90,Llamada,True,85.4,-0.138,objecion,5,Promesa,25050.0,13614.0
GE-0004789,G07,Gestor 07,2026-05,KB-102005,Retail,Préstamo personal,San José,31-60,WhatsApp,True,70.0,0.679,intencion_pago,2,Promesa,26930.0,15930.0
GE-0004790,G07,Gestor 07,2026-05,KB-111297,Pyme,Microcrédito,Maldonado,180+,Llamada,True,66.0,-0.272,frustracion,3,Pago,73940.0,44383.0
GE-0004791,G07,Gestor 07,2026-05,KB-110088,Corporativo,Financiación retail,Montevideo,1-30,WhatsApp,True,69.9,-0.061,neutro,5,Promesa,457680.0,265724.0
GE-0004792,G07,Gestor 07,2026-05,KB-108405,Corporativo,Financiación retail,Montevideo,31-60,Llamada,True,72.1,0.013,objecion,3,Promesa,763320.0,394313.0
GE-0004793,G07,Gestor 07,2026-05,KB-110965,Corporativo,Préstamo personal,Montevideo,61-90,WhatsApp,True,85.7,-0.139,frustracion,5,Promesa,925700.0,363333.0
GE-0004794,G07,Gestor 07,2026-05,KB-104771,Retail,Microcrédito,Montevideo,61-90,WhatsApp,True,64.3,-0.563,enojo,3,Sin acuerdo,12850.0,0.0
GE-0004795,G07,Gestor 07,2026-05,KB-102671,Retail,Préstamo personal,Río Negro,31-60,Llamada,True,80.4,0.269,neutro,4,Pago,72800.0,61861.0
GE-0004796,G07,Gestor 07,2026-05,KB-107450,Retail,Tarjeta de crédito,Montevideo,1-30,WhatsApp,True,80.7,0.689,intencion_pago,5,Promesa,42760.0,24598.0
GE-0004797,G07,Gestor 07,2026-05,KB-103651,Pyme,Cuenta corriente,Maldonado,91-180,Llamada,True,81.0,0.086,ansiedad,2,Pago,99120.0,61762.0
GE-0004798,G07,Gestor 07,2026-05,KB-101638,Corporativo,Financiación retail,Montevideo,31-60,WhatsApp,True,70.1,-0.484,frustracion,6,No contacto,202600.0,0.0
GE-0004799,G07,Gestor 07,2026-05,KB-103637,Retail,Tarjeta de crédito,Río Negro,61-90,WhatsApp,True,66.9,-0.144,dificultad_economica,4,Pago,37500.0,25655.0
GE-0004800,G07,Gestor 07,2026-05,KB-107705,Corporativo,Tarjeta de crédito,Montevideo,91-180,Llamada,True,80.5,-0.07,ansiedad,5,Pago,246810.0,194261.0
GE-0004801,G07,Gestor 07,2026-05,KB-103244,Corporativo,Tarjeta de crédito,Canelones,31-60,WhatsApp,True,74.1,0.487,intencion_pago,4,Promesa,93670.0,47633.0
GE-0004802,G07,Gestor 07,2026-05,KB-106705,Retail,Préstamo personal,Montevideo,1-30,Llamada,True,76.0,0.658,intencion_pago,3,Pago,25350.0,24279.0
GE-0004803,G07,Gestor 07,2026-05,KB-107652,Pyme,Préstamo personal,Montevideo,1-30,WhatsApp,True,76.8,-0.334,ansiedad,3,Pago,75510.0,74054.0
GE-0004804,G07,Gestor 07,2026-05,KB-111889,Pyme,Préstamo personal,Montevideo,91-180,WhatsApp,True,74.8,0.15,objecion,3,Promesa,149550.0,58303.0
GE-0004805,G07,Gestor 07,2026-05,KB-108526,Pyme,Crédito automotor,Montevideo,31-60,WhatsApp,True,64.3,-0.48,frustracion,3,Pago,94100.0,75196.0
GE-0004806,G07,Gestor 07,2026-05,KB-102362,Corporativo,Financiación retail,Treinta y Tres,31-60,WhatsApp,True,83.1,0.317,neutro,5,Promesa,428100.0,142319.0
GE-0004807,G07,Gestor 07,2026-05,KB-107461,Retail,Préstamo personal,Montevideo,31-60,Llamada,True,77.5,-0.072,neutro,5,Promesa,24860.0,12707.0
GE-0004808,G07,Gestor 07,2026-05,KB-104761,Pyme,Financiación retail,Florida,1-30,WhatsApp,True,70.3,-0.084,neutro,2,Sin acuerdo,305030.0,0.0
GE-0004809,G07,Gestor 07,2026-05,KB-103008,Retail,Crédito automotor,Maldonado,61-90,Llamada,True,79.5,0.101,objecion,4,Sin acuerdo,8960.0,0.0
GE-0004810,G07,Gestor 07,2026-05,KB-110732,Pyme,Microcrédito,Montevideo,31-60,WhatsApp,True,72.7,0.498,intencion_pago,4,Pago,95420.0,61645.0
GE-0004811,G07,Gestor 07,2026-05,KB-106032,Retail,Préstamo personal,Maldonado,1-30,WhatsApp,True,74.1,0.439,intencion_pago,4,Promesa,46290.0,22669.0
GE-0004812,G07,Gestor 07,2026-05,KB-109099,Corporativo,Préstamo personal,Canelones,31-60,Llamada,True,69.9,0.745,intencion_pago,5,Promesa,462710.0,246915.0
GE-0004813,G07,Gestor 07,2026-05,KB-109312,Pyme,Préstamo personal,Paysandú,91-180,Llamada,True,79.5,-0.317,dificultad_economica,3,Pago,113280.0,74056.0
GE-0004814,G07,Gestor 07,2026-05,KB-111104,Pyme,Tarjeta de crédito,Canelones,180+,Llamada,True,69.0,-0.265,frustracion,3,Promesa,93400.0,32231.0
GE-0004815,G07,Gestor 07,2026-05,KB-107025,Retail,Financiación retail,Salto,1-30,Llamada,True,84.4,0.003,neutro,3,Promesa,25790.0,13328.0
GE-0004816,G07,Gestor 07,2026-05,KB-106257,Retail,Financiación retail,Maldonado,61-90,WhatsApp,True,85.2,-0.102,ansiedad,7,Promesa,8080.0,2588.0
GE-0004817,G07,Gestor 07,2026-05,KB-100906,Retail,Microcrédito,Montevideo,180+,WhatsApp,True,75.1,-0.463,enojo,3,Sin acuerdo,17330.0,0.0
GE-0004818,G07,Gestor 07,2026-05,KB-103414,Retail,Cuenta corriente,Paysandú,31-60,Llamada,True,69.4,0.764,intencion_pago,3,Promesa,17150.0,5709.0
GE-0004819,G08,Gestor 08,2026-05,KB-106015,Corporativo,Tarjeta de crédito,Montevideo,61-90,Llamada,True,74.7,-0.19,frustracion,4,Sin acuerdo,281330.0,0.0
GE-0004820,G08,Gestor 08,2026-05,KB-108273,Retail,Tarjeta de crédito,San José,1-30,WhatsApp,True,79.9,0.451,intencion_pago,5,Pago,32070.0,26273.0
GE-0004821,G08,Gestor 08,2026-05,KB-100954,Retail,Préstamo personal,Montevideo,31-60,WhatsApp,True,51.1,0.145,neutro,3,Promesa,22970.0,12249.0
GE-0004822,G08,Gestor 08,2026-05,KB-101203,Retail,Préstamo personal,Montevideo,91-180,WhatsApp,True,74.0,-0.201,dificultad_economica,6,Promesa,76970.0,26389.0
GE-0004823,G08,Gestor 08,2026-05,KB-105722,Pyme,Tarjeta de crédito,Artigas,31-60,WhatsApp,True,77.7,-0.068,objecion,2,Pago,42170.0,32691.0
GE-0004824,G08,Gestor 08,2026-05,KB-111512,Retail,Préstamo personal,Montevideo,1-30,Llamada,True,71.0,0.1,neutro,3,Pago,23070.0,20201.0
GE-0004825,G08,Gestor 08,2026-05,KB-108980,Corporativo,Tarjeta de crédito,Paysandú,61-90,WhatsApp,True,60.7,-0.867,enojo,3,No contacto,325040.0,0.0
GE-0004826,G08,Gestor 08,2026-05,KB-107101,Retail,Financiación retail,Durazno,1-30,WhatsApp,True,85.7,-0.104,objecion,5,Pago,52210.0,40062.0
GE-0004827,G08,Gestor 08,2026-05,KB-105240,Pyme,Tarjeta de crédito,Lavalleja,91-180,WhatsApp,True,63.9,-0.025,neutro,4,Promesa,96360.0,45363.0
GE-0004828,G08,Gestor 08,2026-05,KB-109878,Retail,Tarjeta de crédito,Canelones,31-60,Llamada,True,72.6,0.632,intencion_pago,3,Pago,15130.0,11719.0
GE-0004829,G08,Gestor 08,2026-05,KB-105785,Retail,Préstamo personal,Maldonado,91-180,WhatsApp,True,74.6,-0.42,enojo,4,No contacto,18110.0,0.0
GE-0004830,G08,Gestor 08,2026-05,KB-102120,Pyme,Tarjeta de crédito,Canelones,61-90,Llamada,True,70.5,0.193,neutro,3,Pago,343830.0,313626.0
GE-0004831,G08,Gestor 08,2026-05,KB-102119,Retail,Cuenta corriente,Montevideo,1-30,WhatsApp,True,71.1,-0.362,frustracion,3,Promesa,27960.0,15023.0
GE-0004832,G08,Gestor 08,2026-05,KB-102041,Retail,Financiación retail,Rocha,31-60,WhatsApp,True,64.3,0.241,neutro,2,Promesa,12500.0,6409.0
GE-0004833,G08,Gestor 08,2026-05,KB-100588,Pyme,Financiación retail,Montevideo,1-30,WhatsApp,True,68.0,0.35,intencion_pago,3,Pago,35860.0,32955.0
GE-0004834,G08,Gestor 08,2026-05,KB-100795,Retail,Tarjeta de crédito,Montevideo,31-60,Llamada,True,74.0,-0.095,ansiedad,3,Sin acuerdo,4500.0,0.0
GE-0004835,G08,Gestor 08,2026-05,KB-104620,Retail,Crédito automotor,Montevideo,180+,WhatsApp,True,68.9,-0.393,enojo,4,Sin acuerdo,33370.0,0.0
GE-0004836,G08,Gestor 08,2026-05,KB-111526,Retail,Cuenta corriente,Tacuarembó,1-30,WhatsApp,True,81.3,0.438,intencion_pago,2,Promesa,17150.0,9577.0
GE-0004837,G08,Gestor 08,2026-05,KB-100642,Retail,Préstamo personal,Paysandú,31-60,Llamada,True,69.2,0.118,neutro,4,Promesa,19500.0,10838.0
GE-0004838,G08,Gestor 08,2026-05,KB-110877,Pyme,Tarjeta de crédito,Canelones,91-180,Llamada,True,57.1,-0.476,dificultad_economica,1,Promesa,129750.0,53724.0
GE-0004839,G08,Gestor 08,2026-05,KB-109091,Pyme,Financiación retail,Montevideo,61-90,Llamada,True,75.0,0.094,objecion,4,Pago,77810.0,76105.0
GE-0004840,G08,Gestor 08,2026-05,KB-100210,Retail,Crédito automotor,Montevideo,180+,WhatsApp,True,68.8,0.097,objecion,3,Promesa,17810.0,5918.0
GE-0004841,G08,Gestor 08,2026-05,KB-102222,Corporativo,Tarjeta de crédito,Trinidad,1-30,WhatsApp,True,74.9,0.747,intencion_pago,4,Promesa,400360.0,136822.0
GE-0004842,G08,Gestor 08,2026-05,KB-105109,Retail,Cuenta corriente,Montevideo,31-60,WhatsApp,True,62.9,0.493,intencion_pago,1,Pago,32140.0,23425.0
GE-0004843,G08,Gestor 08,2026-05,KB-109377,Retail,Financiación retail,Rocha,180+,WhatsApp,True,75.5,-0.086,dificultad_economica,3,Pago,42110.0,33500.0
GE-0004844,G08,Gestor 08,2026-05,KB-106524,Retail,Préstamo personal,Montevideo,1-30,WhatsApp,True,70.2,0.51,intencion_pago,4,Pago,18890.0,12338.0
GE-0004845,G08,Gestor 08,2026-05,KB-106347,Corporativo,Financiación retail,Montevideo,1-30,Llamada,True,67.0,-0.235,ansiedad,4,Promesa,478920.0,263921.0
GE-0004846,G08,Gestor 08,2026-05,KB-104716,Corporativo,Préstamo personal,Rivera,91-180,Llamada,True,71.9,0.047,neutro,4,Sin acuerdo,463510.0,0.0
GE-0004847,G08,Gestor 08,2026-05,KB-108126,Retail,Microcrédito,Paysandú,91-180,Llamada,True,67.6,-0.262,objecion,4,No contacto,26330.0,0.0
GE-0004848,G08,Gestor 08,2026-05,KB-100908,Pyme,Crédito automotor,Canelones,1-30,WhatsApp,True,79.5,0.697,intencion_pago,5,Promesa,507080.0,290802.0
GE-0004849,G08,Gestor 08,2026-05,KB-105425,Corporativo,Tarjeta de crédito,Canelones,180+,Llamada,True,62.5,-0.435,enojo,2,No contacto,194180.0,0.0
GE-0004850,G08,Gestor 08,2026-05,KB-107792,Retail,Préstamo personal,San José,91-180,Llamada,True,61.3,-0.849,enojo,2,Sin acuerdo,45410.0,0.0
GE-0004851,G08,Gestor 08,2026-05,KB-108657,Retail,Crédito automotor,Montevideo,180+,WhatsApp,True,81.7,-0.156,frustracion,4,Pago,15400.0,9420.0
GE-0004852,G08,Gestor 08,2026-05,KB-102404,Retail,Tarjeta de crédito,Montevideo,1-30,WhatsApp,True,78.7,0.844,intencion_pago,5,Promesa,32970.0,19378.0
GE-0004853,G08,Gestor 08,2026-05,KB-110100,Retail,Préstamo personal,Rocha,91-180,WhatsApp,True,74.6,0.132,objecion,4,Pago,34620.0,32245.0
GE-0004854,G08,Gestor 08,2026-05,KB-102445,Corporativo,Microcrédito,Montevideo,1-30,WhatsApp,True,62.1,-0.209,frustracion,5,Promesa,132560.0,74921.0
GE-0004855,G08,Gestor 08,2026-05,KB-107536,Retail,Microcrédito,Soriano,31-60,Llamada,True,65.6,-0.043,neutro,1,Sin acuerdo,110090.0,0.0
GE-0004856,G08,Gestor 08,2026-05,KB-100272,Retail,Financiación retail,Montevideo,31-60,WhatsApp,True,72.6,0.03,neutro,4,Sin acuerdo,106430.0,0.0
GE-0004857,G08,Gestor 08,2026-05,KB-111357,Pyme,Préstamo personal,Montevideo,1-30,WhatsApp,True,62.4,0.514,intencion_pago,4,Promesa,389450.0,203112.0
GE-0004858,G08,Gestor 08,2026-05,KB-106554,Pyme,Préstamo personal,Montevideo,91-180,Llamada,True,75.8,-0.181,frustracion,3,Pago,130070.0,119622.0
GE-0004859,G08,Gestor 08,2026-05,KB-106362,Retail,Tarjeta de crédito,Canelones,31-60,WhatsApp,True,78.9,-0.327,frustracion,5,Promesa,58920.0,34296.0
GE-0004860,G08,Gestor 08,2026-05,KB-108998,Retail,Microcrédito,Montevideo,91-180,Llamada,True,68.2,-0.244,objecion,4,Pago,14110.0,12695.0
GE-0004861,G08,Gestor 08,2026-05,KB-103781,Pyme,Cuenta corriente,Durazno,31-60,Llamada,True,69.5,0.545,intencion_pago,5,Pago,30280.0,25783.0
GE-0004862,G08,Gestor 08,2026-05,KB-109148,Pyme,Préstamo personal,Montevideo,91-180,Llamada,True,82.2,0.031,objecion,5,Sin acuerdo,165270.0,0.0
GE-0004863,G08,Gestor 08,2026-05,KB-106519,Corporativo,Crédito automotor,Rocha,91-180,Llamada,True,62.9,-0.358,dificultad_economica,5,Promesa,1063390.0,411446.0
GE-0004864,G08,Gestor 08,2026-05,KB-111101,Pyme,Tarjeta de crédito,Salto,31-60,Llamada,True,72.8,0.445,intencion_pago,2,Pago,152640.0,126854.0
GE-0004865,G09,Gestor 09,2026-05,KB-101714,Corporativo,Tarjeta de crédito,Maldonado,180+,WhatsApp,True,82.2,-0.367,frustracion,2,Promesa,903460.0,342887.0
GE-0004866,G09,Gestor 09,2026-05,KB-102485,Pyme,Préstamo personal,Canelones,61-90,Llamada,True,68.3,0.098,neutro,5,Promesa,55920.0,28901.0
GE-0004867,G09,Gestor 09,2026-05,KB-101541,Retail,Cuenta corriente,Durazno,91-180,WhatsApp,True,84.1,-0.302,enojo,4,Promesa,30390.0,10829.0
GE-0004868,G09,Gestor 09,2026-05,KB-100500,Retail,Tarjeta de crédito,Canelones,31-60,WhatsApp,True,63.1,0.477,intencion_pago,3,Sin acuerdo,24920.0,0.0
GE-0004869,G09,Gestor 09,2026-05,KB-107117,Retail,Préstamo personal,Paysandú,1-30,Llamada,True,63.5,-0.155,ansiedad,4,Pago,15300.0,15166.0
GE-0004870,G09,Gestor 09,2026-05,KB-101180,Pyme,Préstamo personal,Montevideo,31-60,Llamada,True,89.5,-0.014,ansiedad,6,Promesa,102500.0,58033.0
GE-0004871,G09,Gestor 09,2026-05,KB-102682,Retail,Tarjeta de crédito,Florida,1-30,WhatsApp,True,70.2,-0.118,neutro,4,Promesa,31940.0,18274.0
GE-0004872,G09,Gestor 09,2026-05,KB-100307,Pyme,Crédito automotor,Maldonado,31-60,Llamada,True,75.9,-0.178,objecion,4,Pago,145280.0,123424.0
GE-0004873,G09,Gestor 09,2026-05,KB-103845,Retail,Préstamo personal,Montevideo,61-90,Llamada,True,85.7,-0.108,objecion,4,Pago,21870.0,16073.0
GE-0004874,G09,Gestor 09,2026-05,KB-103938,Pyme,Tarjeta de crédito,Canelones,31-60,WhatsApp,True,78.4,-0.095,ansiedad,4,Pago,107060.0,98871.0
GE-0004875,G09,Gestor 09,2026-05,KB-105997,Retail,Préstamo personal,San José,1-30,Llamada,True,69.9,-0.123,neutro,4,Promesa,28470.0,10513.0
GE-0004876,G09,Gestor 09,2026-05,KB-102978,Pyme,Microcrédito,Canelones,1-30,Llamada,True,80.3,0.039,neutro,3,Promesa,421030.0,218698.0
GE-0004877,G09,Gestor 09,2026-05,KB-106224,Retail,Préstamo personal,Montevideo,1-30,WhatsApp,True,67.6,0.582,intencion_pago,5,Promesa,61160.0,24929.0
GE-0004878,G09,Gestor 09,2026-05,KB-105075,Retail,Préstamo personal,Flores,61-90,WhatsApp,True,66.9,0.075,neutro,4,Pago,12070.0,10237.0
GE-0004879,G09,Gestor 09,2026-05,KB-109501,Retail,Préstamo personal,Rivera,180+,Llamada,True,76.5,-0.266,dificultad_economica,3,Pago,44940.0,29591.0
GE-0004880,G09,Gestor 09,2026-05,KB-106096,Pyme,Microcrédito,Montevideo,1-30,Llamada,True,76.6,0.26,neutro,2,Promesa,33450.0,15279.0
GE-0004881,G09,Gestor 09,2026-05,KB-105316,Retail,Tarjeta de crédito,Canelones,1-30,Llamada,True,77.1,0.408,intencion_pago,4,Pago,14030.0,10603.0
GE-0004882,G09,Gestor 09,2026-05,KB-109864,Retail,Financiación retail,Montevideo,31-60,Llamada,True,73.1,0.257,neutro,3,Promesa,34390.0,16744.0
GE-0004883,G09,Gestor 09,2026-05,KB-105265,Retail,Microcrédito,Montevideo,1-30,WhatsApp,True,84.3,0.542,intencion_pago,3,Pago,49000.0,32191.0
GE-0004884,G09,Gestor 09,2026-05,KB-109367,Pyme,Préstamo personal,Maldonado,31-60,WhatsApp,True,85.2,-0.357,frustracion,5,No contacto,35440.0,0.0
GE-0004885,G09,Gestor 09,2026-05,KB-109650,Corporativo,Préstamo personal,Soriano,1-30,Llamada,True,82.4,0.604,intencion_pago,6,Sin acuerdo,1311790.0,0.0
GE-0004886,G09,Gestor 09,2026-05,KB-109942,Pyme,Préstamo personal,Maldonado,1-30,Llamada,True,82.8,0.019,neutro,4,Promesa,54860.0,27806.0
GE-0004887,G09,Gestor 09,2026-05,KB-102836,Retail,Tarjeta de crédito,Salto,1-30,Llamada,True,73.4,0.612,intencion_pago,4,Pago,20470.0,20148.0
GE-0004888,G09,Gestor 09,2026-05,KB-100255,Retail,Tarjeta de crédito,Paysandú,31-60,Llamada,True,78.9,0.766,intencion_pago,3,Pago,25780.0,23238.0
GE-0004889,G09,Gestor 09,2026-05,KB-105661,Pyme,Crédito automotor,Paysandú,1-30,Llamada,True,72.9,-0.245,ansiedad,3,Pago,43230.0,30763.0
GE-0004890,G09,Gestor 09,2026-05,KB-104413,Retail,Tarjeta de crédito,Canelones,31-60,WhatsApp,True,82.2,0.062,ansiedad,3,Promesa,10270.0,4245.0
GE-0004891,G09,Gestor 09,2026-05,KB-103042,Corporativo,Cuenta corriente,Montevideo,31-60,Llamada,True,80.4,0.088,neutro,5,Sin acuerdo,107380.0,0.0
GE-0004892,G09,Gestor 09,2026-05,KB-107761,Pyme,Crédito automotor,Montevideo,1-30,WhatsApp,True,63.2,0.202,neutro,4,Pago,296560.0,252984.0
GE-0004893,G09,Gestor 09,2026-05,KB-100887,Retail,Préstamo personal,Rivera,91-180,Llamada,True,79.7,-0.268,frustracion,2,Promesa,45080.0,18123.0
GE-0004894,G09,Gestor 09,2026-05,KB-111476,Pyme,Crédito automotor,Montevideo,31-60,Llamada,True,75.3,0.037,objecion,5,Sin acuerdo,129700.0,0.0
GE-0004895,G09,Gestor 09,2026-05,KB-109191,Corporativo,Préstamo personal,Lavalleja,91-180,Llamada,True,77.0,-0.515,enojo,2,No contacto,229340.0,0.0
GE-0004896,G09,Gestor 09,2026-05,KB-108308,Retail,Préstamo personal,San José,61-90,Llamada,True,72.0,-0.226,frustracion,4,Pago,91500.0,63812.0
GE-0004897,G09,Gestor 09,2026-05,KB-109220,Retail,Tarjeta de crédito,Montevideo,91-180,Llamada,True,80.9,-0.576,enojo,3,No contacto,19070.0,0.0
GE-0004898,G09,Gestor 09,2026-05,KB-106077,Retail,Préstamo personal,Rocha,1-30,Llamada,True,63.4,-0.035,objecion,3,Promesa,17090.0,8770.0
GE-0004899,G09,Gestor 09,2026-05,KB-109021,Retail,Préstamo personal,Florida,91-180,WhatsApp,True,70.1,-0.244,dificultad_economica,2,No contacto,37500.0,0.0
GE-0004900,G09,Gestor 09,2026-05,KB-110042,Retail,Tarjeta de crédito,Montevideo,31-60,Llamada,True,82.4,0.285,neutro,4,Pago,16720.0,16055.0
GE-0004901,G09,Gestor 09,2026-05,KB-109040,Retail,Préstamo personal,Montevideo,180+,Llamada,True,72.5,-0.716,enojo,3,No contacto,22310.0,0.0
GE-0004902,G09,Gestor 09,2026-05,KB-110104,Retail,Crédito automotor,Montevideo,1-30,WhatsApp,True,67.8,-0.05,ansiedad,3,Sin acuerdo,26310.0,0.0
GE-0004903,G09,Gestor 09,2026-05,KB-104932,Retail,Financiación retail,Canelones,31-60,WhatsApp,True,66.2,-0.507,frustracion,4,Pago,26830.0,26697.0
GE-0004904,G09,Gestor 09,2026-05,KB-103905,Retail,Crédito automotor,Paysandú,1-30,WhatsApp,True,92.9,0.201,neutro,5,Pago,66730.0,64728.0
GE-0004905,G09,Gestor 09,2026-05,KB-104277,Pyme,Microcrédito,Canelones,1-30,WhatsApp,True,65.9,-0.0,neutro,3,Pago,30170.0,22633.0
GE-0004906,G09,Gestor 09,2026-05,KB-102192,Retail,Tarjeta de crédito,Montevideo,61-90,WhatsApp,True,73.3,-0.011,objecion,2,Promesa,55180.0,22838.0
GE-0004907,G09,Gestor 09,2026-05,KB-110650,Retail,Tarjeta de crédito,Montevideo,61-90,WhatsApp,True,55.9,-0.185,dificultad_economica,1,Sin acuerdo,24530.0,0.0
GE-0004908,G10,Gestor 10,2026-05,KB-100492,Retail,Préstamo personal,Salto,61-90,Llamada,True,72.7,-0.174,dificultad_economica,4,Promesa,46590.0,26760.0
GE-0004909,G10,Gestor 10,2026-05,KB-107992,Retail,Tarjeta de crédito,Canelones,31-60,WhatsApp,True,69.8,0.211,neutro,4,Sin acuerdo,87550.0,0.0
GE-0004910,G10,Gestor 10,2026-05,KB-109206,Retail,Tarjeta de crédito,San José,61-90,Llamada,True,58.0,-0.229,dificultad_economica,2,Pago,31150.0,29068.0
GE-0004911,G10,Gestor 10,2026-05,KB-111478,Pyme,Crédito automotor,Soriano,91-180,Llamada,True,58.8,-0.52,frustracion,2,No contacto,66920.0,0.0
GE-0004912,G10,Gestor 10,2026-05,KB-107675,Pyme,Microcrédito,Florida,91-180,Llamada,True,71.1,-0.486,enojo,2,No contacto,42310.0,0.0
GE-0004913,G10,Gestor 10,2026-05,KB-105898,Pyme,Tarjeta de crédito,Treinta y Tres,61-90,WhatsApp,True,63.1,-0.302,dificultad_economica,1,Sin acuerdo,50780.0,0.0
GE-0004914,G10,Gestor 10,2026-05,KB-111874,Retail,Préstamo personal,Montevideo,1-30,Llamada,True,62.1,-0.034,ansiedad,2,Promesa,10370.0,5543.0
GE-0004915,G10,Gestor 10,2026-05,KB-108419,Retail,Crédito automotor,Canelones,1-30,WhatsApp,True,65.9,0.512,intencion_pago,4,Sin acuerdo,39070.0,0.0
GE-0004916,G10,Gestor 10,2026-05,KB-109016,Retail,Microcrédito,Montevideo,180+,Llamada,True,62.2,-0.194,dificultad_economica,3,Pago,2930.0,2637.0
GE-0004917,G10,Gestor 10,2026-05,KB-105332,Retail,Financiación retail,Montevideo,91-180,WhatsApp,True,64.1,-0.373,dificultad_economica,4,No contacto,20610.0,0.0
GE-0004918,G10,Gestor 10,2026-05,KB-106840,Pyme,Crédito automotor,Rivera,31-60,Llamada,True,77.8,-0.043,objecion,4,Pago,108790.0,84236.0
GE-0004919,G10,Gestor 10,2026-05,KB-110793,Retail,Tarjeta de crédito,Montevideo,31-60,Llamada,True,55.2,0.484,intencion_pago,3,Promesa,13110.0,5139.0
GE-0004920,G10,Gestor 10,2026-05,KB-105656,Retail,Tarjeta de crédito,Montevideo,91-180,WhatsApp,True,57.2,-0.372,frustracion,4,Promesa,15480.0,6052.0
GE-0004921,G10,Gestor 10,2026-05,KB-108170,Pyme,Cuenta corriente,Montevideo,1-30,WhatsApp,True,54.7,0.424,intencion_pago,3,Promesa,205970.0,108366.0
GE-0004922,G10,Gestor 10,2026-05,KB-108682,Corporativo,Préstamo personal,Maldonado,91-180,Llamada,True,69.6,-0.025,objecion,3,Promesa,438640.0,227298.0
GE-0004923,G10,Gestor 10,2026-05,KB-102330,Pyme,Microcrédito,Montevideo,31-60,WhatsApp,True,66.1,0.172,neutro,5,Promesa,216990.0,120088.0
GE-0004924,G10,Gestor 10,2026-05,KB-103939,Retail,Préstamo personal,Montevideo,31-60,WhatsApp,True,60.8,0.316,neutro,2,Pago,25510.0,24379.0
GE-0004925,G10,Gestor 10,2026-05,KB-108050,Corporativo,Tarjeta de crédito,San José,180+,Llamada,True,60.2,-0.279,ansiedad,3,Pago,739510.0,458241.0
GE-0004926,G10,Gestor 10,2026-05,KB-107230,Retail,Préstamo personal,Canelones,31-60,WhatsApp,True,60.6,0.008,ansiedad,4,Sin acuerdo,29710.0,0.0
GE-0004927,G10,Gestor 10,2026-05,KB-110150,Pyme,Préstamo personal,Salto,180+,Llamada,True,81.8,-0.061,dificultad_economica,4,Promesa,97990.0,31541.0
GE-0004928,G10,Gestor 10,2026-05,KB-110960,Retail,Tarjeta de crédito,Montevideo,1-30,Llamada,True,70.5,0.685,intencion_pago,2,Pago,13540.0,11986.0
GE-0004929,G10,Gestor 10,2026-05,KB-111009,Retail,Préstamo personal,Canelones,91-180,WhatsApp,True,77.8,0.178,objecion,1,Sin acuerdo,26710.0,0.0
GE-0004930,G10,Gestor 10,2026-05,KB-107895,Retail,Préstamo personal,Montevideo,1-30,WhatsApp,True,56.0,-0.034,neutro,0,Pago,21220.0,14567.0
GE-0004931,G10,Gestor 10,2026-05,KB-107409,Pyme,Tarjeta de crédito,San José,1-30,Llamada,True,52.5,-0.049,ansiedad,3,Pago,331860.0,261444.0
GE-0004932,G10,Gestor 10,2026-05,KB-100816,Retail,Cuenta corriente,Montevideo,61-90,Llamada,True,78.5,-0.511,enojo,2,Pago,18660.0,14977.0
GE-0004933,G10,Gestor 10,2026-05,KB-101437,Pyme,Cuenta corriente,Montevideo,91-180,WhatsApp,True,71.7,-0.132,ansiedad,3,Sin acuerdo,35150.0,0.0
GE-0004934,G10,Gestor 10,2026-05,KB-108457,Retail,Crédito automotor,Montevideo,31-60,Llamada,True,62.5,0.158,objecion,4,Promesa,27630.0,15858.0
GE-0004935,G10,Gestor 10,2026-05,KB-100733,Retail,Préstamo personal,Canelones,91-180,WhatsApp,True,70.7,-0.408,frustracion,4,Promesa,76570.0,32720.0
GE-0004936,G10,Gestor 10,2026-05,KB-102486,Retail,Préstamo personal,Montevideo,31-60,WhatsApp,True,63.7,0.069,neutro,4,Pago,35970.0,23091.0
GE-0004937,G10,Gestor 10,2026-05,KB-104477,Retail,Tarjeta de crédito,Canelones,91-180,Llamada,True,42.6,-0.389,ansiedad,0,No contacto,8010.0,0.0
GE-0004938,G10,Gestor 10,2026-05,KB-103989,Retail,Préstamo personal,Cerro Largo,1-30,Llamada,True,69.8,0.604,intencion_pago,3,Pago,33370.0,29862.0
GE-0004939,G10,Gestor 10,2026-05,KB-109525,Retail,Tarjeta de crédito,Paysandú,1-30,Llamada,True,66.0,0.175,neutro,3,Promesa,158460.0,91773.0
GE-0004940,G10,Gestor 10,2026-05,KB-101055,Retail,Tarjeta de crédito,Montevideo,180+,WhatsApp,True,67.0,-0.52,frustracion,3,Sin acuerdo,20220.0,0.0
GE-0004941,G10,Gestor 10,2026-05,KB-105107,Retail,Tarjeta de crédito,Canelones,1-30,Llamada,True,76.4,0.529,neutro,3,Promesa,108730.0,53170.0
GE-0004942,G10,Gestor 10,2026-05,KB-111005,Retail,Financiación retail,Salto,31-60,WhatsApp,True,67.3,0.215,neutro,3,Promesa,33560.0,16565.0
GE-0004943,G10,Gestor 10,2026-05,KB-101392,Pyme,Préstamo personal,Salto,180+,WhatsApp,True,78.5,-0.098,neutro,5,Promesa,38760.0,13164.0
GE-0004944,G10,Gestor 10,2026-05,KB-108775,Retail,Financiación retail,Montevideo,91-180,Llamada,True,57.3,-0.247,dificultad_economica,4,Sin acuerdo,5450.0,0.0
GE-0004945,G10,Gestor 10,2026-05,KB-109014,Pyme,Préstamo personal,Montevideo,61-90,WhatsApp,True,55.0,-0.311,frustracion,3,Promesa,181860.0,67423.0
GE-0004946,G10,Gestor 10,2026-05,KB-106534,Corporativo,Cuenta corriente,Montevideo,1-30,WhatsApp,True,56.6,-0.359,ansiedad,4,Pago,593430.0,539163.0
GE-0004947,G10,Gestor 10,2026-05,KB-106526,Pyme,Préstamo personal,Montevideo,31-60,WhatsApp,True,61.4,0.297,neutro,3,Promesa,210220.0,102916.0
GE-0004948,G10,Gestor 10,2026-05,KB-109826,Pyme,Préstamo personal,Colonia,91-180,WhatsApp,True,56.8,-0.076,neutro,4,No contacto,477710.0,0.0
GE-0004949,G10,Gestor 10,2026-05,KB-101282,Retail,Tarjeta de crédito,Montevideo,61-90,WhatsApp,True,68.4,0.125,neutro,3,Pago,105580.0,88052.0
GE-0004950,G10,Gestor 10,2026-05,KB-103758,Retail,Tarjeta de crédito,Montevideo,91-180,Llamada,True,69.9,-0.562,enojo,4,Sin acuerdo,12790.0,0.0
GE-0004951,G10,Gestor 10,2026-05,KB-105219,Retail,Cuenta corriente,Montevideo,31-60,WhatsApp,True,78.9,-0.315,frustracion,5,Pago,47050.0,43166.0
GE-0004952,G11,Gestor 11,2026-05,KB-101435,Corporativo,Préstamo personal,Montevideo,61-90,Llamada,True,86.2,-0.196,dificultad_economica,3,Sin acuerdo,75180.0,0.0
GE-0004953,G11,Gestor 11,2026-05,KB-106915,Pyme,Cuenta corriente,Montevideo,61-90,WhatsApp,True,65.9,-0.146,ansiedad,4,Promesa,374830.0,222908.0
GE-0004954,G11,Gestor 11,2026-05,KB-107970,Retail,Préstamo personal,Montevideo,91-180,Llamada,True,92.0,-0.176,frustracion,6,Sin acuerdo,9530.0,0.0
GE-0004955,G11,Gestor 11,2026-05,KB-105511,Retail,Crédito automotor,Montevideo,1-30,Llamada,True,92.2,0.828,intencion_pago,5,Sin acuerdo,11810.0,0.0
GE-0004956,G11,Gestor 11,2026-05,KB-103217,Retail,Cuenta corriente,Colonia,180+,WhatsApp,True,97.8,-0.075,objecion,4,Sin acuerdo,7470.0,0.0
GE-0004957,G11,Gestor 11,2026-05,KB-105270,Retail,Préstamo personal,Colonia,61-90,WhatsApp,True,80.5,0.11,neutro,4,Promesa,22300.0,8409.0
GE-0004958,G11,Gestor 11,2026-05,KB-101816,Retail,Préstamo personal,Montevideo,31-60,WhatsApp,True,82.1,0.05,neutro,5,Promesa,19220.0,9904.0
GE-0004959,G11,Gestor 11,2026-05,KB-104740,Retail,Microcrédito,Montevideo,91-180,WhatsApp,True,71.6,-0.146,objecion,5,Sin acuerdo,31410.0,0.0
GE-0004960,G11,Gestor 11,2026-05,KB-103165,Pyme,Préstamo personal,Flores,91-180,WhatsApp,True,86.2,-0.244,frustracion,5,Promesa,53420.0,25381.0
GE-0004961,G11,Gestor 11,2026-05,KB-110825,Retail,Financiación retail,Colonia,1-30,WhatsApp,True,76.4,-0.148,frustracion,3,Sin acuerdo,9320.0,0.0
GE-0004962,G11,Gestor 11,2026-05,KB-106796,Retail,Préstamo personal,Montevideo,61-90,Llamada,True,73.1,-0.256,ansiedad,4,Promesa,43270.0,14978.0
GE-0004963,G11,Gestor 11,2026-05,KB-106073,Retail,Tarjeta de crédito,Montevideo,180+,Llamada,True,84.6,-0.118,neutro,2,No contacto,23550.0,0.0
GE-0004964,G11,Gestor 11,2026-05,KB-108445,Pyme,Tarjeta de crédito,Montevideo,31-60,WhatsApp,True,71.2,0.585,intencion_pago,3,Promesa,26160.0,14818.0
GE-0004965,G11,Gestor 11,2026-05,KB-109562,Pyme,Préstamo personal,Florida,91-180,WhatsApp,True,85.2,-0.276,frustracion,4,Sin acuerdo,144540.0,0.0
GE-0004966,G11,Gestor 11,2026-05,KB-105577,Retail,Cuenta corriente,Florida,1-30,WhatsApp,True,75.7,0.631,intencion_pago,3,Sin acuerdo,24080.0,0.0
GE-0004967,G11,Gestor 11,2026-05,KB-106987,Pyme,Tarjeta de crédito,Montevideo,61-90,WhatsApp,True,59.9,0.065,neutro,2,Promesa,62480.0,23309.0
GE-0004968,G11,Gestor 11,2026-05,KB-108903,Pyme,Tarjeta de crédito,Montevideo,1-30,WhatsApp,True,90.2,0.462,neutro,5,Sin acuerdo,114860.0,0.0
GE-0004969,G11,Gestor 11,2026-05,KB-101746,Pyme,Tarjeta de crédito,Canelones,1-30,WhatsApp,True,96.5,0.759,intencion_pago,6,Promesa,6220.0,3160.0
GE-0004970,G11,Gestor 11,2026-05,KB-102240,Pyme,Tarjeta de crédito,San José,61-90,Llamada,True,80.6,0.336,neutro,4,Promesa,27440.0,13115.0
GE-0004971,G11,Gestor 11,2026-05,KB-100244,Retail,Tarjeta de crédito,San José,91-180,WhatsApp,True,85.5,-0.167,ansiedad,5,Pago,18530.0,11681.0
GE-0004972,G11,Gestor 11,2026-05,KB-107392,Retail,Microcrédito,Montevideo,91-180,Llamada,True,88.3,-0.135,dificultad_economica,4,Promesa,59310.0,18574.0
GE-0004973,G11,Gestor 11,2026-05,KB-104943,Retail,Tarjeta de crédito,Maldonado,91-180,WhatsApp,True,77.9,-0.038,neutro,4,Pago,40980.0,37721.0
GE-0004974,G11,Gestor 11,2026-05,KB-105613,Pyme,Préstamo personal,Rivera,31-60,WhatsApp,True,75.6,-0.689,enojo,3,Promesa,46920.0,22879.0
GE-0004975,G11,Gestor 11,2026-05,KB-106414,Corporativo,Microcrédito,Montevideo,91-180,Llamada,True,79.4,-0.115,ansiedad,4,Pago,614260.0,567395.0
GE-0004976,G11,Gestor 11,2026-05,KB-102554,Corporativo,Crédito automotor,Canelones,180+,Llamada,True,81.2,-0.314,frustracion,4,No contacto,608240.0,0.0
GE-0004977,G11,Gestor 11,2026-05,KB-106991,Retail,Préstamo personal,Canelones,31-60,Llamada,True,74.6,-0.474,frustracion,4,Sin acuerdo,50470.0,0.0
GE-0004978,G11,Gestor 11,2026-05,KB-105096,Pyme,Financiación retail,Montevideo,1-30,Llamada,True,87.0,0.62,intencion_pago,3,Promesa,156360.0,90584.0
GE-0004979,G11,Gestor 11,2026-05,KB-100486,Retail,Cuenta corriente,Montevideo,91-180,Llamada,True,86.1,-0.123,frustracion,4,Sin acuerdo,8320.0,0.0
GE-0004980,G11,Gestor 11,2026-05,KB-106979,Pyme,Tarjeta de crédito,Florida,61-90,Llamada,True,100.0,-0.122,frustracion,5,Promesa,99920.0,49458.0
GE-0004981,G11,Gestor 11,2026-05,KB-103831,Retail,Tarjeta de crédito,Montevideo,1-30,WhatsApp,True,73.0,0.704,intencion_pago,4,Pago,18810.0,17618.0
GE-0004982,G11,Gestor 11,2026-05,KB-108411,Retail,Préstamo personal,Montevideo,31-60,WhatsApp,True,89.5,0.247,neutro,5,Promesa,36480.0,14970.0
GE-0004983,G11,Gestor 11,2026-05,KB-105919,Retail,Préstamo personal,Montevideo,91-180,WhatsApp,True,85.9,-0.204,frustracion,4,Pago,17240.0,16987.0
GE-0004984,G11,Gestor 11,2026-05,KB-111396,Retail,Préstamo personal,Montevideo,91-180,Llamada,True,80.1,-0.228,dificultad_economica,5,Promesa,30700.0,16261.0
GE-0004985,G11,Gestor 11,2026-05,KB-101471,Retail,Crédito automotor,Montevideo,31-60,WhatsApp,True,79.7,-0.209,objecion,4,Promesa,39380.0,19205.0
GE-0004986,G11,Gestor 11,2026-05,KB-100728,Corporativo,Microcrédito,Montevideo,91-180,WhatsApp,True,68.3,-0.319,frustracion,4,Promesa,460380.0,241890.0
GE-0004987,G11,Gestor 11,2026-05,KB-103229,Corporativo,Crédito automotor,Paysandú,1-30,WhatsApp,True,81.5,0.491,intencion_pago,5,Promesa,4012560.0,1930155.0
GE-0004988,G11,Gestor 11,2026-05,KB-106297,Pyme,Préstamo personal,Montevideo,1-30,WhatsApp,True,86.2,-0.392,frustracion,4,Promesa,429630.0,243223.0
GE-0004989,G11,Gestor 11,2026-05,KB-107552,Retail,Préstamo personal,Colonia,61-90,Llamada,True,73.4,-0.056,objecion,4,No contacto,24420.0,0.0
GE-0004990,G11,Gestor 11,2026-05,KB-110989,Retail,Préstamo personal,Montevideo,31-60,Llamada,True,86.3,0.521,intencion_pago,4,Promesa,71280.0,40140.0
GE-0004991,G11,Gestor 11,2026-05,KB-102074,Retail,Tarjeta de crédito,Soriano,91-180,Llamada,True,87.5,-0.055,frustracion,6,Pago,23400.0,16402.0
GE-0004992,G11,Gestor 11,2026-05,KB-102346,Retail,Tarjeta de crédito,Montevideo,1-30,Llamada,True,92.2,0.014,ansiedad,5,Pago,54850.0,52262.0
GE-0004993,G12,Gestor 12,2026-05,KB-107184,Corporativo,Tarjeta de crédito,Montevideo,31-60,Llamada,True,80.7,0.187,neutro,4,Pago,1126700.0,850271.0
GE-0004994,G12,Gestor 12,2026-05,KB-111443,Retail,Préstamo personal,Montevideo,31-60,Llamada,True,87.0,-0.093,ansiedad,4,Pago,41790.0,29393.0
GE-0004995,G12,Gestor 12,2026-05,KB-110406,Retail,Financiación retail,Maldonado,61-90,Llamada,True,89.3,0.272,neutro,5,Promesa,28080.0,15398.0
GE-0004996,G12,Gestor 12,2026-05,KB-111183,Corporativo,Préstamo personal,Salto,31-60,WhatsApp,True,81.2,0.255,neutro,5,Sin acuerdo,335770.0,0.0
GE-0004997,G12,Gestor 12,2026-05,KB-110164,Pyme,Préstamo personal,Montevideo,180+,Llamada,True,66.4,0.007,neutro,3,Pago,138370.0,83869.0
GE-0004998,G12,Gestor 12,2026-05,KB-101602,Pyme,Tarjeta de crédito,Montevideo,31-60,WhatsApp,True,79.0,-0.402,enojo,3,Promesa,563620.0,254185.0
GE-0004999,G12,Gestor 12,2026-05,KB-106673,Pyme,Crédito automotor,Paysandú,61-90,WhatsApp,True,72.9,-0.159,objecion,2,Sin acuerdo,31590.0,0.0
GE-0005000,G12,Gestor 12,2026-05,KB-108098,Retail,Tarjeta de crédito,Treinta y Tres,180+,Llamada,True,81.2,-0.276,frustracion,3,No contacto,20110.0,0.0
GE-0005001,G12,Gestor 12,2026-05,KB-109228,Retail,Cuenta corriente,Cerro Largo,61-90,WhatsApp,True,78.2,-0.346,ansiedad,2,Sin acuerdo,32180.0,0.0
GE-0005002,G12,Gestor 12,2026-05,KB-103491,Pyme,Microcrédito,Montevideo,31-60,WhatsApp,True,79.2,0.423,intencion_pago,3,Promesa,252410.0,94131.0
GE-0005003,G12,Gestor 12,2026-05,KB-103948,Retail,Préstamo personal,Maldonado,1-30,Llamada,True,76.4,0.207,neutro,4,Sin acuerdo,43630.0,0.0
GE-0005004,G12,Gestor 12,2026-05,KB-111293,Retail,Préstamo personal,Trinidad,61-90,WhatsApp,True,80.0,-0.121,ansiedad,3,Pago,10430.0,9556.0
GE-0005005,G12,Gestor 12,2026-05,KB-103405,Pyme,Crédito automotor,Maldonado,31-60,Llamada,True,81.4,-0.38,enojo,4,Promesa,193540.0,110361.0
GE-0005006,G12,Gestor 12,2026-05,KB-105556,Retail,Cuenta corriente,Montevideo,91-180,WhatsApp,True,81.4,0.346,neutro,5,Promesa,13290.0,4412.0
GE-0005007,G12,Gestor 12,2026-05,KB-103344,Retail,Financiación retail,Montevideo,31-60,WhatsApp,True,77.4,0.176,neutro,5,Promesa,57580.0,30356.0
GE-0005008,G12,Gestor 12,2026-05,KB-106946,Retail,Financiación retail,Montevideo,91-180,Llamada,True,88.6,0.061,dificultad_economica,4,Promesa,33670.0,18096.0
GE-0005009,G12,Gestor 12,2026-05,KB-110801,Pyme,Tarjeta de crédito,Montevideo,91-180,WhatsApp,True,75.9,-0.348,frustracion,4,Sin acuerdo,100350.0,0.0
GE-0005010,G12,Gestor 12,2026-05,KB-100542,Retail,Microcrédito,Canelones,1-30,WhatsApp,True,72.4,-0.052,ansiedad,4,Sin acuerdo,40580.0,0.0
GE-0005011,G12,Gestor 12,2026-05,KB-100012,Corporativo,Cuenta corriente,San José,61-90,WhatsApp,True,74.0,-0.048,objecion,6,Sin acuerdo,566490.0,0.0
GE-0005012,G12,Gestor 12,2026-05,KB-105484,Pyme,Préstamo personal,Paysandú,1-30,WhatsApp,True,76.0,-0.607,enojo,3,Sin acuerdo,429640.0,0.0
GE-0005013,G12,Gestor 12,2026-05,KB-109123,Retail,Préstamo personal,Montevideo,180+,WhatsApp,True,88.8,-0.327,enojo,4,No contacto,14670.0,0.0
GE-0005014,G12,Gestor 12,2026-05,KB-107625,Pyme,Financiación retail,Durazno,1-30,WhatsApp,True,93.9,-0.124,ansiedad,5,Promesa,101340.0,36699.0
GE-0005015,G12,Gestor 12,2026-05,KB-107948,Retail,Préstamo personal,Treinta y Tres,1-30,Llamada,True,81.9,-0.345,ansiedad,4,Promesa,95840.0,51646.0
GE-0005016,G12,Gestor 12,2026-05,KB-102652,Retail,Microcrédito,Canelones,61-90,WhatsApp,True,72.1,-0.135,frustracion,3,Promesa,25050.0,11197.0
GE-0005017,G12,Gestor 12,2026-05,KB-105554,Pyme,Crédito automotor,Montevideo,61-90,Llamada,True,74.8,-0.082,objecion,4,Promesa,81330.0,26332.0
GE-0005018,G12,Gestor 12,2026-05,KB-102302,Pyme,Préstamo personal,Montevideo,91-180,Llamada,True,82.5,0.031,ansiedad,4,Pago,100720.0,72382.0
GE-0005019,G12,Gestor 12,2026-05,KB-111804,Pyme,Cuenta corriente,Canelones,31-60,WhatsApp,True,88.1,0.729,intencion_pago,4,Promesa,344000.0,188840.0
GE-0005020,G12,Gestor 12,2026-05,KB-109450,Pyme,Microcrédito,Montevideo,31-60,Llamada,True,79.3,0.415,intencion_pago,3,Promesa,72740.0,33793.0
GE-0005021,G12,Gestor 12,2026-05,KB-110574,Retail,Préstamo personal,Canelones,31-60,Llamada,True,62.8,-0.45,enojo,3,Promesa,46680.0,20913.0
GE-0005022,G12,Gestor 12,2026-05,KB-111486,Pyme,Crédito automotor,Canelones,61-90,Llamada,True,81.1,-0.569,enojo,3,Pago,39140.0,27990.0
GE-0005023,G12,Gestor 12,2026-05,KB-103607,Retail,Préstamo personal,Maldonado,180+,WhatsApp,True,78.3,-0.332,frustracion,4,No contacto,18820.0,0.0
GE-0005024,G12,Gestor 12,2026-05,KB-104833,Retail,Tarjeta de crédito,Montevideo,91-180,Llamada,True,84.1,-0.127,ansiedad,5,Promesa,6830.0,2176.0
GE-0005025,G12,Gestor 12,2026-05,KB-103808,Retail,Tarjeta de crédito,Montevideo,31-60,Llamada,True,85.4,0.196,neutro,5,Promesa,8050.0,4097.0
GE-0005026,G12,Gestor 12,2026-05,KB-101660,Retail,Tarjeta de crédito,Canelones,31-60,WhatsApp,True,83.5,0.63,intencion_pago,5,Pago,59330.0,58524.0
GE-0005027,G12,Gestor 12,2026-05,KB-105173,Corporativo,Tarjeta de crédito,Canelones,1-30,WhatsApp,True,87.6,0.866,intencion_pago,3,Pago,134960.0,120092.0
GE-0005028,G12,Gestor 12,2026-05,KB-105415,Retail,Microcrédito,Colonia,1-30,WhatsApp,True,86.4,0.632,intencion_pago,4,Promesa,77110.0,45938.0
GE-0005029,G12,Gestor 12,2026-05,KB-100307,Pyme,Crédito automotor,Maldonado,31-60,WhatsApp,True,66.6,-0.164,objecion,4,Promesa,145280.0,70776.0
GE-0005030,G12,Gestor 12,2026-05,KB-110585,Pyme,Tarjeta de crédito,Montevideo,31-60,Llamada,True,82.3,0.857,intencion_pago,5,Pago,46280.0,40100.0
GE-0005031,G12,Gestor 12,2026-05,KB-110015,Pyme,Tarjeta de crédito,Rocha,1-30,WhatsApp,True,89.2,0.624,intencion_pago,6,Promesa,51560.0,25302.0
GE-0005032,G12,Gestor 12,2026-05,KB-106353,Retail,Microcrédito,Montevideo,1-30,WhatsApp,True,96.8,0.026,neutro,6,Pago,28190.0,23802.0
GE-0005033,G01,Gestor 01,2026-06,KB-108129,Retail,Préstamo personal,Rocha,31-60,WhatsApp,False,53.7,0.647,intencion_pago,3,Promesa,20460.0,9703.0
GE-0005034,G01,Gestor 01,2026-06,KB-108800,Retail,Préstamo personal,San José,91-180,Llamada,False,64.0,-0.182,frustracion,4,Pago,11750.0,10037.0
GE-0005035,G01,Gestor 01,2026-06,KB-109126,Pyme,Microcrédito,Salto,91-180,Llamada,False,74.6,-0.217,ansiedad,4,Pago,25970.0,18803.0
GE-0005036,G01,Gestor 01,2026-06,KB-108178,Corporativo,Préstamo personal,Maldonado,1-30,Llamada,False,67.8,-0.182,objecion,3,Promesa,620150.0,347565.0
GE-0005037,G01,Gestor 01,2026-06,KB-111954,Retail,Crédito automotor,Montevideo,61-90,Llamada,False,62.8,-0.499,enojo,2,Pago,18140.0,15648.0
GE-0005038,G01,Gestor 01,2026-06,KB-104531,Retail,Préstamo personal,Montevideo,61-90,Llamada,False,64.6,-0.325,ansiedad,5,Sin acuerdo,51570.0,0.0
GE-0005039,G01,Gestor 01,2026-06,KB-102581,Retail,Crédito automotor,Cerro Largo,91-180,Llamada,False,66.6,-0.417,dificultad_economica,4,Sin acuerdo,12810.0,0.0
GE-0005040,G01,Gestor 01,2026-06,KB-103715,Retail,Cuenta corriente,Florida,180+,Llamada,False,66.6,-0.406,frustracion,5,Sin acuerdo,21500.0,0.0
GE-0005041,G01,Gestor 01,2026-06,KB-103915,Retail,Préstamo personal,Canelones,91-180,Llamada,False,63.0,-0.459,frustracion,2,Promesa,58410.0,25174.0
GE-0005042,G01,Gestor 01,2026-06,KB-105666,Retail,Préstamo personal,Montevideo,31-60,Llamada,False,77.1,-0.303,objecion,2,Promesa,33760.0,17384.0
GE-0005043,G01,Gestor 01,2026-06,KB-108774,Retail,Tarjeta de crédito,Montevideo,1-30,WhatsApp,False,69.2,0.008,ansiedad,4,Promesa,26140.0,10381.0
GE-0005044,G01,Gestor 01,2026-06,KB-106054,Retail,Microcrédito,Montevideo,1-30,WhatsApp,False,67.5,0.151,neutro,4,Promesa,30050.0,15165.0
GE-0005045,G01,Gestor 01,2026-06,KB-110587,Retail,Préstamo personal,Maldonado,31-60,Llamada,False,76.0,0.038,neutro,3,Pago,71260.0,51833.0
GE-0005046,G01,Gestor 01,2026-06,KB-111474,Pyme,Tarjeta de crédito,Artigas,61-90,WhatsApp,False,70.6,-0.145,dificultad_economica,1,Pago,828810.0,673515.0
GE-0005047,G01,Gestor 01,2026-06,KB-103462,Retail,Tarjeta de crédito,Montevideo,91-180,Llamada,False,68.3,-0.155,dificultad_economica,5,Promesa,61280.0,20860.0
GE-0005048,G01,Gestor 01,2026-06,KB-100036,Retail,Préstamo personal,Florida,91-180,WhatsApp,False,78.0,-0.406,frustracion,5,Pago,29240.0,28092.0
GE-0005049,G01,Gestor 01,2026-06,KB-107205,Retail,Financiación retail,Maldonado,1-30,Llamada,False,65.6,0.738,intencion_pago,3,Pago,43700.0,43124.0
GE-0005050,G01,Gestor 01,2026-06,KB-103227,Corporativo,Préstamo personal,Montevideo,180+,WhatsApp,False,76.0,-0.579,enojo,6,No contacto,481840.0,0.0
GE-0005051,G01,Gestor 01,2026-06,KB-100145,Retail,Tarjeta de crédito,Montevideo,31-60,WhatsApp,False,54.7,0.654,intencion_pago,3,Pago,40670.0,38711.0
GE-0005052,G01,Gestor 01,2026-06,KB-109243,Retail,Préstamo personal,Montevideo,91-180,WhatsApp,False,62.3,-0.147,objecion,4,Sin acuerdo,57200.0,0.0
GE-0005053,G01,Gestor 01,2026-06,KB-104943,Retail,Tarjeta de crédito,Maldonado,91-180,Llamada,False,50.5,-0.494,frustracion,3,Promesa,40980.0,22144.0
GE-0005054,G01,Gestor 01,2026-06,KB-101220,Retail,Préstamo personal,Rocha,91-180,WhatsApp,False,55.7,-0.31,ansiedad,3,No contacto,98200.0,0.0
GE-0005055,G01,Gestor 01,2026-06,KB-107335,Retail,Tarjeta de crédito,Montevideo,31-60,Llamada,False,57.5,0.478,intencion_pago,3,Sin acuerdo,39680.0,0.0
GE-0005056,G01,Gestor 01,2026-06,KB-105524,Pyme,Microcrédito,Montevideo,1-30,WhatsApp,False,59.0,0.013,objecion,3,Pago,59330.0,56133.0
GE-0005057,G01,Gestor 01,2026-06,KB-108826,Corporativo,Tarjeta de crédito,Montevideo,31-60,Llamada,False,53.9,-0.292,ansiedad,1,No contacto,427910.0,0.0
GE-0005058,G01,Gestor 01,2026-06,KB-103677,Pyme,Préstamo personal,Montevideo,91-180,WhatsApp,False,62.4,-0.09,objecion,6,No contacto,164060.0,0.0
GE-0005059,G01,Gestor 01,2026-06,KB-103049,Retail,Tarjeta de crédito,Montevideo,91-180,WhatsApp,False,64.6,-0.619,frustracion,4,No contacto,29640.0,0.0
GE-0005060,G01,Gestor 01,2026-06,KB-100158,Retail,Préstamo personal,Paysandú,61-90,WhatsApp,False,78.7,-0.066,dificultad_economica,4,Promesa,39550.0,17508.0
GE-0005061,G01,Gestor 01,2026-06,KB-105809,Retail,Préstamo personal,Montevideo,31-60,WhatsApp,False,66.2,-0.559,frustracion,3,No contacto,14000.0,0.0
GE-0005062,G01,Gestor 01,2026-06,KB-102078,Pyme,Préstamo personal,Canelones,31-60,WhatsApp,False,61.4,0.036,objecion,4,Sin acuerdo,147220.0,0.0
GE-0005063,G01,Gestor 01,2026-06,KB-105256,Retail,Financiación retail,Colonia,91-180,WhatsApp,False,62.3,-0.3,dificultad_economica,3,No contacto,26930.0,0.0
GE-0005064,G01,Gestor 01,2026-06,KB-103162,Retail,Microcrédito,Canelones,91-180,Llamada,False,52.5,-0.342,dificultad_economica,3,Sin acuerdo,113910.0,0.0
GE-0005065,G01,Gestor 01,2026-06,KB-109151,Retail,Préstamo personal,Maldonado,1-30,Llamada,False,65.4,0.059,neutro,3,Promesa,8440.0,4339.0
GE-0005066,G01,Gestor 01,2026-06,KB-108489,Pyme,Cuenta corriente,Montevideo,91-180,WhatsApp,False,63.3,-0.562,enojo,2,Promesa,85960.0,45162.0
GE-0005067,G01,Gestor 01,2026-06,KB-102639,Pyme,Tarjeta de crédito,Soriano,61-90,WhatsApp,False,64.3,-0.221,objecion,2,Pago,161940.0,149114.0
GE-0005068,G01,Gestor 01,2026-06,KB-110346,Corporativo,Tarjeta de crédito,Paysandú,31-60,WhatsApp,False,78.4,-0.012,neutro,4,Promesa,212780.0,122663.0
GE-0005069,G02,Gestor 02,2026-06,KB-107319,Corporativo,Crédito automotor,Maldonado,91-180,WhatsApp,False,54.6,-0.307,frustracion,4,No contacto,861260.0,0.0
GE-0005070,G02,Gestor 02,2026-06,KB-101605,Retail,Tarjeta de crédito,Montevideo,180+,Llamada,False,44.9,-0.466,dificultad_economica,3,Pago,47570.0,31849.0
GE-0005071,G02,Gestor 02,2026-06,KB-107623,Retail,Tarjeta de crédito,Canelones,31-60,WhatsApp,False,56.6,-0.219,ansiedad,3,Pago,16800.0,13738.0
GE-0005072,G02,Gestor 02,2026-06,KB-104763,Retail,Crédito automotor,Montevideo,31-60,WhatsApp,False,49.2,0.393,intencion_pago,4,Pago,37630.0,35571.0
GE-0005073,G02,Gestor 02,2026-06,KB-111900,Retail,Tarjeta de crédito,Montevideo,91-180,Llamada,False,66.9,-0.246,ansiedad,3,Pago,58670.0,49455.0
GE-0005074,G02,Gestor 02,2026-06,KB-109963,Retail,Microcrédito,Florida,31-60,Llamada,False,52.3,0.246,neutro,2,Promesa,15570.0,8348.0
GE-0005075,G02,Gestor 02,2026-06,KB-109124,Corporativo,Préstamo personal,Lavalleja,31-60,WhatsApp,False,59.4,-0.372,enojo,3,Promesa,1230860.0,650407.0
GE-0005076,G02,Gestor 02,2026-06,KB-103944,Pyme,Cuenta corriente,Montevideo,1-30,WhatsApp,False,45.1,0.284,intencion_pago,1,Promesa,221430.0,120778.0
GE-0005077,G02,Gestor 02,2026-06,KB-103361,Retail,Préstamo personal,Canelones,31-60,WhatsApp,False,50.7,-0.173,ansiedad,4,No contacto,16490.0,0.0
GE-0005078,G02,Gestor 02,2026-06,KB-109806,Retail,Financiación retail,Rivera,91-180,Llamada,False,58.5,-0.1,objecion,4,Sin acuerdo,21290.0,0.0
GE-0005079,G02,Gestor 02,2026-06,KB-110176,Retail,Crédito automotor,Maldonado,31-60,Llamada,False,51.3,-0.091,neutro,1,Promesa,13910.0,6328.0
GE-0005080,G02,Gestor 02,2026-06,KB-101937,Retail,Crédito automotor,Tacuarembó,31-60,Llamada,False,47.0,-0.084,neutro,1,Promesa,66750.0,27884.0
GE-0005081,G02,Gestor 02,2026-06,KB-105014,Retail,Tarjeta de crédito,Montevideo,91-180,WhatsApp,False,54.1,-0.437,enojo,3,No contacto,30440.0,0.0
GE-0005082,G02,Gestor 02,2026-06,KB-100125,Corporativo,Financiación retail,Canelones,31-60,Llamada,False,43.6,-0.233,objecion,2,No contacto,1450760.0,0.0
GE-0005083,G02,Gestor 02,2026-06,KB-100620,Retail,Préstamo personal,San José,1-30,Llamada,False,54.7,0.023,neutro,2,No contacto,12270.0,0.0
GE-0005084,G02,Gestor 02,2026-06,KB-104061,Retail,Microcrédito,Tacuarembó,91-180,Llamada,False,59.9,-0.237,frustracion,3,No contacto,30710.0,0.0
GE-0005085,G02,Gestor 02,2026-06,KB-106058,Pyme,Tarjeta de crédito,Maldonado,91-180,WhatsApp,False,52.8,-0.432,frustracion,4,Pago,230370.0,211013.0
GE-0005086,G02,Gestor 02,2026-06,KB-106082,Retail,Tarjeta de crédito,Durazno,180+,Llamada,False,49.1,-0.524,enojo,3,Pago,11210.0,8233.0
GE-0005087,G02,Gestor 02,2026-06,KB-110351,Retail,Préstamo personal,Maldonado,61-90,WhatsApp,False,45.1,0.09,neutro,3,Sin acuerdo,135090.0,0.0
GE-0005088,G02,Gestor 02,2026-06,KB-101325,Retail,Tarjeta de crédito,Montevideo,91-180,Llamada,False,65.0,-0.555,frustracion,3,Promesa,23260.0,10258.0
GE-0005089,G02,Gestor 02,2026-06,KB-106982,Retail,Tarjeta de crédito,Paysandú,91-180,Llamada,False,40.9,-0.107,objecion,1,No contacto,15700.0,0.0
GE-0005090,G02,Gestor 02,2026-06,KB-110773,Pyme,Microcrédito,Montevideo,180+,WhatsApp,False,46.5,-0.343,dificultad_economica,2,No contacto,25480.0,0.0
GE-0005091,G02,Gestor 02,2026-06,KB-104280,Retail,Financiación retail,Tacuarembó,1-30,WhatsApp,False,57.5,-0.393,frustracion,2,Pago,49590.0,40148.0
GE-0005092,G02,Gestor 02,2026-06,KB-103306,Retail,Préstamo personal,Montevideo,31-60,WhatsApp,False,51.2,0.753,intencion_pago,1,Pago,21440.0,20700.0
GE-0005093,G02,Gestor 02,2026-06,KB-110741,Pyme,Financiación retail,Montevideo,31-60,WhatsApp,False,49.9,-0.299,ansiedad,2,No contacto,153540.0,0.0
GE-0005094,G02,Gestor 02,2026-06,KB-107814,Pyme,Tarjeta de crédito,Montevideo,61-90,WhatsApp,False,77.5,0.303,neutro,4,Sin acuerdo,175070.0,0.0
GE-0005095,G02,Gestor 02,2026-06,KB-111934,Retail,Tarjeta de crédito,Montevideo,61-90,WhatsApp,False,39.8,-0.287,objecion,2,Pago,43900.0,37957.0
GE-0005096,G02,Gestor 02,2026-06,KB-100359,Pyme,Tarjeta de crédito,Montevideo,1-30,Llamada,False,39.4,-0.311,ansiedad,2,No contacto,152080.0,0.0
GE-0005097,G02,Gestor 02,2026-06,KB-101282,Retail,Tarjeta de crédito,Montevideo,61-90,Llamada,False,50.5,0.125,neutro,5,Pago,105580.0,88052.0
GE-0005098,G02,Gestor 02,2026-06,KB-108650,Retail,Cuenta corriente,Montevideo,180+,WhatsApp,False,42.7,-0.756,enojo,5,Promesa,14010.0,5169.0
GE-0005099,G02,Gestor 02,2026-06,KB-111646,Retail,Tarjeta de crédito,Montevideo,1-30,WhatsApp,False,41.0,-0.303,objecion,3,Sin acuerdo,18090.0,0.0
GE-0005100,G02,Gestor 02,2026-06,KB-100562,Retail,Tarjeta de crédito,Rocha,1-30,Llamada,False,37.9,0.355,intencion_pago,1,Pago,19900.0,18465.0
GE-0005101,G02,Gestor 02,2026-06,KB-101358,Retail,Cuenta corriente,Montevideo,1-30,Llamada,False,70.0,-0.003,neutro,4,Promesa,24460.0,14249.0
GE-0005102,G02,Gestor 02,2026-06,KB-100426,Retail,Financiación retail,Montevideo,180+,Llamada,False,54.9,-0.194,dificultad_economica,4,No contacto,27240.0,0.0
GE-0005103,G02,Gestor 02,2026-06,KB-108080,Pyme,Préstamo personal,Montevideo,1-30,Llamada,False,55.0,0.469,intencion_pago,3,Promesa,227390.0,128226.0
GE-0005104,G02,Gestor 02,2026-06,KB-111315,Pyme,Crédito automotor,Rocha,61-90,WhatsApp,False,54.0,0.188,neutro,2,Sin acuerdo,38520.0,0.0
GE-0005105,G02,Gestor 02,2026-06,KB-108919,Retail,Tarjeta de crédito,Salto,1-30,WhatsApp,False,56.8,0.599,intencion_pago,2,Promesa,28250.0,12855.0
GE-0005106,G02,Gestor 02,2026-06,KB-108847,Retail,Tarjeta de crédito,Montevideo,31-60,WhatsApp,False,57.6,0.536,intencion_pago,2,Promesa,14680.0,7851.0
GE-0005107,G02,Gestor 02,2026-06,KB-107763,Retail,Financiación retail,Montevideo,1-30,WhatsApp,False,54.2,0.507,intencion_pago,2,Pago,24950.0,22319.0
GE-0005108,G02,Gestor 02,2026-06,KB-100290,Retail,Tarjeta de crédito,Tacuarembó,91-180,WhatsApp,False,47.7,-0.231,ansiedad,2,Pago,21550.0,20581.0
GE-0005109,G02,Gestor 02,2026-06,KB-111371,Retail,Tarjeta de crédito,Montevideo,91-180,Llamada,False,66.5,-0.12,dificultad_economica,3,Pago,14360.0,11746.0
GE-0005110,G02,Gestor 02,2026-06,KB-110436,Pyme,Tarjeta de crédito,Soriano,180+,WhatsApp,False,31.4,-0.589,enojo,1,No contacto,158810.0,0.0
GE-0005111,G02,Gestor 02,2026-06,KB-107233,Retail,Cuenta corriente,Montevideo,180+,Llamada,False,38.6,-0.384,frustracion,2,Promesa,36600.0,20401.0
GE-0005112,G02,Gestor 02,2026-06,KB-111116,Retail,Crédito automotor,Salto,61-90,Llamada,False,56.3,-0.188,objecion,3,Pago,39030.0,29928.0
GE-0005113,G03,Gestor 03,2026-06,KB-106443,Retail,Tarjeta de crédito,Paysandú,91-180,Llamada,True,83.8,-0.377,frustracion,3,Promesa,29560.0,16539.0
GE-0005114,G03,Gestor 03,2026-06,KB-109545,Retail,Crédito automotor,Paysandú,180+,Llamada,True,83.6,-0.469,enojo,4,Promesa,20510.0,6665.0
GE-0005115,G03,Gestor 03,2026-06,KB-105288,Pyme,Financiación retail,Canelones,31-60,Llamada,True,82.1,0.225,neutro,5,Promesa,220890.0,97391.0
GE-0005116,G03,Gestor 03,2026-06,KB-107588,Pyme,Préstamo personal,San José,61-90,Llamada,True,74.1,-0.008,objecion,2,Pago,96100.0,86147.0
GE-0005117,G03,Gestor 03,2026-06,KB-111742,Pyme,Préstamo personal,Montevideo,91-180,Llamada,True,90.2,0.063,objecion,4,Pago,39690.0,24486.0
GE-0005118,G03,Gestor 03,2026-06,KB-108672,Retail,Préstamo personal,Artigas,91-180,WhatsApp,True,80.6,0.152,objecion,6,Pago,16340.0,10064.0
GE-0005119,G03,Gestor 03,2026-06,KB-109103,Retail,Microcrédito,Durazno,1-30,WhatsApp,True,73.1,-0.049,ansiedad,5,Promesa,34460.0,17961.0
GE-0005120,G03,Gestor 03,2026-06,KB-102123,Retail,Crédito automotor,Canelones,1-30,Llamada,True,75.6,0.028,neutro,5,Promesa,34770.0,17047.0
GE-0005121,G03,Gestor 03,2026-06,KB-102573,Retail,Cuenta corriente,Montevideo,1-30,Llamada,True,71.4,0.607,intencion_pago,3,Promesa,44630.0,25852.0
GE-0005122,G03,Gestor 03,2026-06,KB-109458,Retail,Cuenta corriente,Montevideo,31-60,Llamada,True,86.5,0.127,ansiedad,4,Promesa,12120.0,6181.0
GE-0005123,G03,Gestor 03,2026-06,KB-101043,Retail,Tarjeta de crédito,Montevideo,91-180,Llamada,True,81.7,-0.165,dificultad_economica,6,Pago,22670.0,16174.0
GE-0005124,G03,Gestor 03,2026-06,KB-110448,Corporativo,Tarjeta de crédito,San José,91-180,WhatsApp,True,84.5,-0.173,ansiedad,3,Sin acuerdo,251400.0,0.0
GE-0005125,G03,Gestor 03,2026-06,KB-105036,Pyme,Microcrédito,Montevideo,31-60,Llamada,True,90.5,-0.368,frustracion,6,Sin acuerdo,544070.0,0.0
GE-0005126,G03,Gestor 03,2026-06,KB-111529,Retail,Préstamo personal,Rivera,91-180,Llamada,True,82.6,-0.127,dificultad_economica,4,Pago,11760.0,9212.0
GE-0005127,G03,Gestor 03,2026-06,KB-103094,Retail,Tarjeta de crédito,Montevideo,31-60,Llamada,True,69.2,-0.477,frustracion,3,No contacto,55480.0,0.0
GE-0005128,G03,Gestor 03,2026-06,KB-108888,Retail,Financiación retail,Maldonado,1-30,Llamada,True,90.0,0.207,neutro,6,Promesa,108400.0,63303.0
GE-0005129,G03,Gestor 03,2026-06,KB-103348,Pyme,Financiación retail,Montevideo,91-180,WhatsApp,True,73.5,-0.384,dificultad_economica,4,No contacto,90430.0,0.0
GE-0005130,G03,Gestor 03,2026-06,KB-101416,Retail,Microcrédito,Lavalleja,180+,WhatsApp,True,70.6,-0.204,dificultad_economica,6,Promesa,24290.0,7975.0
GE-0005131,G03,Gestor 03,2026-06,KB-104844,Retail,Microcrédito,Salto,31-60,Llamada,True,82.1,-0.072,ansiedad,5,Promesa,61870.0,23820.0
GE-0005132,G03,Gestor 03,2026-06,KB-110086,Retail,Financiación retail,Canelones,31-60,Llamada,True,84.2,0.328,neutro,4,Pago,19960.0,12927.0
GE-0005133,G03,Gestor 03,2026-06,KB-108482,Pyme,Financiación retail,Tacuarembó,91-180,Llamada,True,80.7,-0.207,frustracion,5,Promesa,83010.0,40768.0
GE-0005134,G03,Gestor 03,2026-06,KB-103706,Pyme,Préstamo personal,Canelones,1-30,WhatsApp,True,85.1,-0.385,frustracion,4,Promesa,61950.0,33578.0
GE-0005135,G03,Gestor 03,2026-06,KB-107994,Retail,Tarjeta de crédito,Montevideo,1-30,WhatsApp,True,78.5,-0.124,ansiedad,4,Promesa,79370.0,42990.0
GE-0005136,G03,Gestor 03,2026-06,KB-110760,Retail,Tarjeta de crédito,Montevideo,91-180,WhatsApp,True,77.8,-0.239,ansiedad,4,Promesa,15130.0,4631.0
GE-0005137,G03,Gestor 03,2026-06,KB-102156,Retail,Préstamo personal,Montevideo,1-30,WhatsApp,True,85.1,0.181,neutro,4,Promesa,26160.0,9973.0
GE-0005138,G03,Gestor 03,2026-06,KB-100702,Retail,Tarjeta de crédito,Montevideo,31-60,WhatsApp,True,90.2,0.39,intencion_pago,6,Pago,24910.0,16743.0
GE-0005139,G03,Gestor 03,2026-06,KB-111010,Corporativo,Tarjeta de crédito,Maldonado,61-90,Llamada,True,58.8,-0.099,ansiedad,3,Sin acuerdo,122470.0,0.0
GE-0005140,G03,Gestor 03,2026-06,KB-110528,Retail,Préstamo personal,Paysandú,31-60,WhatsApp,True,82.0,0.629,intencion_pago,4,Promesa,74710.0,33452.0
GE-0005141,G03,Gestor 03,2026-06,KB-103146,Pyme,Crédito automotor,Maldonado,180+,Llamada,True,72.1,-0.263,frustracion,4,Promesa,180470.0,58848.0
GE-0005142,G03,Gestor 03,2026-06,KB-108320,Retail,Tarjeta de crédito,Montevideo,91-180,Llamada,True,80.3,-0.07,objecion,4,No contacto,59250.0,0.0
GE-0005143,G03,Gestor 03,2026-06,KB-109865,Corporativo,Tarjeta de crédito,Montevideo,61-90,Llamada,True,100.0,-0.081,dificultad_economica,5,Pago,728710.0,709692.0
GE-0005144,G03,Gestor 03,2026-06,KB-111269,Pyme,Préstamo personal,Montevideo,180+,WhatsApp,True,85.0,-0.034,dificultad_economica,4,Pago,172270.0,112571.0
GE-0005145,G03,Gestor 03,2026-06,KB-100729,Retail,Cuenta corriente,Montevideo,1-30,Llamada,True,86.2,0.116,neutro,4,Pago,27950.0,26607.0
GE-0005146,G03,Gestor 03,2026-06,KB-100948,Retail,Préstamo personal,Florida,180+,Llamada,True,87.3,-0.467,enojo,4,Sin acuerdo,12190.0,0.0
GE-0005147,G03,Gestor 03,2026-06,KB-108824,Corporativo,Préstamo personal,Canelones,91-180,Llamada,True,84.8,0.106,objecion,3,No contacto,319490.0,0.0
GE-0005148,G03,Gestor 03,2026-06,KB-109093,Pyme,Préstamo personal,Canelones,61-90,Llamada,True,80.5,-0.205,ansiedad,4,Pago,100210.0,80296.0
GE-0005149,G03,Gestor 03,2026-06,KB-111345,Retail,Microcrédito,Montevideo,31-60,WhatsApp,True,82.3,-0.15,objecion,3,Pago,66930.0,65278.0
GE-0005150,G03,Gestor 03,2026-06,KB-108309,Retail,Tarjeta de crédito,Canelones,1-30,Llamada,True,87.0,0.528,intencion_pago,5,Promesa,22280.0,9570.0
GE-0005151,G03,Gestor 03,2026-06,KB-105193,Retail,Crédito automotor,Montevideo,180+,Llamada,True,87.8,0.163,objecion,5,Promesa,6070.0,2002.0
GE-0005152,G03,Gestor 03,2026-06,KB-111326,Pyme,Tarjeta de crédito,Montevideo,31-60,WhatsApp,True,81.1,-0.407,frustracion,3,Pago,131980.0,111255.0
GE-0005153,G03,Gestor 03,2026-06,KB-106136,Retail,Cuenta corriente,Maldonado,1-30,WhatsApp,True,81.3,-0.049,ansiedad,5,Promesa,15650.0,7715.0
GE-0005154,G03,Gestor 03,2026-06,KB-100754,Retail,Microcrédito,Maldonado,1-30,WhatsApp,True,97.6,0.161,neutro,4,Promesa,14970.0,4978.0
GE-0005155,G03,Gestor 03,2026-06,KB-107986,Retail,Tarjeta de crédito,Montevideo,31-60,Llamada,True,70.2,0.167,neutro,3,Promesa,49410.0,19216.0
GE-0005156,G03,Gestor 03,2026-06,KB-108982,Retail,Préstamo personal,Maldonado,1-30,Llamada,True,60.3,0.698,intencion_pago,0,Promesa,25300.0,14457.0
GE-0005157,G04,Gestor 04,2026-06,KB-104504,Retail,Tarjeta de crédito,Montevideo,1-30,WhatsApp,True,86.7,0.492,intencion_pago,4,Pago,30800.0,27974.0
GE-0005158,G04,Gestor 04,2026-06,KB-108344,Pyme,Crédito automotor,Montevideo,1-30,WhatsApp,True,78.2,0.061,neutro,4,Sin acuerdo,430560.0,0.0
GE-0005159,G04,Gestor 04,2026-06,KB-111202,Retail,Microcrédito,Canelones,1-30,WhatsApp,True,79.7,-0.198,ansiedad,3,Promesa,12670.0,7061.0
GE-0005160,G04,Gestor 04,2026-06,KB-109506,Pyme,Crédito automotor,Colonia,31-60,WhatsApp,True,68.2,0.194,neutro,2,Pago,184300.0,168491.0
GE-0005161,G04,Gestor 04,2026-06,KB-101767,Pyme,Tarjeta de crédito,Montevideo,31-60,Llamada,True,97.8,0.128,neutro,3,Sin acuerdo,185360.0,0.0
GE-0005162,G04,Gestor 04,2026-06,KB-107278,Pyme,Financiación retail,Montevideo,180+,Llamada,True,92.5,-0.351,enojo,4,Promesa,719790.0,221338.0
GE-0005163,G04,Gestor 04,2026-06,KB-104102,Retail,Tarjeta de crédito,Florida,91-180,WhatsApp,True,97.8,-0.249,frustracion,5,Sin acuerdo,46550.0,0.0
GE-0005164,G04,Gestor 04,2026-06,KB-106804,Pyme,Préstamo personal,Florida,31-60,WhatsApp,True,98.0,0.069,objecion,6,Promesa,216830.0,116320.0
GE-0005165,G04,Gestor 04,2026-06,KB-104829,Pyme,Cuenta corriente,Montevideo,31-60,Llamada,True,80.1,-0.056,neutro,5,Pago,66140.0,47130.0
GE-0005166,G04,Gestor 04,2026-06,KB-106599,Pyme,Crédito automotor,Maldonado,180+,WhatsApp,True,88.2,-0.379,frustracion,5,No contacto,72580.0,0.0
GE-0005167,G04,Gestor 04,2026-06,KB-109551,Pyme,Crédito automotor,Montevideo,91-180,Llamada,True,76.5,-0.059,dificultad_economica,4,Pago,227460.0,155572.0
GE-0005168,G04,Gestor 04,2026-06,KB-104363,Retail,Tarjeta de crédito,Florida,31-60,Llamada,True,96.7,-0.154,frustracion,6,Pago,18970.0,16724.0
GE-0005169,G04,Gestor 04,2026-06,KB-102849,Pyme,Microcrédito,Tacuarembó,31-60,WhatsApp,True,76.8,-0.364,frustracion,5,Promesa,136070.0,50825.0
GE-0005170,G04,Gestor 04,2026-06,KB-103714,Pyme,Financiación retail,Rocha,91-180,WhatsApp,True,74.3,-0.079,objecion,5,Promesa,107190.0,33584.0
GE-0005171,G04,Gestor 04,2026-06,KB-108222,Retail,Microcrédito,Artigas,31-60,Llamada,True,93.7,0.721,intencion_pago,5,Promesa,72810.0,37657.0
GE-0005172,G04,Gestor 04,2026-06,KB-102691,Retail,Tarjeta de crédito,Canelones,91-180,Llamada,True,90.2,-0.17,objecion,4,Sin acuerdo,4330.0,0.0
GE-0005173,G04,Gestor 04,2026-06,KB-108009,Pyme,Financiación retail,Canelones,1-30,Llamada,True,77.3,0.075,objecion,4,Pago,136890.0,127030.0
GE-0005174,G04,Gestor 04,2026-06,KB-101726,Retail,Préstamo personal,Canelones,61-90,WhatsApp,True,84.6,0.088,ansiedad,4,Promesa,19510.0,9626.0
GE-0005175,G04,Gestor 04,2026-06,KB-108559,Retail,Préstamo personal,Cerro Largo,31-60,Llamada,True,74.4,-0.157,objecion,4,Promesa,78190.0,41869.0
GE-0005176,G04,Gestor 04,2026-06,KB-103096,Retail,Préstamo personal,Montevideo,1-30,WhatsApp,True,75.8,0.472,intencion_pago,5,Sin acuerdo,22780.0,0.0
GE-0005177,G04,Gestor 04,2026-06,KB-102950,Retail,Préstamo personal,Montevideo,91-180,WhatsApp,True,88.1,-0.34,frustracion,5,Pago,72970.0,56000.0
GE-0005178,G04,Gestor 04,2026-06,KB-103073,Corporativo,Préstamo personal,Montevideo,91-180,WhatsApp,True,98.0,0.163,dificultad_economica,4,Promesa,3629280.0,1538239.0
GE-0005179,G04,Gestor 04,2026-06,KB-104159,Pyme,Préstamo personal,Soriano,61-90,WhatsApp,True,74.7,0.157,objecion,6,Promesa,41080.0,14137.0
GE-0005180,G04,Gestor 04,2026-06,KB-109026,Retail,Tarjeta de crédito,Canelones,180+,Llamada,True,86.4,0.004,objecion,5,No contacto,33370.0,0.0
GE-0005181,G04,Gestor 04,2026-06,KB-101010,Retail,Préstamo personal,Canelones,61-90,Llamada,True,90.7,-0.299,dificultad_economica,4,Pago,38550.0,24243.0
GE-0005182,G04,Gestor 04,2026-06,KB-102435,Corporativo,Tarjeta de crédito,Montevideo,91-180,Llamada,True,89.5,0.04,objecion,4,Sin acuerdo,184390.0,0.0
GE-0005183,G04,Gestor 04,2026-06,KB-109846,Retail,Préstamo personal,Canelones,61-90,Llamada,True,90.7,-0.024,objecion,4,Pago,51230.0,44241.0
GE-0005184,G04,Gestor 04,2026-06,KB-100075,Retail,Financiación retail,Montevideo,61-90,WhatsApp,True,82.5,-0.171,objecion,3,Pago,11390.0,7109.0
GE-0005185,G04,Gestor 04,2026-06,KB-101066,Pyme,Préstamo personal,Canelones,31-60,WhatsApp,True,89.3,0.695,intencion_pago,4,Promesa,169140.0,80952.0
GE-0005186,G04,Gestor 04,2026-06,KB-110996,Retail,Cuenta corriente,Maldonado,1-30,Llamada,True,92.8,-0.533,enojo,5,Promesa,28000.0,9323.0
GE-0005187,G04,Gestor 04,2026-06,KB-108041,Pyme,Préstamo personal,Montevideo,31-60,WhatsApp,True,68.1,0.531,intencion_pago,4,Sin acuerdo,145870.0,0.0
GE-0005188,G04,Gestor 04,2026-06,KB-102329,Retail,Préstamo personal,Colonia,61-90,WhatsApp,True,69.7,0.129,objecion,4,Pago,43190.0,35071.0
GE-0005189,G04,Gestor 04,2026-06,KB-108592,Retail,Préstamo personal,Maldonado,1-30,WhatsApp,True,86.3,0.419,intencion_pago,4,Pago,19090.0,16505.0
GE-0005190,G04,Gestor 04,2026-06,KB-105169,Retail,Cuenta corriente,Río Negro,61-90,Llamada,True,86.0,0.235,neutro,5,Promesa,12800.0,5695.0
GE-0005191,G04,Gestor 04,2026-06,KB-106031,Pyme,Tarjeta de crédito,Florida,91-180,Llamada,True,72.8,-0.386,dificultad_economica,4,Promesa,150510.0,73490.0
GE-0005192,G04,Gestor 04,2026-06,KB-109978,Retail,Préstamo personal,Montevideo,91-180,Llamada,True,74.9,-0.281,frustracion,5,Sin acuerdo,35420.0,0.0
GE-0005193,G04,Gestor 04,2026-06,KB-108989,Retail,Préstamo personal,Montevideo,31-60,WhatsApp,True,70.6,0.425,intencion_pago,5,Pago,38380.0,27426.0
GE-0005194,G04,Gestor 04,2026-06,KB-108774,Retail,Tarjeta de crédito,Montevideo,1-30,Llamada,True,96.3,0.486,intencion_pago,4,Sin acuerdo,26140.0,0.0
GE-0005195,G05,Gestor 05,2026-06,KB-103172,Retail,Financiación retail,Río Negro,31-60,WhatsApp,True,57.2,-0.285,objecion,3,Promesa,93280.0,54918.0
GE-0005196,G05,Gestor 05,2026-06,KB-110184,Retail,Cuenta corriente,Montevideo,1-30,Llamada,True,46.8,-0.413,ansiedad,2,Promesa,47380.0,19837.0
GE-0005197,G05,Gestor 05,2026-06,KB-110399,Retail,Tarjeta de crédito,Canelones,61-90,WhatsApp,True,40.9,-0.082,objecion,3,Pago,51960.0,41634.0
GE-0005198,G05,Gestor 05,2026-06,KB-110005,Retail,Crédito automotor,Soriano,31-60,WhatsApp,True,55.2,0.464,intencion_pago,3,Pago,19340.0,18644.0
GE-0005199,G05,Gestor 05,2026-06,KB-103474,Retail,Crédito automotor,Maldonado,1-30,Llamada,True,48.5,0.38,intencion_pago,3,No contacto,28790.0,0.0
GE-0005200,G05,Gestor 05,2026-06,KB-105043,Pyme,Microcrédito,Cerro Largo,61-90,WhatsApp,True,48.1,-0.318,ansiedad,2,Promesa,253080.0,122609.0
GE-0005201,G05,Gestor 05,2026-06,KB-111043,Corporativo,Tarjeta de crédito,Canelones,91-180,WhatsApp,True,52.8,-0.582,enojo,1,No contacto,42290.0,0.0
GE-0005202,G05,Gestor 05,2026-06,KB-109856,Retail,Financiación retail,Canelones,61-90,Llamada,True,61.8,-0.29,objecion,4,No contacto,7520.0,0.0
GE-0005203,G05,Gestor 05,2026-06,KB-103482,Pyme,Tarjeta de crédito,Canelones,31-60,WhatsApp,True,64.7,-0.018,objecion,4,Sin acuerdo,65160.0,0.0
GE-0005204,G05,Gestor 05,2026-06,KB-100837,Retail,Préstamo personal,Salto,61-90,Llamada,True,46.4,0.047,neutro,4,Promesa,43720.0,14815.0
GE-0005205,G05,Gestor 05,2026-06,KB-103166,Retail,Microcrédito,Colonia,1-30,Llamada,True,55.5,-0.069,neutro,4,Promesa,4640.0,1606.0
GE-0005206,G05,Gestor 05,2026-06,KB-100142,Retail,Crédito automotor,Maldonado,31-60,Llamada,True,55.9,-0.093,neutro,1,Promesa,19660.0,6958.0
GE-0005207,G05,Gestor 05,2026-06,KB-101754,Pyme,Tarjeta de crédito,Montevideo,61-90,Llamada,True,69.6,0.073,objecion,3,Promesa,563000.0,275577.0
GE-0005208,G05,Gestor 05,2026-06,KB-101378,Pyme,Préstamo personal,Montevideo,61-90,Llamada,True,52.8,-0.445,dificultad_economica,2,No contacto,96820.0,0.0
GE-0005209,G05,Gestor 05,2026-06,KB-103332,Retail,Préstamo personal,Artigas,31-60,Llamada,True,54.7,0.004,neutro,2,Pago,32850.0,31115.0
GE-0005210,G05,Gestor 05,2026-06,KB-105511,Retail,Crédito automotor,Montevideo,1-30,Llamada,True,48.6,-0.131,objecion,3,Pago,11810.0,9022.0
GE-0005211,G05,Gestor 05,2026-06,KB-101360,Pyme,Financiación retail,Maldonado,91-180,WhatsApp,True,58.9,-0.352,frustracion,3,Promesa,27710.0,11918.0
GE-0005212,G05,Gestor 05,2026-06,KB-109329,Pyme,Préstamo personal,Canelones,31-60,WhatsApp,True,57.8,0.009,objecion,4,Promesa,49080.0,27803.0
GE-0005213,G05,Gestor 05,2026-06,KB-110777,Corporativo,Cuenta corriente,Montevideo,91-180,WhatsApp,True,57.1,-0.497,frustracion,3,Pago,81430.0,79316.0
GE-0005214,G05,Gestor 05,2026-06,KB-107187,Retail,Préstamo personal,Montevideo,1-30,WhatsApp,True,46.1,-0.077,objecion,1,No contacto,80900.0,0.0
GE-0005215,G05,Gestor 05,2026-06,KB-101228,Pyme,Préstamo personal,Durazno,31-60,WhatsApp,True,49.6,0.297,intencion_pago,2,Sin acuerdo,295390.0,0.0
GE-0005216,G05,Gestor 05,2026-06,KB-108833,Pyme,Financiación retail,Maldonado,1-30,WhatsApp,True,53.1,0.612,intencion_pago,2,Pago,520110.0,361230.0
GE-0005217,G05,Gestor 05,2026-06,KB-104712,Corporativo,Financiación retail,Montevideo,1-30,Llamada,True,68.9,0.242,neutro,3,Pago,542660.0,502350.0
GE-0005218,G05,Gestor 05,2026-06,KB-103667,Pyme,Préstamo personal,Montevideo,61-90,WhatsApp,True,61.5,-0.582,frustracion,4,Sin acuerdo,122270.0,0.0
GE-0005219,G05,Gestor 05,2026-06,KB-106194,Retail,Microcrédito,San José,1-30,WhatsApp,True,45.2,-0.147,neutro,2,Promesa,71360.0,39523.0
GE-0005220,G05,Gestor 05,2026-06,KB-110511,Retail,Préstamo personal,Montevideo,1-30,Llamada,True,51.8,0.559,intencion_pago,4,Promesa,34330.0,19305.0
GE-0005221,G05,Gestor 05,2026-06,KB-102956,Retail,Microcrédito,Maldonado,1-30,WhatsApp,True,56.0,0.544,intencion_pago,2,Pago,33030.0,32295.0
GE-0005222,G05,Gestor 05,2026-06,KB-107315,Pyme,Tarjeta de crédito,Maldonado,1-30,WhatsApp,True,48.5,0.316,intencion_pago,2,No contacto,98030.0,0.0
GE-0005223,G05,Gestor 05,2026-06,KB-104623,Retail,Tarjeta de crédito,Montevideo,31-60,WhatsApp,True,56.4,-0.834,enojo,4,No contacto,24640.0,0.0
GE-0005224,G05,Gestor 05,2026-06,KB-108031,Retail,Cuenta corriente,Montevideo,1-30,WhatsApp,True,64.9,0.455,intencion_pago,2,Promesa,26880.0,15561.0
GE-0005225,G05,Gestor 05,2026-06,KB-107065,Pyme,Préstamo personal,Canelones,1-30,Llamada,True,58.6,0.271,intencion_pago,2,Promesa,132400.0,58033.0
GE-0005226,G05,Gestor 05,2026-06,KB-101691,Retail,Financiación retail,Lavalleja,1-30,Llamada,True,74.7,0.687,intencion_pago,5,Promesa,21100.0,10351.0
GE-0005227,G05,Gestor 05,2026-06,KB-106669,Retail,Microcrédito,Montevideo,91-180,WhatsApp,True,54.8,-0.084,objecion,3,Pago,17670.0,16684.0
GE-0005228,G05,Gestor 05,2026-06,KB-103176,Retail,Préstamo personal,San José,180+,WhatsApp,True,64.8,-0.4,enojo,2,Sin acuerdo,46410.0,0.0
GE-0005229,G05,Gestor 05,2026-06,KB-101401,Pyme,Préstamo personal,Maldonado,91-180,WhatsApp,True,53.0,-0.376,dificultad_economica,3,No contacto,54810.0,0.0
GE-0005230,G05,Gestor 05,2026-06,KB-101633,Retail,Préstamo personal,Montevideo,31-60,WhatsApp,True,75.1,0.301,intencion_pago,3,Pago,10970.0,8751.0
GE-0005231,G05,Gestor 05,2026-06,KB-111459,Pyme,Préstamo personal,Montevideo,91-180,Llamada,True,65.2,-0.412,frustracion,2,Pago,59790.0,46000.0
GE-0005232,G05,Gestor 05,2026-06,KB-100647,Corporativo,Préstamo personal,Montevideo,1-30,Llamada,True,44.6,0.593,intencion_pago,3,Pago,1396150.0,1292505.0
GE-0005233,G05,Gestor 05,2026-06,KB-106342,Retail,Tarjeta de crédito,Montevideo,1-30,WhatsApp,True,58.5,0.071,neutro,4,Pago,42940.0,41572.0
GE-0005234,G06,Gestor 06,2026-06,KB-101945,Retail,Tarjeta de crédito,Río Negro,1-30,Llamada,True,57.5,-0.719,enojo,3,Sin acuerdo,16920.0,0.0
GE-0005235,G06,Gestor 06,2026-06,KB-107036,Pyme,Financiación retail,Durazno,91-180,WhatsApp,True,50.9,0.022,objecion,0,No contacto,106190.0,0.0
GE-0005236,G06,Gestor 06,2026-06,KB-105006,Pyme,Préstamo personal,Rocha,1-30,Llamada,True,60.3,-0.083,ansiedad,3,Promesa,60320.0,28607.0
GE-0005237,G06,Gestor 06,2026-06,KB-109528,Retail,Financiación retail,Salto,1-30,Llamada,True,61.9,0.555,intencion_pago,4,Promesa,62560.0,29343.0
GE-0005238,G06,Gestor 06,2026-06,KB-107193,Retail,Préstamo personal,Montevideo,91-180,WhatsApp,True,59.6,-0.485,frustracion,2,Sin acuerdo,8320.0,0.0
GE-0005239,G06,Gestor 06,2026-06,KB-107260,Retail,Tarjeta de crédito,Montevideo,61-90,WhatsApp,True,70.8,-0.182,objecion,4,Promesa,28450.0,11504.0
GE-0005240,G06,Gestor 06,2026-06,KB-109896,Pyme,Tarjeta de crédito,Colonia,1-30,Llamada,True,60.0,-0.028,ansiedad,1,Pago,21460.0,20159.0
GE-0005241,G06,Gestor 06,2026-06,KB-107140,Corporativo,Tarjeta de crédito,Paysandú,61-90,Llamada,True,78.9,-0.013,neutro,6,Pago,5451780.0,3847482.0
GE-0005242,G06,Gestor 06,2026-06,KB-110175,Retail,Microcrédito,Montevideo,31-60,WhatsApp,True,52.4,-0.133,objecion,2,Promesa,23870.0,14142.0
GE-0005243,G06,Gestor 06,2026-06,KB-103283,Retail,Tarjeta de crédito,Durazno,180+,Llamada,True,72.2,-0.606,enojo,3,Sin acuerdo,6610.0,0.0
GE-0005244,G06,Gestor 06,2026-06,KB-103858,Retail,Microcrédito,Montevideo,61-90,Llamada,True,52.8,-0.374,dificultad_economica,1,No contacto,31720.0,0.0
GE-0005245,G06,Gestor 06,2026-06,KB-104476,Retail,Préstamo personal,Colonia,180+,Llamada,True,73.3,-0.559,enojo,2,Promesa,18600.0,7183.0
GE-0005246,G06,Gestor 06,2026-06,KB-101959,Retail,Préstamo personal,Maldonado,91-180,Llamada,True,49.2,-0.321,objecion,3,Promesa,125680.0,66835.0
GE-0005247,G06,Gestor 06,2026-06,KB-109914,Retail,Microcrédito,Paysandú,61-90,Llamada,True,56.4,-0.498,enojo,4,Promesa,22460.0,10939.0
GE-0005248,G06,Gestor 06,2026-06,KB-102916,Retail,Préstamo personal,Colonia,1-30,Llamada,True,65.1,-0.367,enojo,4,Promesa,43280.0,24852.0
GE-0005249,G06,Gestor 06,2026-06,KB-106608,Retail,Cuenta corriente,Maldonado,31-60,WhatsApp,True,50.0,-0.278,objecion,4,Pago,80820.0,78133.0
GE-0005250,G06,Gestor 06,2026-06,KB-103789,Retail,Cuenta corriente,Montevideo,1-30,WhatsApp,True,56.2,-0.157,neutro,2,Sin acuerdo,13490.0,0.0
GE-0005251,G06,Gestor 06,2026-06,KB-110762,Pyme,Microcrédito,Montevideo,31-60,WhatsApp,True,70.3,-0.008,neutro,4,Promesa,93400.0,54568.0
GE-0005252,G06,Gestor 06,2026-06,KB-109429,Pyme,Préstamo personal,Canelones,1-30,Llamada,True,80.6,0.818,intencion_pago,4,Pago,219110.0,184728.0
GE-0005253,G06,Gestor 06,2026-06,KB-111667,Retail,Préstamo personal,Montevideo,1-30,WhatsApp,True,60.7,-0.038,objecion,1,Sin acuerdo,6800.0,0.0
GE-0005254,G06,Gestor 06,2026-06,KB-111472,Retail,Préstamo personal,Canelones,180+,WhatsApp,True,69.6,-0.519,enojo,4,Sin acuerdo,70460.0,0.0
GE-0005255,G06,Gestor 06,2026-06,KB-102815,Corporativo,Préstamo personal,Salto,1-30,Llamada,True,57.6,0.061,neutro,1,Sin acuerdo,967940.0,0.0
GE-0005256,G06,Gestor 06,2026-06,KB-108940,Retail,Crédito automotor,Florida,91-180,Llamada,True,56.8,-0.166,objecion,2,Promesa,53080.0,17771.0
GE-0005257,G06,Gestor 06,2026-06,KB-102237,Pyme,Microcrédito,Colonia,31-60,Llamada,True,68.7,0.41,intencion_pago,5,Sin acuerdo,70720.0,0.0
GE-0005258,G06,Gestor 06,2026-06,KB-100636,Corporativo,Microcrédito,Montevideo,61-90,WhatsApp,True,64.8,-0.502,enojo,2,Pago,964340.0,818151.0
GE-0005259,G06,Gestor 06,2026-06,KB-107245,Retail,Microcrédito,Canelones,1-30,Llamada,True,54.1,0.616,intencion_pago,2,Promesa,85430.0,46857.0
GE-0005260,G06,Gestor 06,2026-06,KB-105674,Retail,Crédito automotor,Canelones,1-30,Llamada,True,60.4,0.013,neutro,5,Pago,15260.0,13057.0
GE-0005261,G06,Gestor 06,2026-06,KB-101411,Retail,Préstamo personal,Soriano,31-60,WhatsApp,True,54.3,0.688,intencion_pago,4,Sin acuerdo,9870.0,0.0
GE-0005262,G06,Gestor 06,2026-06,KB-111921,Retail,Cuenta corriente,Montevideo,1-30,WhatsApp,True,51.1,0.372,intencion_pago,2,Promesa,13850.0,5741.0
GE-0005263,G06,Gestor 06,2026-06,KB-100863,Retail,Financiación retail,Paysandú,61-90,WhatsApp,True,66.8,0.23,neutro,4,Pago,24870.0,19272.0
GE-0005264,G06,Gestor 06,2026-06,KB-101476,Retail,Tarjeta de crédito,Tacuarembó,31-60,Llamada,True,49.5,0.075,neutro,3,Pago,30550.0,28229.0
GE-0005265,G06,Gestor 06,2026-06,KB-101766,Corporativo,Cuenta corriente,Montevideo,91-180,WhatsApp,True,50.9,-0.386,frustracion,3,No contacto,358810.0,0.0
GE-0005266,G06,Gestor 06,2026-06,KB-108189,Pyme,Tarjeta de crédito,San José,91-180,Llamada,True,52.7,-0.501,frustracion,2,Pago,182510.0,165263.0
GE-0005267,G06,Gestor 06,2026-06,KB-111789,Retail,Tarjeta de crédito,Montevideo,1-30,Llamada,True,61.3,-0.232,ansiedad,3,Sin acuerdo,31270.0,0.0
GE-0005268,G06,Gestor 06,2026-06,KB-103491,Pyme,Microcrédito,Montevideo,31-60,Llamada,True,50.2,0.416,intencion_pago,2,Promesa,252410.0,94131.0
GE-0005269,G06,Gestor 06,2026-06,KB-102959,Retail,Crédito automotor,Lavalleja,180+,Llamada,True,60.6,-0.3,dificultad_economica,3,No contacto,35350.0,0.0
GE-0005270,G06,Gestor 06,2026-06,KB-105861,Retail,Crédito automotor,San José,31-60,WhatsApp,True,57.3,0.33,neutro,3,Pago,18040.0,14423.0
GE-0005271,G06,Gestor 06,2026-06,KB-102244,Retail,Tarjeta de crédito,Durazno,91-180,WhatsApp,True,55.9,-0.256,dificultad_economica,3,No contacto,70320.0,0.0
GE-0005272,G06,Gestor 06,2026-06,KB-102287,Pyme,Préstamo personal,Montevideo,61-90,WhatsApp,True,53.6,0.02,neutro,3,Pago,178910.0,145324.0
GE-0005273,G06,Gestor 06,2026-06,KB-101861,Pyme,Préstamo personal,Montevideo,180+,WhatsApp,True,51.9,-0.581,enojo,2,No contacto,274610.0,0.0
GE-0005274,G06,Gestor 06,2026-06,KB-101675,Pyme,Tarjeta de crédito,Maldonado,61-90,WhatsApp,True,65.7,-0.316,dificultad_economica,4,Sin acuerdo,269360.0,0.0
GE-0005275,G06,Gestor 06,2026-06,KB-103558,Pyme,Préstamo personal,Canelones,1-30,WhatsApp,True,62.0,-0.373,frustracion,0,Promesa,87100.0,50946.0
GE-0005276,G07,Gestor 07,2026-06,KB-108294,Corporativo,Préstamo personal,Rivera,180+,Llamada,True,66.5,-0.429,enojo,3,No contacto,770270.0,0.0
GE-0005277,G07,Gestor 07,2026-06,KB-102261,Retail,Crédito automotor,Montevideo,91-180,WhatsApp,True,79.6,-0.422,enojo,5,Sin acuerdo,17780.0,0.0
GE-0005278,G07,Gestor 07,2026-06,KB-100935,Retail,Tarjeta de crédito,Montevideo,31-60,Llamada,True,85.8,-0.06,ansiedad,3,Pago,23200.0,17027.0
GE-0005279,G07,Gestor 07,2026-06,KB-105270,Retail,Préstamo personal,Colonia,61-90,Llamada,True,65.2,0.287,neutro,4,Sin acuerdo,22300.0,0.0
GE-0005280,G07,Gestor 07,2026-06,KB-101593,Pyme,Préstamo personal,Montevideo,91-180,WhatsApp,True,67.4,-0.421,dificultad_economica,2,Sin acuerdo,93350.0,0.0
GE-0005281,G07,Gestor 07,2026-06,KB-102950,Retail,Préstamo personal,Montevideo,91-180,Llamada,True,73.5,-0.032,objecion,4,Promesa,72970.0,31054.0
GE-0005282,G07,Gestor 07,2026-06,KB-111857,Retail,Microcrédito,Montevideo,61-90,Llamada,True,60.6,-0.007,ansiedad,3,No contacto,16240.0,0.0
GE-0005283,G07,Gestor 07,2026-06,KB-106806,Retail,Préstamo personal,Rivera,31-60,Llamada,True,80.3,-0.528,enojo,4,Sin acuerdo,21950.0,0.0
GE-0005284,G07,Gestor 07,2026-06,KB-101841,Corporativo,Microcrédito,Montevideo,91-180,Llamada,True,64.1,-0.128,ansiedad,3,Pago,243190.0,178434.0
GE-0005285,G07,Gestor 07,2026-06,KB-102348,Pyme,Préstamo personal,Artigas,31-60,Llamada,True,78.0,-0.341,frustracion,4,Sin acuerdo,62500.0,0.0
GE-0005286,G07,Gestor 07,2026-06,KB-102007,Pyme,Préstamo personal,Colonia,91-180,WhatsApp,True,80.2,-0.581,frustracion,4,Pago,24830.0,20683.0
GE-0005287,G07,Gestor 07,2026-06,KB-108803,Retail,Financiación retail,Montevideo,1-30,Llamada,True,75.4,0.525,intencion_pago,3,Pago,39970.0,33780.0
GE-0005288,G07,Gestor 07,2026-06,KB-108447,Retail,Préstamo personal,Artigas,91-180,Llamada,True,91.3,-0.124,ansiedad,4,Promesa,18150.0,10388.0
GE-0005289,G07,Gestor 07,2026-06,KB-109701,Retail,Préstamo personal,Montevideo,1-30,Llamada,True,71.7,0.022,neutro,5,Sin acuerdo,72890.0,0.0
GE-0005290,G07,Gestor 07,2026-06,KB-111139,Pyme,Préstamo personal,Montevideo,31-60,WhatsApp,True,85.6,-0.539,enojo,4,Sin acuerdo,89530.0,0.0
GE-0005291,G07,Gestor 07,2026-06,KB-110965,Corporativo,Préstamo personal,Montevideo,61-90,WhatsApp,True,67.8,-0.071,objecion,3,Promesa,925700.0,363333.0
GE-0005292,G07,Gestor 07,2026-06,KB-108602,Pyme,Financiación retail,Montevideo,61-90,Llamada,True,73.8,-0.003,neutro,5,Pago,49300.0,39045.0
GE-0005293,G07,Gestor 07,2026-06,KB-111590,Retail,Préstamo personal,Montevideo,61-90,Llamada,True,77.9,-0.061,ansiedad,4,Promesa,67180.0,36752.0
GE-0005294,G07,Gestor 07,2026-06,KB-106548,Pyme,Financiación retail,Tacuarembó,91-180,WhatsApp,True,72.8,-0.515,enojo,4,Promesa,128690.0,75991.0
GE-0005295,G07,Gestor 07,2026-06,KB-102833,Pyme,Crédito automotor,Cerro Largo,61-90,Llamada,True,76.2,-0.041,dificultad_economica,4,Promesa,87160.0,45861.0
GE-0005296,G07,Gestor 07,2026-06,KB-103022,Retail,Tarjeta de crédito,Durazno,31-60,WhatsApp,True,76.2,0.043,neutro,5,Promesa,5730.0,2258.0
GE-0005297,G07,Gestor 07,2026-06,KB-107473,Pyme,Préstamo personal,Salto,61-90,Llamada,True,70.4,0.088,neutro,4,Sin acuerdo,149520.0,0.0
GE-0005298,G07,Gestor 07,2026-06,KB-102634,Pyme,Préstamo personal,Montevideo,180+,WhatsApp,True,81.1,0.076,neutro,4,Promesa,12560.0,3778.0
GE-0005299,G07,Gestor 07,2026-06,KB-101865,Retail,Tarjeta de crédito,Montevideo,91-180,WhatsApp,True,88.2,0.216,ansiedad,5,Promesa,39460.0,16494.0
GE-0005300,G07,Gestor 07,2026-06,KB-104240,Pyme,Financiación retail,Montevideo,1-30,Llamada,True,73.0,0.728,intencion_pago,4,Pago,279850.0,229554.0
GE-0005301,G07,Gestor 07,2026-06,KB-106463,Pyme,Préstamo personal,Canelones,61-90,WhatsApp,True,69.6,0.145,objecion,2,Pago,102630.0,92489.0
GE-0005302,G07,Gestor 07,2026-06,KB-110602,Retail,Tarjeta de crédito,Montevideo,91-180,Llamada,True,72.1,-0.322,dificultad_economica,3,Pago,28030.0,21294.0
GE-0005303,G07,Gestor 07,2026-06,KB-107611,Pyme,Préstamo personal,Canelones,180+,Llamada,True,68.3,-0.416,dificultad_economica,2,No contacto,72550.0,0.0
GE-0005304,G07,Gestor 07,2026-06,KB-111507,Pyme,Cuenta corriente,Rivera,31-60,WhatsApp,True,79.0,-0.303,frustracion,4,Promesa,40960.0,22150.0
GE-0005305,G07,Gestor 07,2026-06,KB-111607,Retail,Microcrédito,Montevideo,1-30,WhatsApp,True,88.9,0.716,intencion_pago,5,Pago,77350.0,51448.0
GE-0005306,G07,Gestor 07,2026-06,KB-108293,Retail,Tarjeta de crédito,Montevideo,180+,Llamada,True,61.1,-0.628,enojo,3,Pago,29080.0,25061.0
GE-0005307,G07,Gestor 07,2026-06,KB-102901,Retail,Crédito automotor,Montevideo,180+,Llamada,True,68.7,-0.488,enojo,3,No contacto,18710.0,0.0
GE-0005308,G07,Gestor 07,2026-06,KB-104679,Corporativo,Tarjeta de crédito,Canelones,180+,Llamada,True,78.7,0.262,objecion,5,Sin acuerdo,1017160.0,0.0
GE-0005309,G07,Gestor 07,2026-06,KB-107416,Retail,Tarjeta de crédito,Cerro Largo,1-30,Llamada,True,74.0,0.324,intencion_pago,3,Pago,46270.0,43780.0
GE-0005310,G07,Gestor 07,2026-06,KB-111270,Corporativo,Préstamo personal,Cerro Largo,31-60,Llamada,True,73.0,-0.092,objecion,3,Promesa,570650.0,338509.0
GE-0005311,G07,Gestor 07,2026-06,KB-101047,Pyme,Microcrédito,Montevideo,61-90,Llamada,True,70.6,-0.446,frustracion,4,Pago,335380.0,255970.0
GE-0005312,G08,Gestor 08,2026-06,KB-111791,Retail,Préstamo personal,Canelones,91-180,Llamada,True,72.6,0.134,neutro,5,No contacto,95650.0,0.0
GE-0005313,G08,Gestor 08,2026-06,KB-108926,Pyme,Préstamo personal,San José,61-90,Llamada,True,66.9,-0.349,frustracion,4,Pago,76430.0,68280.0
GE-0005314,G08,Gestor 08,2026-06,KB-110470,Pyme,Préstamo personal,Montevideo,61-90,Llamada,True,88.8,0.302,ansiedad,6,Pago,37760.0,37008.0
GE-0005315,G08,Gestor 08,2026-06,KB-100877,Pyme,Microcrédito,Maldonado,91-180,WhatsApp,True,69.2,-0.186,dificultad_economica,3,Promesa,64120.0,33309.0
GE-0005316,G08,Gestor 08,2026-06,KB-106102,Retail,Préstamo personal,Maldonado,1-30,Llamada,True,79.6,-0.482,enojo,5,Promesa,8360.0,4718.0
GE-0005317,G08,Gestor 08,2026-06,KB-105576,Retail,Tarjeta de crédito,San José,91-180,Llamada,True,79.7,-0.255,frustracion,3,Promesa,22570.0,10963.0
GE-0005318,G08,Gestor 08,2026-06,KB-109366,Retail,Financiación retail,Maldonado,1-30,WhatsApp,True,66.3,-0.104,ansiedad,3,Pago,31280.0,20042.0
GE-0005319,G08,Gestor 08,2026-06,KB-103572,Retail,Tarjeta de crédito,Maldonado,180+,Llamada,True,69.2,-0.167,neutro,2,No contacto,77990.0,0.0
GE-0005320,G08,Gestor 08,2026-06,KB-102178,Retail,Microcrédito,Maldonado,1-30,WhatsApp,True,69.2,0.018,neutro,3,Pago,16740.0,16203.0
GE-0005321,G08,Gestor 08,2026-06,KB-108479,Pyme,Microcrédito,Treinta y Tres,31-60,WhatsApp,True,79.7,-0.437,enojo,4,Sin acuerdo,191960.0,0.0
GE-0005322,G08,Gestor 08,2026-06,KB-104899,Pyme,Préstamo personal,Montevideo,31-60,WhatsApp,True,68.7,-0.029,neutro,3,Promesa,136310.0,79406.0
GE-0005323,G08,Gestor 08,2026-06,KB-104479,Pyme,Tarjeta de crédito,Cerro Largo,1-30,Llamada,True,74.9,0.476,intencion_pago,3,Sin acuerdo,118230.0,0.0
GE-0005324,G08,Gestor 08,2026-06,KB-102043,Corporativo,Préstamo personal,Montevideo,91-180,WhatsApp,True,64.1,-0.205,objecion,3,Sin acuerdo,230100.0,0.0
GE-0005325,G08,Gestor 08,2026-06,KB-111397,Retail,Cuenta corriente,Montevideo,31-60,Llamada,True,78.5,0.402,intencion_pago,4,Promesa,18520.0,8414.0
GE-0005326,G08,Gestor 08,2026-06,KB-104626,Pyme,Préstamo personal,Montevideo,61-90,Llamada,True,81.6,0.023,objecion,4,Pago,176130.0,174441.0
GE-0005327,G08,Gestor 08,2026-06,KB-107157,Retail,Tarjeta de crédito,Paysandú,61-90,WhatsApp,True,64.8,-0.318,ansiedad,3,Promesa,20250.0,8974.0
GE-0005328,G08,Gestor 08,2026-06,KB-103426,Retail,Tarjeta de crédito,Canelones,1-30,WhatsApp,True,68.9,0.207,neutro,3,Promesa,80380.0,33182.0
GE-0005329,G08,Gestor 08,2026-06,KB-103430,Retail,Tarjeta de crédito,Montevideo,31-60,WhatsApp,True,67.1,0.113,neutro,4,Promesa,34820.0,19085.0
GE-0005330,G08,Gestor 08,2026-06,KB-106201,Retail,Préstamo personal,Treinta y Tres,1-30,WhatsApp,True,65.9,0.46,intencion_pago,4,Pago,24040.0,23473.0
GE-0005331,G08,Gestor 08,2026-06,KB-110405,Pyme,Microcrédito,Montevideo,180+,WhatsApp,True,73.0,-0.442,dificultad_economica,4,Promesa,104940.0,35913.0
GE-0005332,G08,Gestor 08,2026-06,KB-104350,Retail,Crédito automotor,Maldonado,180+,Llamada,True,72.5,-0.54,enojo,3,Promesa,21810.0,6661.0
GE-0005333,G08,Gestor 08,2026-06,KB-110316,Corporativo,Tarjeta de crédito,Paysandú,61-90,Llamada,True,77.8,-0.361,dificultad_economica,3,Pago,1520110.0,1095403.0
GE-0005334,G08,Gestor 08,2026-06,KB-110016,Pyme,Microcrédito,Río Negro,31-60,WhatsApp,True,78.1,-0.092,ansiedad,3,Promesa,97450.0,54845.0
GE-0005335,G08,Gestor 08,2026-06,KB-100011,Retail,Microcrédito,Montevideo,1-30,WhatsApp,True,60.2,-0.296,objecion,4,No contacto,34410.0,0.0
GE-0005336,G08,Gestor 08,2026-06,KB-101582,Retail,Préstamo personal,Canelones,1-30,WhatsApp,True,70.7,-0.023,neutro,3,Promesa,63890.0,32426.0
GE-0005337,G08,Gestor 08,2026-06,KB-102172,Pyme,Microcrédito,Soriano,1-30,Llamada,True,82.9,-0.354,ansiedad,3,Sin acuerdo,111290.0,0.0
GE-0005338,G08,Gestor 08,2026-06,KB-103274,Pyme,Tarjeta de crédito,Montevideo,180+,Llamada,True,69.0,-0.145,objecion,2,No contacto,221460.0,0.0
GE-0005339,G08,Gestor 08,2026-06,KB-102120,Pyme,Tarjeta de crédito,Canelones,61-90,WhatsApp,True,65.2,-0.354,frustracion,3,Pago,343830.0,313626.0
GE-0005340,G08,Gestor 08,2026-06,KB-106227,Retail,Microcrédito,Montevideo,1-30,Llamada,True,62.4,0.47,intencion_pago,4,Pago,38250.0,29269.0
GE-0005341,G08,Gestor 08,2026-06,KB-111168,Retail,Préstamo personal,Canelones,31-60,Llamada,True,52.9,0.365,intencion_pago,3,No contacto,10570.0,0.0
GE-0005342,G08,Gestor 08,2026-06,KB-104034,Pyme,Préstamo personal,Salto,91-180,WhatsApp,True,64.1,-0.632,enojo,2,No contacto,54330.0,0.0
GE-0005343,G08,Gestor 08,2026-06,KB-107272,Retail,Préstamo personal,Montevideo,61-90,WhatsApp,True,75.5,-0.136,objecion,4,No contacto,26470.0,0.0
GE-0005344,G08,Gestor 08,2026-06,KB-103216,Retail,Préstamo personal,Montevideo,31-60,Llamada,True,66.1,-0.032,neutro,3,Sin acuerdo,83200.0,0.0
GE-0005345,G08,Gestor 08,2026-06,KB-106168,Retail,Tarjeta de crédito,Montevideo,91-180,Llamada,True,81.3,-0.581,frustracion,3,Pago,24460.0,17275.0
GE-0005346,G08,Gestor 08,2026-06,KB-106684,Pyme,Tarjeta de crédito,Colonia,1-30,WhatsApp,True,85.8,-0.191,frustracion,4,Promesa,76600.0,42673.0
GE-0005347,G08,Gestor 08,2026-06,KB-104440,Corporativo,Microcrédito,Montevideo,61-90,Llamada,True,78.3,-0.113,ansiedad,4,No contacto,2105570.0,0.0
GE-0005348,G08,Gestor 08,2026-06,KB-101597,Retail,Financiación retail,Artigas,1-30,Llamada,True,63.6,0.576,intencion_pago,3,Promesa,1890.0,740.0
GE-0005349,G08,Gestor 08,2026-06,KB-104258,Pyme,Microcrédito,Rivera,61-90,WhatsApp,True,72.6,-0.567,enojo,3,Pago,62190.0,60799.0
GE-0005350,G08,Gestor 08,2026-06,KB-108648,Retail,Tarjeta de crédito,Montevideo,1-30,WhatsApp,True,62.6,0.476,intencion_pago,4,Promesa,65900.0,38659.0
GE-0005351,G08,Gestor 08,2026-06,KB-111028,Retail,Financiación retail,Salto,31-60,WhatsApp,True,72.5,-0.347,enojo,3,Promesa,22170.0,11245.0
GE-0005352,G08,Gestor 08,2026-06,KB-104477,Retail,Tarjeta de crédito,Canelones,91-180,Llamada,True,75.3,0.141,objecion,2,Pago,8010.0,6207.0
GE-0005353,G09,Gestor 09,2026-06,KB-100111,Pyme,Tarjeta de crédito,Montevideo,1-30,WhatsApp,True,67.0,0.441,intencion_pago,4,Pago,46220.0,28886.0
GE-0005354,G09,Gestor 09,2026-06,KB-107411,Retail,Préstamo personal,Montevideo,31-60,Llamada,True,82.9,0.624,intencion_pago,5,Promesa,18330.0,8490.0
GE-0005355,G09,Gestor 09,2026-06,KB-109519,Retail,Préstamo personal,Cerro Largo,91-180,WhatsApp,True,69.8,-0.302,dificultad_economica,4,No contacto,14030.0,0.0
GE-0005356,G09,Gestor 09,2026-06,KB-104473,Pyme,Crédito automotor,Maldonado,31-60,Llamada,True,59.6,-0.043,objecion,3,Sin acuerdo,79240.0,0.0
GE-0005357,G09,Gestor 09,2026-06,KB-110515,Retail,Préstamo personal,Montevideo,91-180,WhatsApp,True,76.2,-0.013,objecion,4,Sin acuerdo,40020.0,0.0
GE-0005358,G09,Gestor 09,2026-06,KB-103945,Pyme,Préstamo personal,Rocha,1-30,WhatsApp,True,76.0,-0.042,objecion,4,Promesa,27300.0,13658.0
GE-0005359,G09,Gestor 09,2026-06,KB-107401,Pyme,Microcrédito,Montevideo,1-30,Llamada,True,78.3,-0.087,frustracion,3,Promesa,276280.0,153318.0
GE-0005360,G09,Gestor 09,2026-06,KB-108432,Pyme,Tarjeta de crédito,Maldonado,1-30,Llamada,True,73.3,0.133,neutro,3,Promesa,268110.0,126348.0
GE-0005361,G09,Gestor 09,2026-06,KB-107979,Retail,Microcrédito,Canelones,1-30,Llamada,True,62.2,-0.058,neutro,4,Sin acuerdo,13100.0,0.0
GE-0005362,G09,Gestor 09,2026-06,KB-105503,Retail,Tarjeta de crédito,Montevideo,31-60,Llamada,True,77.4,0.175,neutro,3,Promesa,22590.0,12948.0
GE-0005363,G09,Gestor 09,2026-06,KB-103541,Retail,Microcrédito,Cerro Largo,91-180,Llamada,True,76.9,-0.374,frustracion,3,Pago,31050.0,28584.0
GE-0005364,G09,Gestor 09,2026-06,KB-103349,Retail,Microcrédito,Montevideo,1-30,Llamada,True,72.8,0.566,intencion_pago,4,Pago,8150.0,8132.0
GE-0005365,G09,Gestor 09,2026-06,KB-111771,Pyme,Cuenta corriente,San José,91-180,Llamada,True,81.4,-0.031,ansiedad,5,Pago,41400.0,28618.0
GE-0005366,G09,Gestor 09,2026-06,KB-104477,Retail,Tarjeta de crédito,Canelones,91-180,WhatsApp,True,75.9,-0.301,ansiedad,3,Pago,8010.0,6207.0
GE-0005367,G09,Gestor 09,2026-06,KB-100053,Corporativo,Préstamo personal,Colonia,180+,WhatsApp,True,72.3,-0.328,frustracion,4,No contacto,1232230.0,0.0
GE-0005368,G09,Gestor 09,2026-06,KB-106684,Pyme,Tarjeta de crédito,Colonia,1-30,WhatsApp,True,73.9,0.564,intencion_pago,4,Promesa,76600.0,42673.0
GE-0005369,G09,Gestor 09,2026-06,KB-109325,Retail,Cuenta corriente,Tacuarembó,61-90,WhatsApp,True,67.1,-0.232,dificultad_economica,4,No contacto,20430.0,0.0
GE-0005370,G09,Gestor 09,2026-06,KB-110207,Retail,Financiación retail,Paysandú,31-60,Llamada,True,77.4,0.032,ansiedad,2,Promesa,45640.0,20030.0
GE-0005371,G09,Gestor 09,2026-06,KB-101962,Retail,Microcrédito,Artigas,91-180,Llamada,True,76.5,-0.121,ansiedad,3,Pago,66130.0,63630.0
GE-0005372,G09,Gestor 09,2026-06,KB-103449,Retail,Tarjeta de crédito,Montevideo,91-180,Llamada,True,80.5,0.0,objecion,6,Pago,20020.0,13267.0
GE-0005373,G09,Gestor 09,2026-06,KB-103981,Retail,Crédito automotor,Canelones,31-60,Llamada,True,68.9,-0.085,frustracion,3,Promesa,22080.0,9265.0
GE-0005374,G09,Gestor 09,2026-06,KB-111972,Retail,Crédito automotor,Canelones,61-90,Llamada,True,64.9,0.001,neutro,6,No contacto,8230.0,0.0
GE-0005375,G09,Gestor 09,2026-06,KB-105118,Pyme,Préstamo personal,Montevideo,91-180,WhatsApp,True,63.1,-0.091,ansiedad,2,Promesa,94050.0,43958.0
GE-0005376,G09,Gestor 09,2026-06,KB-103556,Retail,Préstamo personal,Canelones,1-30,Llamada,True,81.1,0.238,neutro,5,Promesa,23490.0,13398.0
GE-0005377,G09,Gestor 09,2026-06,KB-110241,Retail,Préstamo personal,Montevideo,1-30,WhatsApp,True,69.8,-0.138,neutro,3,Promesa,27910.0,16381.0
GE-0005378,G09,Gestor 09,2026-06,KB-109065,Retail,Cuenta corriente,Paysandú,31-60,Llamada,True,79.4,-0.434,frustracion,4,Promesa,51530.0,29320.0
GE-0005379,G09,Gestor 09,2026-06,KB-105872,Retail,Financiación retail,Soriano,61-90,Llamada,True,82.6,-0.179,dificultad_economica,5,No contacto,24060.0,0.0
GE-0005380,G09,Gestor 09,2026-06,KB-102402,Pyme,Tarjeta de crédito,Montevideo,31-60,Llamada,True,80.4,0.445,intencion_pago,2,Promesa,94240.0,34685.0
GE-0005381,G09,Gestor 09,2026-06,KB-108312,Corporativo,Préstamo personal,Artigas,1-30,WhatsApp,True,77.7,0.134,neutro,3,Promesa,806800.0,392643.0
GE-0005382,G09,Gestor 09,2026-06,KB-103502,Corporativo,Microcrédito,Florida,61-90,Llamada,True,72.3,-0.266,frustracion,4,Promesa,478890.0,255768.0
GE-0005383,G09,Gestor 09,2026-06,KB-102181,Retail,Préstamo personal,Montevideo,1-30,Llamada,True,70.3,0.124,objecion,4,Promesa,21000.0,10353.0
GE-0005384,G09,Gestor 09,2026-06,KB-103280,Pyme,Préstamo personal,Treinta y Tres,1-30,Llamada,True,73.2,0.583,intencion_pago,4,Promesa,46820.0,23242.0
GE-0005385,G09,Gestor 09,2026-06,KB-111586,Retail,Préstamo personal,Montevideo,61-90,Llamada,True,68.7,-0.388,ansiedad,4,Promesa,26690.0,13724.0
GE-0005386,G09,Gestor 09,2026-06,KB-105457,Retail,Crédito automotor,Colonia,31-60,Llamada,True,71.3,0.07,objecion,1,Pago,12050.0,11209.0
GE-0005387,G09,Gestor 09,2026-06,KB-107341,Retail,Crédito automotor,Montevideo,180+,Llamada,True,85.5,-0.534,enojo,5,Promesa,15430.0,4739.0
GE-0005388,G09,Gestor 09,2026-06,KB-109793,Corporativo,Microcrédito,Maldonado,1-30,Llamada,True,95.0,0.27,neutro,4,Promesa,402970.0,183953.0
GE-0005389,G09,Gestor 09,2026-06,KB-105060,Retail,Tarjeta de crédito,Montevideo,1-30,Llamada,True,58.5,-0.133,neutro,3,Promesa,46190.0,22188.0
GE-0005390,G09,Gestor 09,2026-06,KB-101931,Retail,Financiación retail,Canelones,91-180,WhatsApp,True,81.4,-0.345,frustracion,3,Sin acuerdo,8470.0,0.0
GE-0005391,G09,Gestor 09,2026-06,KB-107698,Pyme,Préstamo personal,Colonia,61-90,Llamada,True,69.6,0.399,neutro,5,Sin acuerdo,362320.0,0.0
GE-0005392,G09,Gestor 09,2026-06,KB-111972,Retail,Crédito automotor,Canelones,61-90,WhatsApp,True,70.5,-0.155,objecion,3,Pago,8230.0,6414.0
GE-0005393,G09,Gestor 09,2026-06,KB-100839,Retail,Préstamo personal,Canelones,91-180,Llamada,True,65.5,-0.441,frustracion,1,Pago,18100.0,12665.0
GE-0005394,G09,Gestor 09,2026-06,KB-109831,Retail,Financiación retail,Montevideo,180+,Llamada,True,76.3,-0.071,dificultad_economica,4,No contacto,14860.0,0.0
GE-0005395,G10,Gestor 10,2026-06,KB-105220,Pyme,Préstamo personal,Colonia,1-30,Llamada,True,65.6,0.471,intencion_pago,2,Promesa,55250.0,22430.0
GE-0005396,G10,Gestor 10,2026-06,KB-106385,Retail,Crédito automotor,Montevideo,1-30,Llamada,True,69.7,-0.063,ansiedad,2,No contacto,32460.0,0.0
GE-0005397,G10,Gestor 10,2026-06,KB-102010,Retail,Préstamo personal,Maldonado,91-180,Llamada,True,71.9,-0.263,dificultad_economica,4,Sin acuerdo,74050.0,0.0
GE-0005398,G10,Gestor 10,2026-06,KB-109682,Retail,Préstamo personal,Salto,31-60,WhatsApp,True,75.2,0.309,neutro,3,Promesa,43830.0,24524.0
GE-0005399,G10,Gestor 10,2026-06,KB-102112,Retail,Crédito automotor,Montevideo,1-30,Llamada,True,70.8,0.046,neutro,1,Pago,11170.0,8778.0
GE-0005400,G10,Gestor 10,2026-06,KB-102671,Retail,Préstamo personal,Río Negro,31-60,WhatsApp,True,69.7,-0.217,ansiedad,5,Pago,72800.0,61861.0
GE-0005401,G10,Gestor 10,2026-06,KB-100583,Retail,Microcrédito,Canelones,180+,Llamada,True,75.5,-0.731,enojo,3,Sin acuerdo,35590.0,0.0
GE-0005402,G10,Gestor 10,2026-06,KB-111372,Pyme,Tarjeta de crédito,Colonia,1-30,Llamada,True,58.7,0.352,neutro,5,Pago,74010.0,72476.0
GE-0005403,G10,Gestor 10,2026-06,KB-105775,Retail,Microcrédito,Canelones,61-90,WhatsApp,True,77.7,0.257,neutro,7,Promesa,24000.0,12713.0
GE-0005404,G10,Gestor 10,2026-06,KB-107337,Retail,Microcrédito,Salto,31-60,WhatsApp,True,75.9,0.614,intencion_pago,3,Promesa,7460.0,3965.0
GE-0005405,G10,Gestor 10,2026-06,KB-100132,Pyme,Microcrédito,San José,61-90,WhatsApp,True,73.0,-0.294,dificultad_economica,3,Pago,119620.0,113813.0
GE-0005406,G10,Gestor 10,2026-06,KB-110577,Retail,Crédito automotor,Lavalleja,180+,Llamada,True,68.6,-0.658,enojo,4,Promesa,9100.0,2901.0
GE-0005407,G10,Gestor 10,2026-06,KB-107737,Retail,Préstamo personal,Tacuarembó,91-180,WhatsApp,True,54.2,-0.033,neutro,5,No contacto,28750.0,0.0
GE-0005408,G10,Gestor 10,2026-06,KB-107552,Retail,Préstamo personal,Colonia,61-90,WhatsApp,True,63.9,0.037,frustracion,3,No contacto,24420.0,0.0
GE-0005409,G10,Gestor 10,2026-06,KB-100962,Pyme,Tarjeta de crédito,Río Negro,61-90,Llamada,True,76.7,0.017,dificultad_economica,4,Pago,43410.0,27217.0
GE-0005410,G10,Gestor 10,2026-06,KB-110471,Retail,Tarjeta de crédito,Montevideo,1-30,Llamada,True,68.5,-0.348,objecion,5,Promesa,40180.0,22356.0
GE-0005411,G10,Gestor 10,2026-06,KB-108723,Retail,Préstamo personal,Salto,31-60,Llamada,True,63.1,-0.643,enojo,4,Promesa,50400.0,29129.0
GE-0005412,G10,Gestor 10,2026-06,KB-107710,Corporativo,Tarjeta de crédito,Canelones,31-60,WhatsApp,True,74.6,0.491,intencion_pago,4,Pago,890780.0,661346.0
GE-0005413,G10,Gestor 10,2026-06,KB-110908,Retail,Financiación retail,Montevideo,61-90,WhatsApp,True,83.1,0.126,neutro,4,Pago,34180.0,28290.0
GE-0005414,G10,Gestor 10,2026-06,KB-106665,Pyme,Financiación retail,Artigas,1-30,Llamada,True,68.4,0.542,intencion_pago,3,Pago,38100.0,26994.0
GE-0005415,G10,Gestor 10,2026-06,KB-108615,Retail,Crédito automotor,Salto,180+,Llamada,True,68.7,-0.218,dificultad_economica,4,Sin acuerdo,20570.0,0.0
GE-0005416,G10,Gestor 10,2026-06,KB-110212,Retail,Cuenta corriente,San José,61-90,WhatsApp,True,71.2,0.232,neutro,3,Promesa,29470.0,17236.0
GE-0005417,G10,Gestor 10,2026-06,KB-108345,Pyme,Tarjeta de crédito,Lavalleja,1-30,WhatsApp,True,84.1,0.349,neutro,5,Pago,144390.0,113829.0
GE-0005418,G10,Gestor 10,2026-06,KB-104616,Retail,Tarjeta de crédito,Maldonado,31-60,WhatsApp,True,71.5,0.057,neutro,4,Sin acuerdo,16570.0,0.0
GE-0005419,G10,Gestor 10,2026-06,KB-106987,Pyme,Tarjeta de crédito,Montevideo,61-90,Llamada,True,46.2,-0.109,objecion,0,Sin acuerdo,62480.0,0.0
GE-0005420,G10,Gestor 10,2026-06,KB-111288,Retail,Tarjeta de crédito,Cerro Largo,1-30,Llamada,True,64.8,0.451,intencion_pago,3,Promesa,53290.0,29890.0
GE-0005421,G10,Gestor 10,2026-06,KB-106052,Retail,Crédito automotor,Maldonado,61-90,Llamada,True,50.2,0.059,neutro,3,No contacto,204990.0,0.0
GE-0005422,G10,Gestor 10,2026-06,KB-103499,Retail,Crédito automotor,Florida,31-60,WhatsApp,True,78.1,-0.119,ansiedad,5,Sin acuerdo,126270.0,0.0
GE-0005423,G10,Gestor 10,2026-06,KB-101454,Pyme,Tarjeta de crédito,Maldonado,61-90,Llamada,True,59.0,-0.44,dificultad_economica,1,Promesa,125260.0,70638.0
GE-0005424,G10,Gestor 10,2026-06,KB-108251,Pyme,Cuenta corriente,Canelones,180+,WhatsApp,True,79.8,-0.316,frustracion,4,Sin acuerdo,47930.0,0.0
GE-0005425,G10,Gestor 10,2026-06,KB-106033,Pyme,Crédito automotor,Canelones,91-180,Llamada,True,70.0,-0.342,dificultad_economica,3,Sin acuerdo,111310.0,0.0
GE-0005426,G10,Gestor 10,2026-06,KB-103096,Retail,Préstamo personal,Montevideo,1-30,Llamada,True,66.3,0.449,intencion_pago,4,Pago,22780.0,21060.0
GE-0005427,G10,Gestor 10,2026-06,KB-109659,Retail,Tarjeta de crédito,Salto,31-60,WhatsApp,True,66.8,-0.271,frustracion,3,No contacto,28240.0,0.0
GE-0005428,G10,Gestor 10,2026-06,KB-110709,Retail,Crédito automotor,Paysandú,31-60,Llamada,True,63.1,0.084,neutro,2,Pago,31010.0,24376.0
GE-0005429,G10,Gestor 10,2026-06,KB-101626,Retail,Cuenta corriente,Montevideo,1-30,WhatsApp,True,65.3,-0.258,ansiedad,3,Pago,19020.0,17441.0
GE-0005430,G10,Gestor 10,2026-06,KB-101600,Retail,Préstamo personal,Montevideo,1-30,WhatsApp,True,58.4,-0.363,enojo,2,No contacto,28980.0,0.0
GE-0005431,G10,Gestor 10,2026-06,KB-109091,Pyme,Financiación retail,Montevideo,61-90,Llamada,True,61.7,-0.302,dificultad_economica,4,Promesa,77810.0,45407.0
GE-0005432,G10,Gestor 10,2026-06,KB-101244,Retail,Préstamo personal,Montevideo,1-30,Llamada,True,76.5,0.424,intencion_pago,3,Promesa,25920.0,10985.0
GE-0005433,G10,Gestor 10,2026-06,KB-101803,Corporativo,Tarjeta de crédito,Rocha,31-60,WhatsApp,True,62.7,0.053,neutro,3,Pago,934470.0,761295.0
GE-0005434,G10,Gestor 10,2026-06,KB-106274,Retail,Préstamo personal,Montevideo,180+,Llamada,True,74.5,-0.373,dificultad_economica,5,Sin acuerdo,58820.0,0.0
GE-0005435,G11,Gestor 11,2026-06,KB-110812,Retail,Préstamo personal,Montevideo,61-90,Llamada,True,87.7,-0.203,dificultad_economica,6,Promesa,25660.0,13754.0
GE-0005436,G11,Gestor 11,2026-06,KB-110519,Retail,Cuenta corriente,Colonia,31-60,Llamada,True,96.8,-0.271,frustracion,6,Pago,20000.0,17281.0
GE-0005437,G11,Gestor 11,2026-06,KB-107467,Retail,Préstamo personal,Colonia,31-60,WhatsApp,True,72.6,-0.071,objecion,6,Pago,16780.0,16545.0
GE-0005438,G11,Gestor 11,2026-06,KB-105306,Retail,Préstamo personal,Montevideo,31-60,Llamada,True,85.5,0.711,intencion_pago,3,Sin acuerdo,73300.0,0.0
GE-0005439,G11,Gestor 11,2026-06,KB-110282,Pyme,Cuenta corriente,Montevideo,31-60,Llamada,True,72.6,0.014,neutro,4,Pago,84440.0,77428.0
GE-0005440,G11,Gestor 11,2026-06,KB-109022,Corporativo,Financiación retail,San José,91-180,WhatsApp,True,81.9,-0.224,dificultad_economica,3,Promesa,198920.0,81305.0
GE-0005441,G11,Gestor 11,2026-06,KB-105839,Corporativo,Financiación retail,Durazno,1-30,Llamada,True,89.2,-0.053,ansiedad,5,Promesa,1396520.0,794988.0
GE-0005442,G11,Gestor 11,2026-06,KB-111595,Pyme,Microcrédito,Canelones,1-30,Llamada,True,94.7,0.556,intencion_pago,5,Promesa,60140.0,34238.0
GE-0005443,G11,Gestor 11,2026-06,KB-106548,Pyme,Financiación retail,Tacuarembó,91-180,Llamada,True,74.4,-0.195,dificultad_economica,5,Promesa,128690.0,75991.0
GE-0005444,G11,Gestor 11,2026-06,KB-102559,Pyme,Préstamo personal,Soriano,91-180,Llamada,True,69.8,-0.002,objecion,3,Pago,196680.0,166474.0
GE-0005445,G11,Gestor 11,2026-06,KB-102830,Retail,Microcrédito,Montevideo,61-90,Llamada,True,81.8,-0.163,ansiedad,4,Sin acuerdo,88980.0,0.0
GE-0005446,G11,Gestor 11,2026-06,KB-111085,Retail,Crédito automotor,Montevideo,91-180,WhatsApp,True,83.9,-0.191,dificultad_economica,5,Promesa,25480.0,8097.0
GE-0005447,G11,Gestor 11,2026-06,KB-102995,Corporativo,Tarjeta de crédito,Montevideo,91-180,WhatsApp,True,78.9,-0.164,dificultad_economica,3,Pago,799850.0,597817.0
GE-0005448,G11,Gestor 11,2026-06,KB-104508,Retail,Préstamo personal,Montevideo,31-60,Llamada,True,100.0,0.378,neutro,4,Sin acuerdo,65130.0,0.0
GE-0005449,G11,Gestor 11,2026-06,KB-104301,Retail,Cuenta corriente,Durazno,1-30,Llamada,True,83.6,0.302,neutro,6,Pago,21470.0,20444.0
GE-0005450,G11,Gestor 11,2026-06,KB-108601,Corporativo,Tarjeta de crédito,Florida,1-30,WhatsApp,True,72.5,0.078,neutro,5,Pago,363630.0,257558.0
GE-0005451,G11,Gestor 11,2026-06,KB-109033,Corporativo,Crédito automotor,Canelones,91-180,Llamada,True,93.1,-0.238,frustracion,4,Pago,605310.0,392032.0
GE-0005452,G11,Gestor 11,2026-06,KB-109830,Retail,Microcrédito,Montevideo,180+,Llamada,True,89.3,0.142,ansiedad,5,Promesa,25010.0,14495.0
GE-0005453,G11,Gestor 11,2026-06,KB-106519,Corporativo,Crédito automotor,Rocha,91-180,WhatsApp,True,86.6,-0.134,frustracion,2,Promesa,1063390.0,411446.0
GE-0005454,G11,Gestor 11,2026-06,KB-108296,Pyme,Préstamo personal,Cerro Largo,1-30,WhatsApp,True,89.9,0.175,objecion,5,Sin acuerdo,31470.0,0.0
GE-0005455,G11,Gestor 11,2026-06,KB-101763,Retail,Cuenta corriente,Montevideo,180+,WhatsApp,True,98.2,0.083,neutro,4,Pago,28430.0,17427.0
GE-0005456,G11,Gestor 11,2026-06,KB-105662,Retail,Cuenta corriente,Montevideo,91-180,Llamada,True,77.4,0.158,neutro,4,Promesa,45080.0,22569.0
GE-0005457,G11,Gestor 11,2026-06,KB-101533,Pyme,Crédito automotor,Artigas,1-30,Llamada,True,79.7,-0.34,frustracion,5,Promesa,101840.0,38627.0
GE-0005458,G11,Gestor 11,2026-06,KB-108375,Retail,Préstamo personal,Durazno,61-90,Llamada,True,79.0,0.117,neutro,5,Sin acuerdo,28500.0,0.0
GE-0005459,G11,Gestor 11,2026-06,KB-109727,Pyme,Financiación retail,Colonia,91-180,Llamada,True,93.3,0.023,objecion,6,Pago,226470.0,208780.0
GE-0005460,G11,Gestor 11,2026-06,KB-109233,Pyme,Tarjeta de crédito,Montevideo,91-180,Llamada,True,89.0,-0.083,frustracion,6,No contacto,91090.0,0.0
GE-0005461,G11,Gestor 11,2026-06,KB-108535,Pyme,Financiación retail,San José,180+,Llamada,True,81.2,-0.5,enojo,3,Pago,47190.0,37258.0
GE-0005462,G11,Gestor 11,2026-06,KB-107563,Pyme,Préstamo personal,Montevideo,180+,WhatsApp,True,86.7,-0.056,ansiedad,4,Pago,127710.0,85239.0
GE-0005463,G11,Gestor 11,2026-06,KB-105541,Retail,Cuenta corriente,Artigas,91-180,Llamada,True,89.0,-0.317,frustracion,5,Promesa,11260.0,4590.0
GE-0005464,G11,Gestor 11,2026-06,KB-101823,Retail,Préstamo personal,Salto,1-30,Llamada,True,73.1,0.116,neutro,2,Promesa,39820.0,21470.0
GE-0005465,G11,Gestor 11,2026-06,KB-102551,Corporativo,Microcrédito,Montevideo,180+,Llamada,True,80.8,-0.325,dificultad_economica,5,Promesa,222390.0,93201.0
GE-0005466,G11,Gestor 11,2026-06,KB-108180,Retail,Tarjeta de crédito,Montevideo,1-30,Llamada,True,86.9,0.078,neutro,4,Pago,15070.0,12949.0
GE-0005467,G11,Gestor 11,2026-06,KB-103681,Retail,Préstamo personal,Treinta y Tres,31-60,WhatsApp,True,58.4,-0.534,enojo,5,No contacto,29750.0,0.0
GE-0005468,G11,Gestor 11,2026-06,KB-105974,Pyme,Tarjeta de crédito,Montevideo,91-180,Llamada,True,78.2,-0.352,dificultad_economica,2,Sin acuerdo,111130.0,0.0
GE-0005469,G11,Gestor 11,2026-06,KB-105681,Retail,Microcrédito,Montevideo,1-30,Llamada,True,68.2,0.007,objecion,3,Pago,12190.0,11875.0
GE-0005470,G11,Gestor 11,2026-06,KB-105944,Pyme,Préstamo personal,Montevideo,91-180,WhatsApp,True,100.0,0.082,objecion,6,Pago,76150.0,61795.0
GE-0005471,G11,Gestor 11,2026-06,KB-102251,Retail,Tarjeta de crédito,Montevideo,180+,Llamada,True,61.1,-0.289,frustracion,3,No contacto,20340.0,0.0
GE-0005472,G11,Gestor 11,2026-06,KB-102345,Corporativo,Cuenta corriente,Canelones,180+,WhatsApp,True,94.3,-0.195,frustracion,5,Sin acuerdo,127550.0,0.0
GE-0005473,G11,Gestor 11,2026-06,KB-105463,Pyme,Tarjeta de crédito,Montevideo,1-30,WhatsApp,True,92.6,-0.29,frustracion,4,Sin acuerdo,191470.0,0.0
GE-0005474,G11,Gestor 11,2026-06,KB-110525,Retail,Préstamo personal,Salto,31-60,WhatsApp,True,87.3,0.761,intencion_pago,4,Pago,44780.0,31462.0
GE-0005475,G11,Gestor 11,2026-06,KB-107953,Retail,Crédito automotor,Soriano,31-60,Llamada,True,84.8,0.28,neutro,3,Promesa,34490.0,16063.0
GE-0005476,G11,Gestor 11,2026-06,KB-108748,Retail,Préstamo personal,Montevideo,91-180,Llamada,True,97.9,0.014,objecion,7,Sin acuerdo,9740.0,0.0
GE-0005477,G11,Gestor 11,2026-06,KB-101917,Retail,Préstamo personal,Rocha,91-180,Llamada,True,79.8,-0.314,dificultad_economica,4,Pago,16710.0,15295.0
GE-0005478,G11,Gestor 11,2026-06,KB-103715,Retail,Cuenta corriente,Florida,180+,Llamada,True,84.5,-0.276,dificultad_economica,4,Pago,21500.0,13194.0
GE-0005479,G11,Gestor 11,2026-06,KB-108782,Pyme,Cuenta corriente,Montevideo,31-60,Llamada,True,71.7,-0.439,frustracion,4,Sin acuerdo,233740.0,0.0
GE-0005480,G11,Gestor 11,2026-06,KB-100967,Retail,Financiación retail,Montevideo,1-30,Llamada,True,78.0,0.589,intencion_pago,5,Promesa,29480.0,13184.0
GE-0005481,G11,Gestor 11,2026-06,KB-101496,Pyme,Tarjeta de crédito,Montevideo,1-30,Llamada,True,75.1,0.036,neutro,3,Sin acuerdo,149570.0,0.0
GE-0005482,G12,Gestor 12,2026-06,KB-102709,Retail,Tarjeta de crédito,Canelones,1-30,WhatsApp,True,73.6,0.05,neutro,3,Pago,14230.0,11705.0
GE-0005483,G12,Gestor 12,2026-06,KB-103559,Retail,Financiación retail,Colonia,1-30,Llamada,True,72.2,0.044,objecion,4,Pago,23260.0,20885.0
GE-0005484,G12,Gestor 12,2026-06,KB-107168,Pyme,Préstamo personal,Maldonado,91-180,WhatsApp,True,84.9,-0.47,enojo,5,Sin acuerdo,160640.0,0.0
GE-0005485,G12,Gestor 12,2026-06,KB-103594,Retail,Tarjeta de crédito,Montevideo,180+,Llamada,True,76.3,-0.1,objecion,3,Promesa,28040.0,9045.0
GE-0005486,G12,Gestor 12,2026-06,KB-105838,Retail,Préstamo personal,Montevideo,31-60,Llamada,True,86.9,0.131,neutro,6,Pago,12530.0,11778.0
GE-0005487,G12,Gestor 12,2026-06,KB-104825,Retail,Préstamo personal,Cerro Largo,1-30,Llamada,True,81.0,0.421,intencion_pago,3,Pago,53270.0,48956.0
GE-0005488,G12,Gestor 12,2026-06,KB-111468,Retail,Tarjeta de crédito,Río Negro,1-30,WhatsApp,True,75.7,0.227,ansiedad,4,Pago,83240.0,65423.0
GE-0005489,G12,Gestor 12,2026-06,KB-104429,Retail,Microcrédito,Canelones,31-60,Llamada,True,84.5,0.133,neutro,5,Sin acuerdo,16690.0,0.0
GE-0005490,G12,Gestor 12,2026-06,KB-104181,Corporativo,Microcrédito,Montevideo,1-30,Llamada,True,79.0,0.052,objecion,3,Promesa,450930.0,244823.0
GE-0005491,G12,Gestor 12,2026-06,KB-103226,Pyme,Préstamo personal,San José,31-60,WhatsApp,True,78.9,0.655,intencion_pago,3,Pago,400850.0,300987.0
GE-0005492,G12,Gestor 12,2026-06,KB-111448,Retail,Tarjeta de crédito,Canelones,1-30,Llamada,True,83.5,0.554,intencion_pago,4,Pago,39210.0,29897.0
GE-0005493,G12,Gestor 12,2026-06,KB-106775,Retail,Microcrédito,Montevideo,180+,Llamada,True,78.5,-0.299,frustracion,3,No contacto,39020.0,0.0
GE-0005494,G12,Gestor 12,2026-06,KB-111621,Retail,Préstamo personal,Colonia,91-180,Llamada,True,75.6,-0.291,dificultad_economica,3,Promesa,11580.0,3769.0
GE-0005495,G12,Gestor 12,2026-06,KB-108217,Pyme,Tarjeta de crédito,Cerro Largo,31-60,Llamada,True,96.4,-0.117,ansiedad,6,Promesa,63910.0,28379.0
GE-0005496,G12,Gestor 12,2026-06,KB-104287,Pyme,Financiación retail,Montevideo,31-60,WhatsApp,True,83.5,0.171,neutro,4,Promesa,31130.0,17481.0
GE-0005497,G12,Gestor 12,2026-06,KB-101418,Corporativo,Tarjeta de crédito,Montevideo,91-180,WhatsApp,True,84.4,0.029,neutro,6,Pago,207830.0,133893.0
GE-0005498,G12,Gestor 12,2026-06,KB-103192,Pyme,Préstamo personal,Tacuarembó,91-180,Llamada,True,78.0,-0.097,dificultad_economica,5,Pago,70210.0,52068.0
GE-0005499,G12,Gestor 12,2026-06,KB-105605,Corporativo,Tarjeta de crédito,Rivera,91-180,WhatsApp,True,84.4,-0.165,dificultad_economica,5,Promesa,245720.0,130033.0
GE-0005500,G12,Gestor 12,2026-06,KB-106716,Pyme,Microcrédito,Montevideo,1-30,Llamada,True,71.1,0.304,neutro,4,Pago,90390.0,81810.0
GE-0005501,G12,Gestor 12,2026-06,KB-108521,Retail,Préstamo personal,Montevideo,1-30,WhatsApp,True,74.4,-0.287,ansiedad,4,Pago,29210.0,23605.0
GE-0005502,G12,Gestor 12,2026-06,KB-108788,Retail,Cuenta corriente,Montevideo,180+,Llamada,True,80.8,-0.362,frustracion,3,Sin acuerdo,14430.0,0.0
GE-0005503,G12,Gestor 12,2026-06,KB-110033,Retail,Tarjeta de crédito,Tacuarembó,31-60,WhatsApp,True,81.1,0.792,intencion_pago,7,Pago,77470.0,73260.0
GE-0005504,G12,Gestor 12,2026-06,KB-108054,Retail,Financiación retail,Durazno,91-180,Llamada,True,72.2,-0.132,ansiedad,5,Promesa,10030.0,5421.0
GE-0005505,G12,Gestor 12,2026-06,KB-106231,Retail,Tarjeta de crédito,Montevideo,91-180,Llamada,True,86.5,-0.418,frustracion,6,Promesa,21070.0,6614.0
GE-0005506,G12,Gestor 12,2026-06,KB-106941,Retail,Crédito automotor,Rocha,1-30,WhatsApp,True,78.2,-0.402,frustracion,4,Sin acuerdo,14330.0,0.0
GE-0005507,G12,Gestor 12,2026-06,KB-111592,Retail,Tarjeta de crédito,San José,31-60,Llamada,True,83.5,0.156,neutro,2,Sin acuerdo,36280.0,0.0
GE-0005508,G12,Gestor 12,2026-06,KB-111837,Pyme,Microcrédito,Montevideo,1-30,WhatsApp,True,74.3,-0.276,ansiedad,3,Promesa,99530.0,51614.0
GE-0005509,G12,Gestor 12,2026-06,KB-108199,Retail,Tarjeta de crédito,San José,31-60,WhatsApp,True,90.6,0.24,neutro,3,Pago,31860.0,24380.0
GE-0005510,G12,Gestor 12,2026-06,KB-100046,Retail,Tarjeta de crédito,Montevideo,1-30,WhatsApp,True,81.1,0.106,objecion,4,Pago,36030.0,26923.0
GE-0005511,G12,Gestor 12,2026-06,KB-105904,Retail,Financiación retail,Colonia,31-60,Llamada,True,70.0,-0.231,frustracion,5,Sin acuerdo,21520.0,0.0
GE-0005512,G12,Gestor 12,2026-06,KB-111562,Retail,Cuenta corriente,Canelones,1-30,Llamada,True,69.0,0.576,intencion_pago,3,Pago,6740.0,5775.0
GE-0005513,G12,Gestor 12,2026-06,KB-101577,Pyme,Préstamo personal,Paysandú,61-90,WhatsApp,True,81.2,0.172,neutro,4,Pago,120820.0,94932.0
GE-0005514,G12,Gestor 12,2026-06,KB-105868,Pyme,Préstamo personal,Paysandú,61-90,WhatsApp,True,84.2,-0.437,frustracion,4,Sin acuerdo,212980.0,0.0
GE-0005515,G12,Gestor 12,2026-06,KB-103931,Retail,Financiación retail,Maldonado,61-90,Llamada,True,81.0,0.106,neutro,4,Pago,18080.0,15915.0
GE-0005516,G12,Gestor 12,2026-06,KB-106609,Pyme,Financiación retail,Montevideo,31-60,WhatsApp,True,90.1,0.065,ansiedad,4,Pago,104000.0,89427.0
GE-0005517,G12,Gestor 12,2026-06,KB-108106,Retail,Microcrédito,Canelones,91-180,WhatsApp,True,85.1,0.006,ansiedad,3,Pago,18160.0,12869.0
GE-0005518,G12,Gestor 12,2026-06,KB-106285,Retail,Tarjeta de crédito,Montevideo,1-30,WhatsApp,True,89.3,0.319,neutro,4,Promesa,23380.0,12306.0
GE-0005519,G12,Gestor 12,2026-06,KB-109238,Corporativo,Financiación retail,Montevideo,1-30,Llamada,True,86.7,0.12,neutro,3,Promesa,4505700.0,2461544.0
